<COLLADA xmlns="http://www.collada.org/2005/11/COLLADASchema" version="1.4.1">
  <asset>
    <created>2026-08-06T10:05:56.676349</created>
    <modified>2026-08-06T10:05:56.676357</modified>
    <up_axis>Y_UP</up_axis>
  </asset>
  <library_effects>
    <effect id="2e9184bd92f94300b51bf1ad528375aa" name="2e9184bd92f94300b51bf1ad528375aa">
      <profile_COMMON>
        <technique sid="common">
          <phong>
            <emission>
              <color>0.0 0.0 0.0 1.0</color>
            </emission>
            <ambient>
              <color>0.0 0.0 0.0 1.0</color>
            </ambient>
            <diffuse>
              <color>0.0 0.0 0.0 1.0</color>
            </diffuse>
            <specular>
              <color>0.0 0.0 0.0 1.0</color>
            </specular>
            <shininess>
              <float>0.0</float>
            </shininess>
            <reflective>
              <color>0.0 0.0 0.0 1.0</color>
            </reflective>
            <reflectivity>
              <float>0.0</float>
            </reflectivity>
            <transparent>
              <color>0.0 0.0 0.0 1.0</color>
            </transparent>
            <transparency>
              <float>1.0</float>
            </transparency>
          </phong>
        </technique>
        <extra>
          <technique profile="GOOGLEEARTH">
            <double_sided>0</double_sided>
          </technique>
        </extra>
      </profile_COMMON>
    </effect>
  </library_effects>
  <library_geometries>
    <geometry id="fafc515b32c24c76b1554dea3e823ce6" name="b0826517791b439990c952c4f612ca1e">
      <mesh>
        <source id="verts-array">
          <float_array count="11772" id="verts-array-array">-112.9658 199.6942 7.445728 -106.6514 213.9562 7.445728 -99.763 211.1037 7.445728 -99.763 211.1037 7.445728 -106.0774 196.8418 7.445728 -112.9658 199.6942 7.445728 -99.763 211.1037 10.44573 -106.6514 213.9562 10.44573 -112.9658 199.6942 10.44573 -112.9658 199.6942 10.44573 -106.0774 196.8418 10.44573 -99.763 211.1037 10.44573 -99.763 211.1037 10.44573 -106.0774 196.8418 10.44573 -99.763 211.1037 7.445728 -99.763 211.1037 7.445728 -106.0774 196.8418 10.44573 -106.0774 196.8418 7.445728 -106.0774 196.8418 10.44573 -112.9658 199.6942 10.44573 -106.0774 196.8418 7.445728 -106.0774 196.8418 7.445728 -112.9658 199.6942 10.44573 -112.9658 199.6942 7.445728 -106.6514 213.9562 10.44573 -99.763 211.1037 10.44573 -106.6514 213.9562 7.445728 -106.6514 213.9562 7.445728 -99.763 211.1037 10.44573 -99.763 211.1037 7.445728 -112.9658 199.6942 10.44573 -106.6514 213.9562 10.44573 -112.9658 199.6942 7.445728 -112.9658 199.6942 7.445728 -106.6514 213.9562 10.44573 -106.6514 213.9562 7.445728 -177.8309 302.381 4.48416 -161.758 304.0924 4.48416 -160.897 294.3942 4.48416 -160.897 294.3942 4.48416 -176.9699 292.6829 4.48416 -177.8309 302.381 4.48416 -160.897 294.3942 7.48416 -161.758 304.0924 7.48416 -177.8309 302.381 7.48416 -177.8309 302.381 7.48416 -176.9699 292.6829 7.48416 -160.897 294.3942 7.48416 -160.897 294.3942 7.48416 -176.9699 292.6829 7.48416 -160.897 294.3942 4.48416 -160.897 294.3942 4.48416 -176.9699 292.6829 7.48416 -176.9699 292.6829 4.48416 -176.9699 292.6829 7.48416 -177.8309 302.381 7.48416 -176.9699 292.6829 4.48416 -176.9699 292.6829 4.48416 -177.8309 302.381 7.48416 -177.8309 302.381 4.48416 -161.758 304.0924 7.48416 -160.897 294.3942 7.48416 -161.758 304.0924 4.48416 -161.758 304.0924 4.48416 -160.897 294.3942 7.48416 -160.897 294.3942 4.48416 -177.8309 302.381 7.48416 -161.758 304.0924 7.48416 -177.8309 302.381 4.48416 -177.8309 302.381 4.48416 -161.758 304.0924 7.48416 -161.758 304.0924 4.48416 -129.0397 47.09084 4.087495 -121.8642 53.08084 4.087495 -112.6796 42.24167 4.087495 -112.6796 42.24167 4.087495 -119.8551 36.25167 4.087495 -129.0397 47.09084 4.087495 -112.6796 42.24167 7.087495 -121.8642 53.08084 7.087495 -129.0397 47.09084 7.087495 -129.0397 47.09084 7.087495 -119.8551 36.25167 7.087495 -112.6796 42.24167 7.087495 -112.6796 42.24167 7.087495 -119.8551 36.25167 7.087495 -112.6796 42.24167 4.087495 -112.6796 42.24167 4.087495 -119.8551 36.25167 7.087495 -119.8551 36.25167 4.087495 -119.8551 36.25167 7.087495 -129.0397 47.09084 7.087495 -119.8551 36.25167 4.087495 -119.8551 36.25167 4.087495 -129.0397 47.09084 7.087495 -129.0397 47.09084 4.087495 -121.8642 53.08084 7.087495 -112.6796 42.24167 7.087495 -121.8642 53.08084 4.087495 -121.8642 53.08084 4.087495 -112.6796 42.24167 7.087495 -112.6796 42.24167 4.087495 -129.0397 47.09084 7.087495 -121.8642 53.08084 7.087495 -129.0397 47.09084 4.087495 -129.0397 47.09084 4.087495 -121.8642 53.08084 7.087495 -121.8642 53.08084 4.087495 -5.908405 305.518 1.182284 -4.473324 313.7899 1.182284 8.729399 311.2228 1.182284 8.729399 311.2228 1.182284 7.007307 303.2361 1.182284 -5.908405 305.518 1.182284 8.729399 311.2228 4.182284 -4.473324 313.7899 4.182284 -5.908405 305.518 4.182284 -5.908405 305.518 4.182284 7.007307 303.2361 4.182284 8.729399 311.2228 4.182284 8.729399 311.2228 4.182284 7.007307 303.2361 4.182284 8.729399 311.2228 1.182284 8.729399 311.2228 1.182284 7.007307 303.2361 4.182284 7.007307 303.2361 1.182284 7.007307 303.2361 4.182284 -5.908405 305.518 4.182284 7.007307 303.2361 1.182284 7.007307 303.2361 1.182284 -5.908405 305.518 4.182284 -5.908405 305.518 1.182284 -4.473324 313.7899 4.182284 8.729399 311.2228 4.182284 -4.473324 313.7899 1.182284 -4.473324 313.7899 1.182284 8.729399 311.2228 4.182284 8.729399 311.2228 1.182284 -5.908405 305.518 4.182284 -4.473324 313.7899 4.182284 -5.908405 305.518 1.182284 -5.908405 305.518 1.182284 -4.473324 313.7899 4.182284 -4.473324 313.7899 1.182284 -170.3704 53.93688 6.215043 -166.6391 63.06454 6.215043 -156.5934 59.0711 6.215043 -156.5934 59.0711 6.215043 -160.0377 49.94344 6.215043 -170.3704 53.93688 6.215043 -156.5934 59.0711 9.215043 -166.6391 63.06454 9.215043 -170.3704 53.93688 9.215043 -170.3704 53.93688 9.215043 -160.0377 49.94344 9.215043 -156.5934 59.0711 9.215043 -156.5934 59.0711 9.215043 -160.0377 49.94344 9.215043 -156.5934 59.0711 6.215043 -156.5934 59.0711 6.215043 -160.0377 49.94344 9.215043 -160.0377 49.94344 6.215043 -160.0377 49.94344 9.215043 -170.3704 53.93688 9.215043 -160.0377 49.94344 6.215043 -160.0377 49.94344 6.215043 -170.3704 53.93688 9.215043 -170.3704 53.93688 6.215043 -166.6391 63.06454 9.215043 -156.5934 59.0711 9.215043 -166.6391 63.06454 6.215043 -166.6391 63.06454 6.215043 -156.5934 59.0711 9.215043 -156.5934 59.0711 6.215043 -170.3704 53.93688 9.215043 -166.6391 63.06454 9.215043 -170.3704 53.93688 6.215043 -170.3704 53.93688 6.215043 -166.6391 63.06454 9.215043 -166.6391 63.06454 6.215043 -98.32839 104.9944 5.929113 -90.29183 115.263 5.929113 -73.64481 102.1419 5.929113 -73.64481 102.1419 5.929113 -81.68137 91.87331 5.929113 -98.32839 104.9944 5.929113 -73.64481 102.1419 8.929113 -90.29183 115.263 8.929113 -98.32839 104.9944 8.929113 -98.32839 104.9944 8.929113 -81.68137 91.87331 8.929113 -73.64481 102.1419 8.929113 -73.64481 102.1419 8.929113 -81.68137 91.87331 8.929113 -73.64481 102.1419 5.929113 -73.64481 102.1419 5.929113 -81.68137 91.87331 8.929113 -81.68137 91.87331 5.929113 -81.68137 91.87331 8.929113 -98.32839 104.9944 8.929113 -81.68137 91.87331 5.929113 -81.68137 91.87331 5.929113 -98.32839 104.9944 8.929113 -98.32839 104.9944 5.929113 -90.29183 115.263 8.929113 -73.64481 102.1419 8.929113 -90.29183 115.263 5.929113 -90.29183 115.263 5.929113 -73.64481 102.1419 8.929113 -73.64481 102.1419 5.929113 -98.32839 104.9944 8.929113 -90.29183 115.263 8.929113 -98.32839 104.9944 5.929113 -98.32839 104.9944 5.929113 -90.29183 115.263 8.929113 -90.29183 115.263 5.929113 -54.98863 95.2961 4.220017 -49.53527 101.2861 4.220017 -39.20262 92.15843 4.220017 -39.20262 92.15843 4.220017 -44.65598 86.1684 4.220017 -54.98863 95.2961 4.220017 -39.20262 92.15843 7.220017 -49.53527 101.2861 7.220017 -54.98863 95.2961 7.220017 -54.98863 95.2961 7.220017 -44.65598 86.1684 7.220017 -39.20262 92.15843 7.220017 -39.20262 92.15843 7.220017 -44.65598 86.1684 7.220017 -39.20262 92.15843 4.220017 -39.20262 92.15843 4.220017 -44.65598 86.1684 7.220017 -44.65598 86.1684 4.220017 -44.65598 86.1684 7.220017 -54.98863 95.2961 7.220017 -44.65598 86.1684 4.220017 -44.65598 86.1684 4.220017 -54.98863 95.2961 7.220017 -54.98863 95.2961 4.220017 -49.53527 101.2861 7.220017 -39.20262 92.15843 7.220017 -49.53527 101.2861 4.220017 -49.53527 101.2861 4.220017 -39.20262 92.15843 7.220017 -39.20262 92.15843 4.220017 -54.98863 95.2961 7.220017 -49.53527 101.2861 7.220017 -54.98863 95.2961 4.220017 -54.98863 95.2961 4.220017 -49.53527 101.2861 7.220017 -49.53527 101.2861 4.220017 42.31037 241.6242 0.3358387 57.80926 246.4734 0.3358387 62.40157 231.3556 0.3358387 62.40157 231.3556 0.3358387 47.18969 226.7918 0.3358387 42.31037 241.6242 0.3358387 62.40157 231.3556 3.335839 57.80926 246.4734 3.335839 42.31037 241.6242 3.335839 42.31037 241.6242 3.335839 47.18969 226.7918 3.335839 62.40157 231.3556 3.335839 62.40157 231.3556 3.335839 47.18969 226.7918 3.335839 62.40157 231.3556 0.3358387 62.40157 231.3556 0.3358387 47.18969 226.7918 3.335839 47.18969 226.7918 0.3358387 47.18969 226.7918 3.335839 42.31037 241.6242 3.335839 47.18969 226.7918 0.3358387 47.18969 226.7918 0.3358387 42.31037 241.6242 3.335839 42.31037 241.6242 0.3358387 57.80926 246.4734 3.335839 62.40157 231.3556 3.335839 57.80926 246.4734 0.3358387 57.80926 246.4734 0.3358387 62.40157 231.3556 3.335839 62.40157 231.3556 0.3358387 42.31037 241.6242 3.335839 57.80926 246.4734 3.335839 42.31037 241.6242 0.3358387 42.31037 241.6242 0.3358387 57.80926 246.4734 3.335839 57.80926 246.4734 0.3358387 100.5748 225.651 -1.547372 118.0828 230.7854 -1.547372 119.805 225.0806 -1.547372 119.805 225.0806 -1.547372 102.297 219.9462 -1.547372 100.5748 225.651 -1.547372 119.805 225.0806 1.452628 118.0828 230.7854 1.452628 100.5748 225.651 1.452628 100.5748 225.651 1.452628 102.297 219.9462 1.452628 119.805 225.0806 1.452628 119.805 225.0806 1.452628 102.297 219.9462 1.452628 119.805 225.0806 -1.547372 119.805 225.0806 -1.547372 102.297 219.9462 1.452628 102.297 219.9462 -1.547372 102.297 219.9462 1.452628 100.5748 225.651 1.452628 102.297 219.9462 -1.547372 102.297 219.9462 -1.547372 100.5748 225.651 1.452628 100.5748 225.651 -1.547372 118.0828 230.7854 1.452628 119.805 225.0806 1.452628 118.0828 230.7854 -1.547372 118.0828 230.7854 -1.547372 119.805 225.0806 1.452628 119.805 225.0806 -1.547372 100.5748 225.651 1.452628 118.0828 230.7854 1.452628 100.5748 225.651 -1.547372 100.5748 225.651 -1.547372 118.0828 230.7854 1.452628 118.0828 230.7854 -1.547372 -75.65404 74.47364 3.33558 -68.76556 81.88986 3.33558 -54.70168 69.05402 3.33558 -54.70168 69.05402 3.33558 -61.59015 61.63779 3.33558 -75.65404 74.47364 3.33558 -54.70168 69.05402 6.33558 -68.76556 81.88986 6.33558 -75.65404 74.47364 6.33558 -75.65404 74.47364 6.33558 -61.59015 61.63779 6.33558 -54.70168 69.05402 6.33558 -54.70168 69.05402 6.33558 -61.59015 61.63779 6.33558 -54.70168 69.05402 3.33558 -54.70168 69.05402 3.33558 -61.59015 61.63779 6.33558 -61.59015 61.63779 3.33558 -61.59015 61.63779 6.33558 -75.65404 74.47364 6.33558 -61.59015 61.63779 3.33558 -61.59015 61.63779 3.33558 -75.65404 74.47364 6.33558 -75.65404 74.47364 3.33558 -68.76556 81.88986 6.33558 -54.70168 69.05402 6.33558 -68.76556 81.88986 3.33558 -68.76556 81.88986 3.33558 -54.70168 69.05402 6.33558 -54.70168 69.05402 3.33558 -75.65404 74.47364 6.33558 -68.76556 81.88986 6.33558 -75.65404 74.47364 3.33558 -75.65404 74.47364 3.33558 -68.76556 81.88986 6.33558 -68.76556 81.88986 3.33558 -115.2624 114.1222 7.80152 -103.7816 131.5218 7.80152 -99.18934 128.3841 7.80152 -99.18934 128.3841 7.80152 -110.6701 111.2698 7.80152 -115.2624 114.1222 7.80152 -99.18934 128.3841 10.80152 -103.7816 131.5218 10.80152 -115.2624 114.1222 10.80152 -115.2624 114.1222 10.80152 -110.6701 111.2698 10.80152 -99.18934 128.3841 10.80152 -99.18934 128.3841 10.80152 -110.6701 111.2698 10.80152 -99.18934 128.3841 7.80152 -99.18934 128.3841 7.80152 -110.6701 111.2698 10.80152 -110.6701 111.2698 7.80152 -110.6701 111.2698 10.80152 -115.2624 114.1222 10.80152 -110.6701 111.2698 7.80152 -110.6701 111.2698 7.80152 -115.2624 114.1222 10.80152 -115.2624 114.1222 7.80152 -103.7816 131.5218 10.80152 -99.18934 128.3841 10.80152 -103.7816 131.5218 7.80152 -103.7816 131.5218 7.80152 -99.18934 128.3841 10.80152 -99.18934 128.3841 7.80152 -115.2624 114.1222 10.80152 -103.7816 131.5218 10.80152 -115.2624 114.1222 7.80152 -115.2624 114.1222 7.80152 -103.7816 131.5218 10.80152 -103.7816 131.5218 7.80152 -169.7967 6.587031 3.806247 -158.6029 16.28511 3.806247 -152.2885 8.868824 3.806247 -152.2885 8.868824 3.806247 -163.1953 -0.5440199 3.806247 -169.7967 6.587031 3.806247 -152.2885 8.868824 6.806247 -158.6029 16.28511 6.806247 -169.7967 6.587031 6.806247 -169.7967 6.587031 6.806247 -163.1953 -0.5440199 6.806247 -152.2885 8.868824 6.806247 -152.2885 8.868824 6.806247 -163.1953 -0.5440199 6.806247 -152.2885 8.868824 3.806247 -152.2885 8.868824 3.806247 -163.1953 -0.5440199 6.806247 -163.1953 -0.5440199 3.806247 -163.1953 -0.5440199 6.806247 -169.7967 6.587031 6.806247 -163.1953 -0.5440199 3.806247 -163.1953 -0.5440199 3.806247 -169.7967 6.587031 6.806247 -169.7967 6.587031 3.806247 -158.6029 16.28511 6.806247 -152.2885 8.868824 6.806247 -158.6029 16.28511 3.806247 -158.6029 16.28511 3.806247 -152.2885 8.868824 6.806247 -152.2885 8.868824 3.806247 -169.7967 6.587031 6.806247 -158.6029 16.28511 6.806247 -169.7967 6.587031 3.806247 -169.7967 6.587031 3.806247 -158.6029 16.28511 6.806247 -158.6029 16.28511 3.806247 -133.0564 310.3675 4.760726 -130.7602 319.4951 4.760726 -119.8536 316.9279 4.760726 -119.8536 316.9279 4.760726 -122.1498 307.515 4.760726 -133.0564 310.3675 4.760726 -119.8536 316.9279 7.760726 -130.7602 319.4951 7.760726 -133.0564 310.3675 7.760726 -133.0564 310.3675 7.760726 -122.1498 307.515 7.760726 -119.8536 316.9279 7.760726 -119.8536 316.9279 7.760726 -122.1498 307.515 7.760726 -119.8536 316.9279 4.760726 -119.8536 316.9279 4.760726 -122.1498 307.515 7.760726 -122.1498 307.515 4.760726 -122.1498 307.515 7.760726 -133.0564 310.3675 7.760726 -122.1498 307.515 4.760726 -122.1498 307.515 4.760726 -133.0564 310.3675 7.760726 -133.0564 310.3675 4.760726 -130.7602 319.4951 7.760726 -119.8536 316.9279 7.760726 -130.7602 319.4951 4.760726 -130.7602 319.4951 4.760726 -119.8536 316.9279 7.760726 -119.8536 316.9279 4.760726 -133.0564 310.3675 7.760726 -130.7602 319.4951 7.760726 -133.0564 310.3675 4.760726 -133.0564 310.3675 4.760726 -130.7602 319.4951 7.760726 -130.7602 319.4951 4.760726 103.445 220.2314 -1.560336 115.7867 223.9396 -1.560336 118.944 213.9562 -1.560336 118.944 213.9562 -1.560336 106.6023 210.248 -1.560336 103.445 220.2314 -1.560336 118.944 213.9562 1.439664 115.7867 223.9396 1.439664 103.445 220.2314 1.439664 103.445 220.2314 1.439664 106.6023 210.248 1.439664 118.944 213.9562 1.439664 118.944 213.9562 1.439664 106.6023 210.248 1.439664 118.944 213.9562 -1.560336 118.944 213.9562 -1.560336 106.6023 210.248 1.439664 106.6023 210.248 -1.560336 106.6023 210.248 1.439664 103.445 220.2314 1.439664 106.6023 210.248 -1.560336 106.6023 210.248 -1.560336 103.445 220.2314 1.439664 103.445 220.2314 -1.560336 115.7867 223.9396 1.439664 118.944 213.9562 1.439664 115.7867 223.9396 -1.560336 115.7867 223.9396 -1.560336 118.944 213.9562 1.439664 118.944 213.9562 -1.560336 103.445 220.2314 1.439664 115.7867 223.9396 1.439664 103.445 220.2314 -1.560336 103.445 220.2314 -1.560336 115.7867 223.9396 1.439664 115.7867 223.9396 -1.560336 -145.1128 34.54038 3.999088 -140.5205 39.38943 3.999088 -127.6047 27.69451 3.999088 -127.6047 27.69451 3.999088 -131.91 22.84546 3.999088 -145.1128 34.54038 3.999088 -127.6047 27.69451 6.999088 -140.5205 39.38943 6.999088 -145.1128 34.54038 6.999088 -145.1128 34.54038 6.999088 -131.91 22.84546 6.999088 -127.6047 27.69451 6.999088 -127.6047 27.69451 6.999088 -131.91 22.84546 6.999088 -127.6047 27.69451 3.999088 -127.6047 27.69451 3.999088 -131.91 22.84546 6.999088 -131.91 22.84546 3.999088 -131.91 22.84546 6.999088 -145.1128 34.54038 6.999088 -131.91 22.84546 3.999088 -131.91 22.84546 3.999088 -145.1128 34.54038 6.999088 -145.1128 34.54038 3.999088 -140.5205 39.38943 6.999088 -127.6047 27.69451 6.999088 -140.5205 39.38943 3.999088 -140.5205 39.38943 3.999088 -127.6047 27.69451 6.999088 -127.6047 27.69451 3.999088 -145.1128 34.54038 6.999088 -140.5205 39.38943 6.999088 -145.1128 34.54038 3.999088 -145.1128 34.54038 3.999088 -140.5205 39.38943 6.999088 -140.5205 39.38943 3.999088 -83.69038 123.535 6.068477 -70.48749 140.3641 6.068477 -62.16399 133.8035 6.068477 -62.16399 133.8035 6.068477 -75.36687 117.2596 6.068477 -83.69038 123.535 6.068477 -62.16399 133.8035 9.068477 -70.48749 140.3641 9.068477 -83.69038 123.535 9.068477 -83.69038 123.535 9.068477 -75.36687 117.2596 9.068477 -62.16399 133.8035 9.068477 -62.16399 133.8035 9.068477 -75.36687 117.2596 9.068477 -62.16399 133.8035 6.068477 -62.16399 133.8035 6.068477 -75.36687 117.2596 9.068477 -75.36687 117.2596 6.068477 -75.36687 117.2596 9.068477 -83.69038 123.535 9.068477 -75.36687 117.2596 6.068477 -75.36687 117.2596 6.068477 -83.69038 123.535 9.068477 -83.69038 123.535 6.068477 -70.48749 140.3641 9.068477 -62.16399 133.8035 9.068477 -70.48749 140.3641 6.068477 -70.48749 140.3641 6.068477 -62.16399 133.8035 9.068477 -62.16399 133.8035 6.068477 -83.69038 123.535 9.068477 -70.48749 140.3641 9.068477 -83.69038 123.535 6.068477 -83.69038 123.535 6.068477 -70.48749 140.3641 9.068477 -70.48749 140.3641 6.068477 113.4907 210.5333 -1.742013 128.9896 214.5268 -1.742013 133.2949 198.5533 -1.742013 133.2949 198.5533 -1.742013 117.796 194.5599 -1.742013 113.4907 210.5333 -1.742013 133.2949 198.5533 1.257987 128.9896 214.5268 1.257987 113.4907 210.5333 1.257987 113.4907 210.5333 1.257987 117.796 194.5599 1.257987 133.2949 198.5533 1.257987 133.2949 198.5533 1.257987 117.796 194.5599 1.257987 133.2949 198.5533 -1.742013 133.2949 198.5533 -1.742013 117.796 194.5599 1.257987 117.796 194.5599 -1.742013 117.796 194.5599 1.257987 113.4907 210.5333 1.257987 117.796 194.5599 -1.742013 117.796 194.5599 -1.742013 113.4907 210.5333 1.257987 113.4907 210.5333 -1.742013 128.9896 214.5268 1.257987 133.2949 198.5533 1.257987 128.9896 214.5268 -1.742013 128.9896 214.5268 -1.742013 133.2949 198.5533 1.257987 133.2949 198.5533 -1.742013 113.4907 210.5333 1.257987 128.9896 214.5268 1.257987 113.4907 210.5333 -1.742013 113.4907 210.5333 -1.742013 128.9896 214.5268 1.257987 128.9896 214.5268 -1.742013 19.06201 259.8796 1.10432 34.84791 261.591 1.10432 36.57003 247.329 1.10432 36.57003 247.329 1.10432 20.78412 245.3323 1.10432 19.06201 259.8796 1.10432 36.57003 247.329 4.10432 34.84791 261.591 4.10432 19.06201 259.8796 4.10432 19.06201 259.8796 4.10432 20.78412 245.3323 4.10432 36.57003 247.329 4.10432 36.57003 247.329 4.10432 20.78412 245.3323 4.10432 36.57003 247.329 1.10432 36.57003 247.329 1.10432 20.78412 245.3323 4.10432 20.78412 245.3323 1.10432 20.78412 245.3323 4.10432 19.06201 259.8796 4.10432 20.78412 245.3323 1.10432 20.78412 245.3323 1.10432 19.06201 259.8796 4.10432 19.06201 259.8796 1.10432 34.84791 261.591 4.10432 36.57003 247.329 4.10432 34.84791 261.591 1.10432 34.84791 261.591 1.10432 36.57003 247.329 4.10432 36.57003 247.329 1.10432 19.06201 259.8796 4.10432 34.84791 261.591 4.10432 19.06201 259.8796 1.10432 19.06201 259.8796 1.10432 34.84791 261.591 4.10432 34.84791 261.591 1.10432 -211.1267 98.43468 4.299242 -205.0992 111.2704 4.299242 -194.7666 106.7065 4.299242 -194.7666 106.7065 4.299242 -200.7941 93.5855 4.299242 -211.1267 98.43468 4.299242 -194.7666 106.7065 7.299242 -205.0992 111.2704 7.299242 -211.1267 98.43468 7.299242 -211.1267 98.43468 7.299242 -200.7941 93.5855 7.299242 -194.7666 106.7065 7.299242 -194.7666 106.7065 7.299242 -200.7941 93.5855 7.299242 -194.7666 106.7065 4.299242 -194.7666 106.7065 4.299242 -200.7941 93.5855 7.299242 -200.7941 93.5855 4.299242 -200.7941 93.5855 7.299242 -211.1267 98.43468 7.299242 -200.7941 93.5855 4.299242 -200.7941 93.5855 4.299242 -211.1267 98.43468 7.299242 -211.1267 98.43468 4.299242 -205.0992 111.2704 7.299242 -194.7666 106.7065 7.299242 -205.0992 111.2704 4.299242 -205.0992 111.2704 4.299242 -194.7666 106.7065 7.299242 -194.7666 106.7065 4.299242 -211.1267 98.43468 7.299242 -205.0992 111.2704 7.299242 -211.1267 98.43468 4.299242 -211.1267 98.43468 4.299242 -205.0992 111.2704 7.299242 -205.0992 111.2704 4.299242 52.92994 263.5877 0.2245642 62.40147 266.4402 0.2245642 67.28079 250.752 0.2245642 67.28079 250.752 0.2245642 57.52224 247.8996 0.2245642 52.92994 263.5877 0.2245642 67.28079 250.752 3.224564 62.40147 266.4402 3.224564 52.92994 263.5877 3.224564 52.92994 263.5877 3.224564 57.52224 247.8996 3.224564 67.28079 250.752 3.224564 67.28079 250.752 3.224564 57.52224 247.8996 3.224564 67.28079 250.752 0.2245642 67.28079 250.752 0.2245642 57.52224 247.8996 3.224564 57.52224 247.8996 0.2245642 57.52224 247.8996 3.224564 52.92994 263.5877 3.224564 57.52224 247.8996 0.2245642 57.52224 247.8996 0.2245642 52.92994 263.5877 3.224564 52.92994 263.5877 0.2245642 62.40147 266.4402 3.224564 67.28079 250.752 3.224564 62.40147 266.4402 0.2245642 62.40147 266.4402 0.2245642 67.28079 250.752 3.224564 67.28079 250.752 0.2245642 52.92994 263.5877 3.224564 62.40147 266.4402 3.224564 52.92994 263.5877 0.2245642 52.92994 263.5877 0.2245642 62.40147 266.4402 3.224564 62.40147 266.4402 0.2245642 -6.769472 241.9094 1.917635 -5.047369 253.8895 1.917635 4.424175 252.4633 1.917635 4.424175 252.4633 1.917635 2.702077 240.4832 1.917635 -6.769472 241.9094 1.917635 4.424175 252.4633 4.917635 -5.047369 253.8895 4.917635 -6.769472 241.9094 4.917635 -6.769472 241.9094 4.917635 2.702077 240.4832 4.917635 4.424175 252.4633 4.917635 4.424175 252.4633 4.917635 2.702077 240.4832 4.917635 4.424175 252.4633 1.917635 4.424175 252.4633 1.917635 2.702077 240.4832 4.917635 2.702077 240.4832 1.917635 2.702077 240.4832 4.917635 -6.769472 241.9094 4.917635 2.702077 240.4832 1.917635 2.702077 240.4832 1.917635 -6.769472 241.9094 4.917635 -6.769472 241.9094 1.917635 -5.047369 253.8895 4.917635 4.424175 252.4633 4.917635 -5.047369 253.8895 1.917635 -5.047369 253.8895 1.917635 4.424175 252.4633 4.917635 4.424175 252.4633 1.917635 -6.769472 241.9094 4.917635 -5.047369 253.8895 4.917635 -6.769472 241.9094 1.917635 -6.769472 241.9094 1.917635 -5.047369 253.8895 4.917635 -5.047369 253.8895 1.917635 -130.187 172.026 7.777572 -121.2894 193.419 7.777572 -114.401 190.5665 7.777572 -114.401 190.5665 7.777572 -123.2986 169.4588 7.777572 -130.187 172.026 7.777572 -114.401 190.5665 10.77757 -121.2894 193.419 10.77757 -130.187 172.026 10.77757 -130.187 172.026 10.77757 -123.2986 169.4588 10.77757 -114.401 190.5665 10.77757 -114.401 190.5665 10.77757 -123.2986 169.4588 10.77757 -114.401 190.5665 7.777572 -114.401 190.5665 7.777572 -123.2986 169.4588 10.77757 -123.2986 169.4588 7.777572 -123.2986 169.4588 10.77757 -130.187 172.026 10.77757 -123.2986 169.4588 7.777572 -123.2986 169.4588 7.777572 -130.187 172.026 10.77757 -130.187 172.026 7.777572 -121.2894 193.419 10.77757 -114.401 190.5665 10.77757 -121.2894 193.419 7.777572 -121.2894 193.419 7.777572 -114.401 190.5665 10.77757 -114.401 190.5665 7.777572 -130.187 172.026 10.77757 -121.2894 193.419 10.77757 -130.187 172.026 7.777572 -130.187 172.026 7.777572 -121.2894 193.419 10.77757 -121.2894 193.419 7.777572 -11.07482 43.95283 -0.03381715 41.44966 60.78203 -0.03381715 43.17179 55.36247 -0.03381715 43.17179 55.36247 -0.03381715 -9.352708 38.53327 -0.03381715 -11.07482 43.95283 -0.03381715 43.17179 55.36247 2.966183 41.44966 60.78203 2.966183 -11.07482 43.95283 2.966183 -11.07482 43.95283 2.966183 -9.352708 38.53327 2.966183 43.17179 55.36247 2.966183 43.17179 55.36247 2.966183 -9.352708 38.53327 2.966183 43.17179 55.36247 -0.03381715 43.17179 55.36247 -0.03381715 -9.352708 38.53327 2.966183 -9.352708 38.53327 -0.03381715 -9.352708 38.53327 2.966183 -11.07482 43.95283 2.966183 -9.352708 38.53327 -0.03381715 -9.352708 38.53327 -0.03381715 -11.07482 43.95283 2.966183 -11.07482 43.95283 -0.03381715 41.44966 60.78203 2.966183 43.17179 55.36247 2.966183 41.44966 60.78203 -0.03381715 41.44966 60.78203 -0.03381715 43.17179 55.36247 2.966183 43.17179 55.36247 -0.03381715 -11.07482 43.95283 2.966183 41.44966 60.78203 2.966183 -11.07482 43.95283 -0.03381715 -11.07482 43.95283 -0.03381715 41.44966 60.78203 2.966183 41.44966 60.78203 -0.03381715 102.8716 78.46711 0.4397315 137.0268 89.02118 0.4397315 138.1749 84.45734 0.4397315 138.1749 84.45734 0.4397315 104.3068 73.90328 0.4397315 102.8716 78.46711 0.4397315 138.1749 84.45734 3.439732 137.0268 89.02118 3.439732 102.8716 78.46711 3.439732 102.8716 78.46711 3.439732 104.3068 73.90328 3.439732 138.1749 84.45734 3.439732 138.1749 84.45734 3.439732 104.3068 73.90328 3.439732 138.1749 84.45734 0.4397315 138.1749 84.45734 0.4397315 104.3068 73.90328 3.439732 104.3068 73.90328 0.4397315 104.3068 73.90328 3.439732 102.8716 78.46711 3.439732 104.3068 73.90328 0.4397315 104.3068 73.90328 0.4397315 102.8716 78.46711 3.439732 102.8716 78.46711 0.4397315 137.0268 89.02118 3.439732 138.1749 84.45734 3.439732 137.0268 89.02118 0.4397315 137.0268 89.02118 0.4397315 138.1749 84.45734 3.439732 138.1749 84.45734 0.4397315 102.8716 78.46711 3.439732 137.0268 89.02118 3.439732 102.8716 78.46711 0.4397315 102.8716 78.46711 0.4397315 137.0268 89.02118 3.439732 137.0268 89.02118 0.4397315 -36.90643 116.1186 3.677867 -28.29588 118.6857 3.677867 -17.67623 82.74548 3.677867 -17.67623 82.74548 3.677867 -25.99978 80.17833 3.677867 -36.90643 116.1186 3.677867 -17.67623 82.74548 6.777867 -28.29588 118.6857 6.777867 -36.90643 116.1186 6.777867 -36.90643 116.1186 6.777867 -25.99978 80.17833 6.777867 -17.67623 82.74548 6.777867 -17.67623 82.74548 6.777867 -25.99978 80.17833 6.777867 -17.67623 82.74548 3.677867 -17.67623 82.74548 3.677867 -25.99978 80.17833 6.777867 -25.99978 80.17833 3.677867 -25.99978 80.17833 6.777867 -36.90643 116.1186 6.777867 -25.99978 80.17833 3.677867 -25.99978 80.17833 3.677867 -36.90643 116.1186 6.777867 -36.90643 116.1186 3.677867 -28.29588 118.6857 6.777867 -17.67623 82.74548 6.777867 -28.29588 118.6857 3.677867 -28.29588 118.6857 3.677867 -17.67623 82.74548 6.777867 -17.67623 82.74548 3.677867 -36.90643 116.1186 6.777867 -28.29588 118.6857 6.777867 -36.90643 116.1186 3.677867 -36.90643 116.1186 3.677867 -28.29588 118.6857 6.777867 -28.29588 118.6857 3.677867 109.4719 306.0887 -1.074183 128.415 312.0789 -1.074183 131.2852 302.9512 -1.074183 131.2852 302.9512 -1.074183 112.3422 297.2463 -1.074183 109.4719 306.0887 -1.074183 131.2852 302.9512 1.925817 128.415 312.0789 1.925817 109.4719 306.0887 1.925817 109.4719 306.0887 1.925817 112.3422 297.2463 1.925817 131.2852 302.9512 1.925817 131.2852 302.9512 1.925817 112.3422 297.2463 1.925817 131.2852 302.9512 -1.074183 131.2852 302.9512 -1.074183 112.3422 297.2463 1.925817 112.3422 297.2463 -1.074183 112.3422 297.2463 1.925817 109.4719 306.0887 1.925817 112.3422 297.2463 -1.074183 112.3422 297.2463 -1.074183 109.4719 306.0887 1.925817 109.4719 306.0887 -1.074183 128.415 312.0789 1.925817 131.2852 302.9512 1.925817 128.415 312.0789 -1.074183 128.415 312.0789 -1.074183 131.2852 302.9512 1.925817 131.2852 302.9512 -1.074183 109.4719 306.0887 1.925817 128.415 312.0789 1.925817 109.4719 306.0887 -1.074183 109.4719 306.0887 -1.074183 128.415 312.0789 1.925817 128.415 312.0789 -1.074183 151.3765 269.293 -0.7605249 175.4858 275.8537 -0.7605249 178.069 266.1556 -0.7605249 178.069 266.1556 -0.7605249 153.9597 259.5949 -0.7605249 151.3765 269.293 -0.7605249 178.069 266.1556 2.239475 175.4858 275.8537 2.239475 151.3765 269.293 2.239475 151.3765 269.293 2.239475 153.9597 259.5949 2.239475 178.069 266.1556 2.239475 178.069 266.1556 2.239475 153.9597 259.5949 2.239475 178.069 266.1556 -0.7605249 178.069 266.1556 -0.7605249 153.9597 259.5949 2.239475 153.9597 259.5949 -0.7605249 153.9597 259.5949 2.239475 151.3765 269.293 2.239475 153.9597 259.5949 -0.7605249 153.9597 259.5949 -0.7605249 151.3765 269.293 2.239475 151.3765 269.293 -0.7605249 175.4858 275.8537 2.239475 178.069 266.1556 2.239475 175.4858 275.8537 -0.7605249 175.4858 275.8537 -0.7605249 178.069 266.1556 2.239475 178.069 266.1556 -0.7605249 151.3765 269.293 2.239475 175.4858 275.8537 2.239475 151.3765 269.293 -0.7605249 151.3765 269.293 -0.7605249 175.4858 275.8537 2.239475 175.4858 275.8537 -0.7605249 205.6243 79.89403 1.112062 207.3465 74.18924 1.112062 171.1822 63.63505 1.112062 195.5787 76.9623 1.112062 195.5787 77.04153 1.112062 205.6243 79.89403 1.112062 171.1822 63.63505 1.112062 169.4601 69.33984 1.112062 195.5787 76.9623 1.112062 195.5787 76.9623 1.112062 205.6243 79.89403 1.112062 171.1822 63.63505 1.112062 171.1822 63.63505 4.112062 207.3465 74.18924 4.112062 205.6243 79.89403 4.112062 205.6243 79.89403 4.112062 195.5787 77.04153 4.112062 195.5787 76.9623 4.112062 195.5787 76.9623 4.112062 169.4601 69.33984 4.112062 171.1822 63.63505 4.112062 171.1822 63.63505 4.112062 205.6243 79.89403 4.112062 195.5787 76.9623 4.112062 171.1822 63.63505 4.112062 169.4601 69.33984 4.112062 171.1822 63.63505 1.112062 171.1822 63.63505 1.112062 169.4601 69.33984 4.112062 169.4601 69.33984 1.112062 169.4601 69.33984 4.112062 195.5787 76.9623 4.112062 169.4601 69.33984 1.112062 169.4601 69.33984 1.112062 195.5787 76.9623 4.112062 195.5787 76.9623 1.112062 195.5787 76.9623 4.112062 195.5787 77.04153 4.112062 195.5787 76.9623 1.112062 195.5787 76.9623 1.112062 195.5787 77.04153 4.112062 195.5787 77.04153 1.112062 195.5787 77.04153 4.112062 205.6243 79.89403 4.112062 195.5787 77.04153 1.112062 195.5787 77.04153 1.112062 205.6243 79.89403 4.112062 205.6243 79.89403 1.112062 207.3465 74.18924 4.112062 171.1822 63.63505 4.112062 207.3465 74.18924 1.112062 207.3465 74.18924 1.112062 171.1822 63.63505 4.112062 171.1822 63.63505 1.112062 205.6243 79.89403 4.112062 207.3465 74.18924 4.112062 205.6243 79.89403 1.112062 205.6243 79.89403 1.112062 207.3465 74.18924 4.112062 207.3465 74.18924 1.112062 -11.64887 14.85834 -0.563183 97.41844 43.95304 -0.563183 100.5757 31.97297 -0.563183 100.5757 31.97297 -0.563183 -8.491663 2.878262 -0.563183 -11.64887 14.85834 -0.563183 100.5757 31.97297 2.436817 97.41844 43.95304 2.436817 -11.64887 14.85834 2.436817 -11.64887 14.85834 2.436817 -8.491663 2.878262 2.436817 100.5757 31.97297 2.436817 100.5757 31.97297 2.436817 -8.491663 2.878262 2.436817 100.5757 31.97297 -0.563183 100.5757 31.97297 -0.563183 -8.491663 2.878262 2.436817 -8.491663 2.878262 -0.563183 -8.491663 2.878262 2.436817 -11.64887 14.85834 2.436817 -8.491663 2.878262 -0.563183 -8.491663 2.878262 -0.563183 -11.64887 14.85834 2.436817 -11.64887 14.85834 -0.563183 97.41844 43.95304 2.436817 100.5757 31.97297 2.436817 97.41844 43.95304 -0.563183 97.41844 43.95304 -0.563183 100.5757 31.97297 2.436817 100.5757 31.97297 -0.563183 -11.64887 14.85834 2.436817 97.41844 43.95304 2.436817 -11.64887 14.85834 -0.563183 -11.64887 14.85834 -0.563183 97.41844 43.95304 2.436817 97.41844 43.95304 -0.563183 -11.07481 71.90635 0.9307452 35.42222 86.73886 0.9307452 39.15349 74.47355 0.9307452 39.15349 74.47355 0.9307452 -7.056547 59.92627 0.9307452 -11.07481 71.90635 0.9307452 39.15349 74.47355 16.43075 35.42222 86.73886 16.43075 -11.07481 71.90635 16.43075 -11.07481 71.90635 16.43075 -7.056547 59.92627 16.43075 39.15349 74.47355 16.43075 39.15349 74.47355 16.43075 -7.056547 59.92627 16.43075 39.15349 74.47355 0.9307452 39.15349 74.47355 0.9307452 -7.056547 59.92627 16.43075 -7.056547 59.92627 0.9307452 -7.056547 59.92627 16.43075 -11.07481 71.90635 16.43075 -7.056547 59.92627 0.9307452 -7.056547 59.92627 0.9307452 -11.07481 71.90635 16.43075 -11.07481 71.90635 0.9307452 35.42222 86.73886 16.43075 39.15349 74.47355 16.43075 35.42222 86.73886 0.9307452 35.42222 86.73886 0.9307452 39.15349 74.47355 16.43075 39.15349 74.47355 0.9307452 -11.07481 71.90635 16.43075 35.42222 86.73886 16.43075 -11.07481 71.90635 0.9307452 -11.07481 71.90635 0.9307452 35.42222 86.73886 16.43075 35.42222 86.73886 0.9307452 -81.96861 29.97622 2.038993 -76.80224 38.24816 2.038993 -55.27582 25.12705 2.038993 -55.27582 25.12705 2.038993 -60.15518 16.8551 2.038993 -81.96861 29.97622 2.038993 -55.27582 25.12705 5.038993 -76.80224 38.24816 5.038993 -81.96861 29.97622 5.038993 -81.96861 29.97622 5.038993 -60.15518 16.8551 5.038993 -55.27582 25.12705 5.038993 -55.27582 25.12705 5.038993 -60.15518 16.8551 5.038993 -55.27582 25.12705 2.038993 -55.27582 25.12705 2.038993 -60.15518 16.8551 5.038993 -60.15518 16.8551 2.038993 -60.15518 16.8551 5.038993 -81.96861 29.97622 5.038993 -60.15518 16.8551 2.038993 -60.15518 16.8551 2.038993 -81.96861 29.97622 5.038993 -81.96861 29.97622 2.038993 -76.80224 38.24816 5.038993 -55.27582 25.12705 5.038993 -76.80224 38.24816 2.038993 -76.80224 38.24816 2.038993 -55.27582 25.12705 5.038993 -55.27582 25.12705 2.038993 -81.96861 29.97622 5.038993 -76.80224 38.24816 5.038993 -81.96861 29.97622 2.038993 -81.96861 29.97622 2.038993 -76.80224 38.24816 5.038993 -76.80224 38.24816 2.038993 143.627 273.5716 -0.8219241 165.7272 280.7027 -0.8219241 167.1624 275.8536 -0.8219241 167.1624 275.8536 -0.8219241 145.0622 269.0077 -0.8219241 143.627 273.5716 -0.8219241 167.1624 275.8536 2.178076 165.7272 280.7027 2.178076 143.627 273.5716 2.178076 143.627 273.5716 2.178076 145.0622 269.0077 2.178076 167.1624 275.8536 2.178076 167.1624 275.8536 2.178076 145.0622 269.0077 2.178076 167.1624 275.8536 -0.8219241 167.1624 275.8536 -0.8219241 145.0622 269.0077 2.178076 145.0622 269.0077 -0.8219241 145.0622 269.0077 2.178076 143.627 273.5716 2.178076 145.0622 269.0077 -0.8219241 145.0622 269.0077 -0.8219241 143.627 273.5716 2.178076 143.627 273.5716 -0.8219241 165.7272 280.7027 2.178076 167.1624 275.8536 2.178076 165.7272 280.7027 -0.8219241 165.7272 280.7027 -0.8219241 167.1624 275.8536 2.178076 167.1624 275.8536 -0.8219241 143.627 273.5716 2.178076 165.7272 280.7027 2.178076 143.627 273.5716 -0.8219241 143.627 273.5716 -0.8219241 165.7272 280.7027 2.178076 165.7272 280.7027 -0.8219241 145.0631 120.3976 -0.5014237 188.1157 134.0895 -0.5014237 192.1341 121.539 -0.5014237 192.1341 121.539 -0.5014237 149.0815 107.8471 -0.5014237 145.0631 120.3976 -0.5014237 192.1341 121.539 14.99858 188.1157 134.0895 14.99858 145.0631 120.3976 14.99858 145.0631 120.3976 14.99858 149.0815 107.8471 14.99858 192.1341 121.539 14.99858 192.1341 121.539 14.99858 149.0815 107.8471 14.99858 192.1341 121.539 -0.5014237 192.1341 121.539 -0.5014237 149.0815 107.8471 14.99858 149.0815 107.8471 -0.5014237 149.0815 107.8471 14.99858 145.0631 120.3976 14.99858 149.0815 107.8471 -0.5014237 149.0815 107.8471 -0.5014237 145.0631 120.3976 14.99858 145.0631 120.3976 -0.5014237 188.1157 134.0895 14.99858 192.1341 121.539 14.99858 188.1157 134.0895 -0.5014237 188.1157 134.0895 -0.5014237 192.1341 121.539 14.99858 192.1341 121.539 -0.5014237 145.0631 120.3976 14.99858 188.1157 134.0895 14.99858 145.0631 120.3976 -0.5014237 145.0631 120.3976 -0.5014237 188.1157 134.0895 14.99858 188.1157 134.0895 -0.5014237 -98.32753 299.2429 5.445301 -97.17944 304.092 5.445301 -71.63505 297.2461 5.445301 -71.63505 297.2461 5.445301 -73.07015 292.3971 5.445301 -98.32753 299.2429 5.445301 -71.63505 297.2461 8.445301 -97.17944 304.092 8.445301 -98.32753 299.2429 8.445301 -98.32753 299.2429 8.445301 -73.07015 292.3971 8.445301 -71.63505 297.2461 8.445301 -71.63505 297.2461 8.445301 -73.07015 292.3971 8.445301 -71.63505 297.2461 5.445301 -71.63505 297.2461 5.445301 -73.07015 292.3971 8.445301 -73.07015 292.3971 5.445301 -73.07015 292.3971 8.445301 -98.32753 299.2429 8.445301 -73.07015 292.3971 5.445301 -73.07015 292.3971 5.445301 -98.32753 299.2429 8.445301 -98.32753 299.2429 5.445301 -97.17944 304.092 8.445301 -71.63505 297.2461 8.445301 -97.17944 304.092 5.445301 -97.17944 304.092 5.445301 -71.63505 297.2461 8.445301 -71.63505 297.2461 5.445301 -98.32753 299.2429 8.445301 -97.17944 304.092 8.445301 -98.32753 299.2429 5.445301 -98.32753 299.2429 5.445301 -97.17944 304.092 8.445301 -97.17944 304.092 5.445301 92.82587 104.9944 0.2420293 134.4435 118.4009 0.2420293 138.7488 105.2799 0.2420293 138.7488 105.2799 0.2420293 97.13121 91.87337 0.2420293 92.82587 104.9944 0.2420293 138.7488 105.2799 15.74203 134.4435 118.4009 15.74203 92.82587 104.9944 15.74203 92.82587 104.9944 15.74203 97.13121 91.87337 15.74203 138.7488 105.2799 15.74203 138.7488 105.2799 15.74203 97.13121 91.87337 15.74203 138.7488 105.2799 0.2420293 138.7488 105.2799 0.2420293 97.13121 91.87337 15.74203 97.13121 91.87337 0.2420293 97.13121 91.87337 15.74203 92.82587 104.9944 15.74203 97.13121 91.87337 0.2420293 97.13121 91.87337 0.2420293 92.82587 104.9944 15.74203 92.82587 104.9944 0.2420293 134.4435 118.4009 15.74203 138.7488 105.2799 15.74203 134.4435 118.4009 0.2420293 134.4435 118.4009 0.2420293 138.7488 105.2799 15.74203 138.7488 105.2799 0.2420293 92.82587 104.9944 15.74203 134.4435 118.4009 15.74203 92.82587 104.9944 0.2420293 92.82587 104.9944 0.2420293 134.4435 118.4009 15.74203 134.4435 118.4009 0.2420293 125.5456 175.4488 -1.431055 178.6437 191.7079 -1.431055 187.5415 162.3282 -1.431055 187.5415 162.3282 -1.431055 134.7303 146.0692 -1.431055 125.5456 175.4488 -1.431055 187.5415 162.3282 14.06894 178.6437 191.7079 14.06894 125.5456 175.4488 14.06894 125.5456 175.4488 14.06894 134.7303 146.0692 14.06894 187.5415 162.3282 14.06894 187.5415 162.3282 14.06894 134.7303 146.0692 14.06894 187.5415 162.3282 -1.431055 187.5415 162.3282 -1.431055 134.7303 146.0692 14.06894 134.7303 146.0692 -1.431055 134.7303 146.0692 14.06894 125.5456 175.4488 14.06894 134.7303 146.0692 -1.431055 134.7303 146.0692 -1.431055 125.5456 175.4488 14.06894 125.5456 175.4488 -1.431055 178.6437 191.7079 14.06894 187.5415 162.3282 14.06894 178.6437 191.7079 -1.431055 178.6437 191.7079 -1.431055 187.5415 162.3282 14.06894 187.5415 162.3282 -1.431055 125.5456 175.4488 14.06894 178.6437 191.7079 14.06894 125.5456 175.4488 -1.431055 125.5456 175.4488 -1.431055 178.6437 191.7079 14.06894 178.6437 191.7079 -1.431055 73.02142 160.0457 -0.7760097 117.5091 173.1669 -0.7760097 126.6938 142.9315 -0.7760097 126.6938 142.9315 -0.7760097 82.2061 129.8102 -0.7760097 73.02142 160.0457 -0.7760097 126.6938 142.9315 14.72399 117.5091 173.1669 14.72399 73.02142 160.0457 14.72399 73.02142 160.0457 14.72399 82.2061 129.8102 14.72399 126.6938 142.9315 14.72399 126.6938 142.9315 14.72399 82.2061 129.8102 14.72399 126.6938 142.9315 -0.7760097 126.6938 142.9315 -0.7760097 82.2061 129.8102 14.72399 82.2061 129.8102 -0.7760097 82.2061 129.8102 14.72399 73.02142 160.0457 14.72399 82.2061 129.8102 -0.7760097 82.2061 129.8102 -0.7760097 73.02142 160.0457 14.72399 73.02142 160.0457 -0.7760097 117.5091 173.1669 14.72399 126.6938 142.9315 14.72399 117.5091 173.1669 -0.7760097 117.5091 173.1669 -0.7760097 126.6938 142.9315 14.72399 126.6938 142.9315 -0.7760097 73.02142 160.0457 14.72399 117.5091 173.1669 14.72399 73.02142 160.0457 -0.7760097 73.02142 160.0457 -0.7760097 117.5091 173.1669 14.72399 117.5091 173.1669 -0.7760097 -100.912 -0.8296308 2.168454 -93.44946 13.1471 2.168454 -87.9961 10.29468 2.168454 -87.99613 3.448915 2.168454 -92.8755 -5.393506 2.168454 -100.912 -0.8296308 2.168454 -100.912 -0.8296308 2.168454 -87.9961 10.29468 2.168454 -91.15334 4.875128 2.168454 -91.15334 4.875128 2.168454 -87.99613 3.448915 2.168454 -100.912 -0.8296308 2.168454 -87.9961 10.29468 5.168454 -93.44946 13.1471 5.168454 -100.912 -0.8296308 5.168454 -100.912 -0.8296308 5.168454 -92.8755 -5.393506 5.168454 -87.99613 3.448915 5.168454 -91.15334 4.875128 5.168454 -87.9961 10.29468 5.168454 -100.912 -0.8296308 5.168454 -100.912 -0.8296308 5.168454 -87.99613 3.448915 5.168454 -91.15334 4.875128 5.168454 -87.9961 10.29468 5.168454 -91.15334 4.875128 5.168454 -87.9961 10.29468 2.168454 -87.9961 10.29468 2.168454 -91.15334 4.875128 5.168454 -91.15334 4.875128 2.168454 -91.15334 4.875128 5.168454 -87.99613 3.448915 5.168454 -91.15334 4.875128 2.168454 -91.15334 4.875128 2.168454 -87.99613 3.448915 5.168454 -87.99613 3.448915 2.168454 -87.99613 3.448915 5.168454 -92.8755 -5.393506 5.168454 -87.99613 3.448915 2.168454 -87.99613 3.448915 2.168454 -92.8755 -5.393506 5.168454 -92.8755 -5.393506 2.168454 -92.8755 -5.393506 5.168454 -100.912 -0.8296308 5.168454 -92.8755 -5.393506 2.168454 -92.8755 -5.393506 2.168454 -100.912 -0.8296308 5.168454 -100.912 -0.8296308 2.168454 -93.44946 13.1471 5.168454 -87.9961 10.29468 5.168454 -93.44946 13.1471 2.168454 -93.44946 13.1471 2.168454 -87.9961 10.29468 5.168454 -87.9961 10.29468 2.168454 -100.912 -0.8296308 5.168454 -93.44946 13.1471 5.168454 -100.912 -0.8296308 2.168454 -100.912 -0.8296308 2.168454 -93.44946 13.1471 5.168454 -93.44946 13.1471 2.168454 -110.384 -56.16615 1.587772 -106.0786 -46.18277 1.587772 -96.31993 -50.46142 1.587772 -95.17188 -58.1629 1.587772 -96.89402 -61.87101 1.587772 -110.384 -56.16615 1.587772 -110.384 -56.16615 1.587772 -96.31993 -50.46142 1.587772 -98.90314 -56.45145 1.587772 -98.90314 -56.45145 1.587772 -95.17188 -58.1629 1.587772 -110.384 -56.16615 1.587772 -96.31993 -50.46142 4.587772 -106.0786 -46.18277 4.587772 -110.384 -56.16615 4.587772 -110.384 -56.16615 4.587772 -96.89402 -61.87101 4.587772 -95.17188 -58.1629 4.587772 -98.90314 -56.45145 4.587772 -96.31993 -50.46142 4.587772 -110.384 -56.16615 4.587772 -110.384 -56.16615 4.587772 -95.17188 -58.1629 4.587772 -98.90314 -56.45145 4.587772 -96.31993 -50.46142 4.587772 -98.90314 -56.45145 4.587772 -96.31993 -50.46142 1.587772 -96.31993 -50.46142 1.587772 -98.90314 -56.45145 4.587772 -98.90314 -56.45145 1.587772 -98.90314 -56.45145 4.587772 -95.17188 -58.1629 4.587772 -98.90314 -56.45145 1.587772 -98.90314 -56.45145 1.587772 -95.17188 -58.1629 4.587772 -95.17188 -58.1629 1.587772 -95.17188 -58.1629 4.587772 -96.89402 -61.87101 4.587772 -95.17188 -58.1629 1.587772 -95.17188 -58.1629 1.587772 -96.89402 -61.87101 4.587772 -96.89402 -61.87101 1.587772 -96.89402 -61.87101 4.587772 -110.384 -56.16615 4.587772 -96.89402 -61.87101 1.587772 -96.89402 -61.87101 1.587772 -110.384 -56.16615 4.587772 -110.384 -56.16615 1.587772 -106.0786 -46.18277 4.587772 -96.31993 -50.46142 4.587772 -106.0786 -46.18277 1.587772 -106.0786 -46.18277 1.587772 -96.31993 -50.46142 4.587772 -96.31993 -50.46142 1.587772 -110.384 -56.16615 4.587772 -106.0786 -46.18277 4.587772 -110.384 -56.16615 1.587772 -110.384 -56.16615 1.587772 -106.0786 -46.18277 4.587772 -106.0786 -46.18277 1.587772 -132.4824 295.8202 5.668931 -136.7877 296.1055 5.668931 -135.9265 308.9413 5.668931 -123.0108 308.3707 5.668931 -123.2979 301.2397 5.668931 -131.9084 301.8102 5.668931 -131.9084 301.8102 5.668931 -132.4824 295.8202 5.668931 -135.9265 308.9413 5.668931 -135.9265 308.9413 5.668931 -123.0108 308.3707 5.668931 -131.9084 301.8102 5.668931 -135.9265 308.9413 8.668931 -136.7877 296.1055 8.668931 -132.4824 295.8202 8.668931 -131.9084 301.8102 8.668931 -123.2979 301.2397 8.668931 -123.0108 308.3707 8.668931 -135.9265 308.9413 8.668931 -132.4824 295.8202 8.668931 -131.9084 301.8102 8.668931 -131.9084 301.8102 8.668931 -123.0108 308.3707 8.668931 -135.9265 308.9413 8.668931 -123.0108 308.3707 8.668931 -123.2979 301.2397 8.668931 -123.0108 308.3707 5.668931 -123.0108 308.3707 5.668931 -123.2979 301.2397 8.668931 -123.2979 301.2397 5.668931 -123.2979 301.2397 8.668931 -131.9084 301.8102 8.668931 -123.2979 301.2397 5.668931 -123.2979 301.2397 5.668931 -131.9084 301.8102 8.668931 -131.9084 301.8102 5.668931 -131.9084 301.8102 8.668931 -132.4824 295.8202 8.668931 -131.9084 301.8102 5.668931 -131.9084 301.8102 5.668931 -132.4824 295.8202 8.668931 -132.4824 295.8202 5.668931 -132.4824 295.8202 8.668931 -136.7877 296.1055 8.668931 -132.4824 295.8202 5.668931 -132.4824 295.8202 5.668931 -136.7877 296.1055 8.668931 -136.7877 296.1055 5.668931 -135.9265 308.9413 8.668931 -123.0108 308.3707 8.668931 -135.9265 308.9413 5.668931 -135.9265 308.9413 5.668931 -123.0108 308.3707 8.668931 -123.0108 308.3707 5.668931 -136.7877 296.1055 8.668931 -135.9265 308.9413 8.668931 -136.7877 296.1055 5.668931 -136.7877 296.1055 5.668931 -135.9265 308.9413 8.668931 -135.9265 308.9413 5.668931 -210.266 62.20919 5.917769 -202.2294 69.91059 5.917769 -192.7578 59.92711 5.917769 -194.193 52.79612 5.917769 -197.9243 49.37327 5.917769 -210.266 62.20919 5.917769 -210.266 62.20919 5.917769 -192.7578 59.92711 5.917769 -197.0632 55.93378 5.917769 -197.0632 55.93378 5.917769 -194.193 52.79612 5.917769 -210.266 62.20919 5.917769 -192.7578 59.92711 8.917769 -202.2294 69.91059 8.917769 -210.266 62.20919 8.917769 -210.266 62.20919 8.917769 -197.9243 49.37327 8.917769 -194.193 52.79612 8.917769 -197.0632 55.93378 8.917769 -192.7578 59.92711 8.917769 -210.266 62.20919 8.917769 -210.266 62.20919 8.917769 -194.193 52.79612 8.917769 -197.0632 55.93378 8.917769 -192.7578 59.92711 8.917769 -197.0632 55.93378 8.917769 -192.7578 59.92711 5.917769 -192.7578 59.92711 5.917769 -197.0632 55.93378 8.917769 -197.0632 55.93378 5.917769 -197.0632 55.93378 8.917769 -194.193 52.79612 8.917769 -197.0632 55.93378 5.917769 -197.0632 55.93378 5.917769 -194.193 52.79612 8.917769 -194.193 52.79612 5.917769 -194.193 52.79612 8.917769 -197.9243 49.37327 8.917769 -194.193 52.79612 5.917769 -194.193 52.79612 5.917769 -197.9243 49.37327 8.917769 -197.9243 49.37327 5.917769 -197.9243 49.37327 8.917769 -210.266 62.20919 8.917769 -197.9243 49.37327 5.917769 -197.9243 49.37327 5.917769 -210.266 62.20919 8.917769 -210.266 62.20919 5.917769 -202.2294 69.91059 8.917769 -192.7578 59.92711 8.917769 -202.2294 69.91059 5.917769 -202.2294 69.91059 5.917769 -192.7578 59.92711 8.917769 -192.7578 59.92711 5.917769 -210.266 62.20919 8.917769 -202.2294 69.91059 8.917769 -210.266 62.20919 5.917769 -210.266 62.20919 5.917769 -202.2294 69.91059 8.917769 -202.2294 69.91059 5.917769 -142.5288 172.8818 7.505147 -138.5105 176.5899 7.505147 -131.6221 168.8884 7.505147 -147.9821 173.4523 7.505147 -145.1119 175.7342 7.505147 -142.5288 172.8818 7.505147 -131.6221 168.8884 7.505147 -138.2236 162.8984 7.505147 -147.9821 173.4523 7.505147 -147.9821 173.4523 7.505147 -142.5288 172.8818 7.505147 -131.6221 168.8884 7.505147 -131.6221 168.8884 10.50515 -138.5105 176.5899 10.50515 -142.5288 172.8818 10.50515 -142.5288 172.8818 10.50515 -145.1119 175.7342 10.50515 -147.9821 173.4523 10.50515 -147.9821 173.4523 10.50515 -138.2236 162.8984 10.50515 -131.6221 168.8884 10.50515 -131.6221 168.8884 10.50515 -142.5288 172.8818 10.50515 -147.9821 173.4523 10.50515 -131.6221 168.8884 10.50515 -138.2236 162.8984 10.50515 -131.6221 168.8884 7.505147 -131.6221 168.8884 7.505147 -138.2236 162.8984 10.50515 -138.2236 162.8984 7.505147 -138.2236 162.8984 10.50515 -147.9821 173.4523 10.50515 -138.2236 162.8984 7.505147 -138.2236 162.8984 7.505147 -147.9821 173.4523 10.50515 -147.9821 173.4523 7.505147 -147.9821 173.4523 10.50515 -145.1119 175.7342 10.50515 -147.9821 173.4523 7.505147 -147.9821 173.4523 7.505147 -145.1119 175.7342 10.50515 -145.1119 175.7342 7.505147 -145.1119 175.7342 10.50515 -142.5288 172.8818 10.50515 -145.1119 175.7342 7.505147 -145.1119 175.7342 7.505147 -142.5288 172.8818 10.50515 -142.5288 172.8818 7.505147 -138.5105 176.5899 10.50515 -131.6221 168.8884 10.50515 -138.5105 176.5899 7.505147 -138.5105 176.5899 7.505147 -131.6221 168.8884 10.50515 -131.6221 168.8884 7.505147 -142.5288 172.8818 10.50515 -138.5105 176.5899 10.50515 -142.5288 172.8818 7.505147 -142.5288 172.8818 7.505147 -138.5105 176.5899 10.50515 -138.5105 176.5899 7.505147 -126.169 130.6662 8.323683 -122.4378 135.5152 8.323683 -112.1052 127.8137 8.323683 -134.4926 129.5253 8.323683 -131.0483 134.0891 8.323683 -126.169 130.6662 8.323683 -112.1052 127.8137 8.323683 -119.5677 118.1156 8.323683 -134.4926 129.5253 8.323683 -134.4926 129.5253 8.323683 -126.169 130.6662 8.323683 -112.1052 127.8137 8.323683 -112.1052 127.8137 11.32368 -122.4378 135.5152 11.32368 -126.169 130.6662 11.32368 -126.169 130.6662 11.32368 -131.0483 134.0891 11.32368 -134.4926 129.5253 11.32368 -134.4926 129.5253 11.32368 -119.5677 118.1156 11.32368 -112.1052 127.8137 11.32368 -112.1052 127.8137 11.32368 -126.169 130.6662 11.32368 -134.4926 129.5253 11.32368 -112.1052 127.8137 11.32368 -119.5677 118.1156 11.32368 -112.1052 127.8137 8.323683 -112.1052 127.8137 8.323683 -119.5677 118.1156 11.32368 -119.5677 118.1156 8.323683 -119.5677 118.1156 11.32368 -134.4926 129.5253 11.32368 -119.5677 118.1156 8.323683 -119.5677 118.1156 8.323683 -134.4926 129.5253 11.32368 -134.4926 129.5253 8.323683 -134.4926 129.5253 11.32368 -131.0483 134.0891 11.32368 -134.4926 129.5253 8.323683 -134.4926 129.5253 8.323683 -131.0483 134.0891 11.32368 -131.0483 134.0891 8.323683 -131.0483 134.0891 11.32368 -126.169 130.6662 11.32368 -131.0483 134.0891 8.323683 -131.0483 134.0891 8.323683 -126.169 130.6662 11.32368 -126.169 130.6662 8.323683 -122.4378 135.5152 11.32368 -112.1052 127.8137 11.32368 -122.4378 135.5152 8.323683 -122.4378 135.5152 8.323683 -112.1052 127.8137 11.32368 -112.1052 127.8137 8.323683 -126.169 130.6662 11.32368 -122.4378 135.5152 11.32368 -126.169 130.6662 8.323683 -126.169 130.6662 8.323683 -122.4378 135.5152 11.32368 -122.4378 135.5152 8.323683 -60.15465 212.5298 4.903511 -28.86978 221.9426 4.903511 -8.778622 156.9079 4.903511 -8.778622 156.9079 4.903511 -40.06357 147.2098 4.903511 -60.15465 212.5298 4.903511 -8.778622 156.9079 7.903511 -28.86978 221.9426 7.903511 -60.15465 212.5298 7.903511 -60.15465 212.5298 7.903511 -40.06357 147.2098 7.903511 -8.778622 156.9079 7.903511 -8.778622 156.9079 7.903511 -40.06357 147.2098 7.903511 -8.778622 156.9079 4.903511 -8.778622 156.9079 4.903511 -40.06357 147.2098 7.903511 -40.06357 147.2098 4.903511 -40.06357 147.2098 7.903511 -60.15465 212.5298 7.903511 -40.06357 147.2098 4.903511 -40.06357 147.2098 4.903511 -60.15465 212.5298 7.903511 -60.15465 212.5298 4.903511 -28.86978 221.9426 7.903511 -8.778622 156.9079 7.903511 -28.86978 221.9426 4.903511 -28.86978 221.9426 4.903511 -8.778622 156.9079 7.903511 -8.778622 156.9079 4.903511 -60.15465 212.5298 7.903511 -28.86978 221.9426 7.903511 -60.15465 212.5298 4.903511 -60.15465 212.5298 4.903511 -28.86978 221.9426 7.903511 -28.86978 221.9426 4.903511 -125.3081 101.2864 7.167721 -116.9845 114.1222 7.167721 -112.6793 111.555 7.167721 -110.3832 105.565 7.167721 -116.9846 95.86682 7.167721 -125.3081 101.2864 7.167721 -125.3081 101.2864 7.167721 -112.6793 111.555 7.167721 -114.6884 108.4174 7.167721 -114.6884 108.4174 7.167721 -110.3832 105.565 7.167721 -125.3081 101.2864 7.167721 -112.6793 111.555 10.16772 -116.9845 114.1222 10.16772 -125.3081 101.2864 10.16772 -125.3081 101.2864 10.16772 -116.9846 95.86682 10.16772 -110.3832 105.565 10.16772 -114.6884 108.4174 10.16772 -112.6793 111.555 10.16772 -125.3081 101.2864 10.16772 -125.3081 101.2864 10.16772 -110.3832 105.565 10.16772 -114.6884 108.4174 10.16772 -112.6793 111.555 10.16772 -114.6884 108.4174 10.16772 -112.6793 111.555 7.167721 -112.6793 111.555 7.167721 -114.6884 108.4174 10.16772 -114.6884 108.4174 7.167721 -114.6884 108.4174 10.16772 -110.3832 105.565 10.16772 -114.6884 108.4174 7.167721 -114.6884 108.4174 7.167721 -110.3832 105.565 10.16772 -110.3832 105.565 7.167721 -110.3832 105.565 10.16772 -116.9846 95.86682 10.16772 -110.3832 105.565 7.167721 -110.3832 105.565 7.167721 -116.9846 95.86682 10.16772 -116.9846 95.86682 7.167721 -116.9846 95.86682 10.16772 -125.3081 101.2864 10.16772 -116.9846 95.86682 7.167721 -116.9846 95.86682 7.167721 -125.3081 101.2864 10.16772 -125.3081 101.2864 7.167721 -116.9845 114.1222 10.16772 -112.6793 111.555 10.16772 -116.9845 114.1222 7.167721 -116.9845 114.1222 7.167721 -112.6793 111.555 10.16772 -112.6793 111.555 7.167721 -125.3081 101.2864 10.16772 -116.9845 114.1222 10.16772 -125.3081 101.2864 7.167721 -125.3081 101.2864 7.167721 -116.9845 114.1222 10.16772 -116.9845 114.1222 7.167721 -66.75631 123.5349 5.267045 -57.5717 132.9478 5.267045 -53.84047 129.5249 5.267045 -53.26646 121.8234 5.267045 -59.00683 116.1186 5.267045 -66.75631 123.5349 5.267045 -66.75631 123.5349 5.267045 -53.84047 129.5249 5.267045 -57.57172 125.8168 5.267045 -57.57172 125.8168 5.267045 -53.26646 121.8234 5.267045 -66.75631 123.5349 5.267045 -53.84047 129.5249 8.267045 -57.5717 132.9478 8.267045 -66.75631 123.5349 8.267045 -66.75631 123.5349 8.267045 -59.00683 116.1186 8.267045 -53.26646 121.8234 8.267045 -57.57172 125.8168 8.267045 -53.84047 129.5249 8.267045 -66.75631 123.5349 8.267045 -66.75631 123.5349 8.267045 -53.26646 121.8234 8.267045 -57.57172 125.8168 8.267045 -53.84047 129.5249 8.267045 -57.57172 125.8168 8.267045 -53.84047 129.5249 5.267045 -53.84047 129.5249 5.267045 -57.57172 125.8168 8.267045 -57.57172 125.8168 5.267045 -57.57172 125.8168 8.267045 -53.26646 121.8234 8.267045 -57.57172 125.8168 5.267045 -57.57172 125.8168 5.267045 -53.26646 121.8234 8.267045 -53.26646 121.8234 5.267045 -53.26646 121.8234 8.267045 -59.00683 116.1186 8.267045 -53.26646 121.8234 5.267045 -53.26646 121.8234 5.267045 -59.00683 116.1186 8.267045 -59.00683 116.1186 5.267045 -59.00683 116.1186 8.267045 -66.75631 123.5349 8.267045 -59.00683 116.1186 5.267045 -59.00683 116.1186 5.267045 -66.75631 123.5349 8.267045 -66.75631 123.5349 5.267045 -57.5717 132.9478 8.267045 -53.84047 129.5249 8.267045 -57.5717 132.9478 5.267045 -57.5717 132.9478 5.267045 -53.84047 129.5249 8.267045 -53.84047 129.5249 5.267045 -66.75631 123.5349 8.267045 -57.5717 132.9478 8.267045 -66.75631 123.5349 5.267045 -66.75631 123.5349 5.267045 -57.5717 132.9478 8.267045 -57.5717 132.9478 5.267045 -193.3321 31.11787 5.649305 -182.7123 41.38642 5.649305 -179.5551 37.96351 5.649305 -179.8422 31.68823 5.649305 -187.3048 24.84253 5.649305 -193.3321 31.11787 5.649305 -193.3321 31.11787 5.649305 -179.5551 37.96351 5.649305 -182.9994 35.11114 5.649305 -182.9994 35.11114 5.649305 -179.8422 31.68823 5.649305 -193.3321 31.11787 5.649305 -179.5551 37.96351 8.649305 -182.7123 41.38642 8.649305 -193.3321 31.11787 8.649305 -193.3321 31.11787 8.649305 -187.3048 24.84253 8.649305 -179.8422 31.68823 8.649305 -182.9994 35.11114 8.649305 -179.5551 37.96351 8.649305 -193.3321 31.11787 8.649305 -193.3321 31.11787 8.649305 -179.8422 31.68823 8.649305 -182.9994 35.11114 8.649305 -179.5551 37.96351 8.649305 -182.9994 35.11114 8.649305 -179.5551 37.96351 5.649305 -179.5551 37.96351 5.649305 -182.9994 35.11114 8.649305 -182.9994 35.11114 5.649305 -182.9994 35.11114 8.649305 -179.8422 31.68823 8.649305 -182.9994 35.11114 5.649305 -182.9994 35.11114 5.649305 -179.8422 31.68823 8.649305 -179.8422 31.68823 5.649305 -179.8422 31.68823 8.649305 -187.3048 24.84253 8.649305 -179.8422 31.68823 5.649305 -179.8422 31.68823 5.649305 -187.3048 24.84253 8.649305 -187.3048 24.84253 5.649305 -187.3048 24.84253 8.649305 -193.3321 31.11787 8.649305 -187.3048 24.84253 5.649305 -187.3048 24.84253 5.649305 -193.3321 31.11787 8.649305 -193.3321 31.11787 5.649305 -182.7123 41.38642 8.649305 -179.5551 37.96351 8.649305 -182.7123 41.38642 5.649305 -182.7123 41.38642 5.649305 -179.5551 37.96351 8.649305 -179.5551 37.96351 5.649305 -193.3321 31.11787 8.649305 -182.7123 41.38642 8.649305 -193.3321 31.11787 5.649305 -193.3321 31.11787 5.649305 -182.7123 41.38642 8.649305 -182.7123 41.38642 5.649305 -137.3628 112.1256 7.869582 -128.1782 122.6795 7.869582 -121.5768 116.6894 7.869582 -128.4653 110.9846 7.869582 -131.6225 107.2765 7.869582 -137.3628 112.1256 7.869582 -121.5768 116.6894 7.869582 -127.3172 110.1289 7.869582 -128.4653 110.9846 7.869582 -128.4653 110.9846 7.869582 -137.3628 112.1256 7.869582 -121.5768 116.6894 7.869582 -121.5768 116.6894 10.86958 -128.1782 122.6795 10.86958 -137.3628 112.1256 10.86958 -137.3628 112.1256 10.86958 -131.6225 107.2765 10.86958 -128.4653 110.9846 10.86958 -128.4653 110.9846 10.86958 -127.3172 110.1289 10.86958 -121.5768 116.6894 10.86958 -121.5768 116.6894 10.86958 -137.3628 112.1256 10.86958 -128.4653 110.9846 10.86958 -121.5768 116.6894 10.86958 -127.3172 110.1289 10.86958 -121.5768 116.6894 7.869582 -121.5768 116.6894 7.869582 -127.3172 110.1289 10.86958 -127.3172 110.1289 7.869582 -127.3172 110.1289 10.86958 -128.4653 110.9846 10.86958 -127.3172 110.1289 7.869582 -127.3172 110.1289 7.869582 -128.4653 110.9846 10.86958 -128.4653 110.9846 7.869582 -128.4653 110.9846 10.86958 -131.6225 107.2765 10.86958 -128.4653 110.9846 7.869582 -128.4653 110.9846 7.869582 -131.6225 107.2765 10.86958 -131.6225 107.2765 7.869582 -131.6225 107.2765 10.86958 -137.3628 112.1256 10.86958 -131.6225 107.2765 7.869582 -131.6225 107.2765 7.869582 -137.3628 112.1256 10.86958 -137.3628 112.1256 7.869582 -128.1782 122.6795 10.86958 -121.5768 116.6894 10.86958 -128.1782 122.6795 7.869582 -128.1782 122.6795 7.869582 -121.5768 116.6894 10.86958 -121.5768 116.6894 7.869582 -137.3628 112.1256 10.86958 -128.1782 122.6795 10.86958 -137.3628 112.1256 7.869582 -137.3628 112.1256 7.869582 -128.1782 122.6795 10.86958 -128.1782 122.6795 7.869582 91.67709 276.1384 -0.2046905 105.1668 280.1319 -0.2046905 108.3241 269.0075 -0.2046905 85.93676 277.2794 -0.2046905 90.81603 278.7056 -0.2046905 91.67709 276.1384 -0.2046905 108.3241 269.0075 -0.2046905 89.95505 263.8731 -0.2046905 85.93676 277.2794 -0.2046905 85.93676 277.2794 -0.2046905 91.67709 276.1384 -0.2046905 108.3241 269.0075 -0.2046905 108.3241 269.0075 2.795309 105.1668 280.1319 2.795309 91.67709 276.1384 2.795309 91.67709 276.1384 2.795309 90.81603 278.7056 2.795309 85.93676 277.2794 2.795309 85.93676 277.2794 2.795309 89.95505 263.8731 2.795309 108.3241 269.0075 2.795309 108.3241 269.0075 2.795309 91.67709 276.1384 2.795309 85.93676 277.2794 2.795309 108.3241 269.0075 2.795309 89.95505 263.8731 2.795309 108.3241 269.0075 -0.2046905 108.3241 269.0075 -0.2046905 89.95505 263.8731 2.795309 89.95505 263.8731 -0.2046905 89.95505 263.8731 2.795309 85.93676 277.2794 2.795309 89.95505 263.8731 -0.2046905 89.95505 263.8731 -0.2046905 85.93676 277.2794 2.795309 85.93676 277.2794 -0.2046905 85.93676 277.2794 2.795309 90.81603 278.7056 2.795309 85.93676 277.2794 -0.2046905 85.93676 277.2794 -0.2046905 90.81603 278.7056 2.795309 90.81603 278.7056 -0.2046905 90.81603 278.7056 2.795309 91.67709 276.1384 2.795309 90.81603 278.7056 -0.2046905 90.81603 278.7056 -0.2046905 91.67709 276.1384 2.795309 91.67709 276.1384 -0.2046905 105.1668 280.1319 2.795309 108.3241 269.0075 2.795309 105.1668 280.1319 -0.2046905 105.1668 280.1319 -0.2046905 108.3241 269.0075 2.795309 108.3241 269.0075 -0.2046905 91.67709 276.1384 2.795309 105.1668 280.1319 2.795309 91.67709 276.1384 -0.2046905 91.67709 276.1384 -0.2046905 105.1668 280.1319 2.795309 105.1668 280.1319 -0.2046905 -103.208 45.09403 2.92127 -96.03247 50.7988 2.92127 -89.14405 42.24156 2.92127 -90.57917 37.10725 2.92127 -94.31043 33.96962 2.92127 -103.208 45.09403 2.92127 -103.208 45.09403 2.92127 -89.14405 42.24156 2.92127 -92.30127 39.67442 2.92127 -92.30127 39.67442 2.92127 -90.57917 37.10725 2.92127 -103.208 45.09403 2.92127 -89.14405 42.24156 5.92127 -96.03247 50.7988 5.92127 -103.208 45.09403 5.92127 -103.208 45.09403 5.92127 -94.31043 33.96962 5.92127 -90.57917 37.10725 5.92127 -92.30127 39.67442 5.92127 -89.14405 42.24156 5.92127 -103.208 45.09403 5.92127 -103.208 45.09403 5.92127 -90.57917 37.10725 5.92127 -92.30127 39.67442 5.92127 -89.14405 42.24156 5.92127 -92.30127 39.67442 5.92127 -89.14405 42.24156 2.92127 -89.14405 42.24156 2.92127 -92.30127 39.67442 5.92127 -92.30127 39.67442 2.92127 -92.30127 39.67442 5.92127 -90.57917 37.10725 5.92127 -92.30127 39.67442 2.92127 -92.30127 39.67442 2.92127 -90.57917 37.10725 5.92127 -90.57917 37.10725 2.92127 -90.57917 37.10725 5.92127 -94.31043 33.96962 5.92127 -90.57917 37.10725 2.92127 -90.57917 37.10725 2.92127 -94.31043 33.96962 5.92127 -94.31043 33.96962 2.92127 -94.31043 33.96962 5.92127 -103.208 45.09403 5.92127 -94.31043 33.96962 2.92127 -94.31043 33.96962 2.92127 -103.208 45.09403 5.92127 -103.208 45.09403 2.92127 -96.03247 50.7988 5.92127 -89.14405 42.24156 5.92127 -96.03247 50.7988 2.92127 -96.03247 50.7988 2.92127 -89.14405 42.24156 5.92127 -89.14405 42.24156 2.92127 -103.208 45.09403 5.92127 -96.03247 50.7988 5.92127 -103.208 45.09403 2.92127 -103.208 45.09403 2.92127 -96.03247 50.7988 5.92127 -96.03247 50.7988 2.92127 -91.15366 -74.70684 1.574087 -85.41319 -59.87438 1.574087 -77.37663 -63.29729 1.574087 -83.69111 -71.85447 1.574087 -85.70028 -76.98878 1.574087 -91.15366 -74.70684 1.574087 -77.37663 -63.29729 1.574087 -81.10793 -72.7102 1.574087 -83.69111 -71.85447 1.574087 -83.69111 -71.85447 1.574087 -91.15366 -74.70684 1.574087 -77.37663 -63.29729 1.574087 -77.37663 -63.29729 4.574087 -85.41319 -59.87438 4.574087 -91.15366 -74.70684 4.574087 -91.15366 -74.70684 4.574087 -85.70028 -76.98878 4.574087 -83.69111 -71.85447 4.574087 -83.69111 -71.85447 4.574087 -81.10793 -72.7102 4.574087 -77.37663 -63.29729 4.574087 -77.37663 -63.29729 4.574087 -91.15366 -74.70684 4.574087 -83.69111 -71.85447 4.574087 -77.37663 -63.29729 4.574087 -81.10793 -72.7102 4.574087 -77.37663 -63.29729 1.574087 -77.37663 -63.29729 1.574087 -81.10793 -72.7102 4.574087 -81.10793 -72.7102 1.574087 -81.10793 -72.7102 4.574087 -83.69111 -71.85447 4.574087 -81.10793 -72.7102 1.574087 -81.10793 -72.7102 1.574087 -83.69111 -71.85447 4.574087 -83.69111 -71.85447 1.574087 -83.69111 -71.85447 4.574087 -85.70028 -76.98878 4.574087 -83.69111 -71.85447 1.574087 -83.69111 -71.85447 1.574087 -85.70028 -76.98878 4.574087 -85.70028 -76.98878 1.574087 -85.70028 -76.98878 4.574087 -91.15366 -74.70684 4.574087 -85.70028 -76.98878 1.574087 -85.70028 -76.98878 1.574087 -91.15366 -74.70684 4.574087 -91.15366 -74.70684 1.574087 -85.41319 -59.87438 4.574087 -77.37663 -63.29729 4.574087 -85.41319 -59.87438 1.574087 -85.41319 -59.87438 1.574087 -77.37663 -63.29729 4.574087 -77.37663 -63.29729 1.574087 -91.15366 -74.70684 4.574087 -85.41319 -59.87438 4.574087 -91.15366 -74.70684 1.574087 -91.15366 -74.70684 1.574087 -85.41319 -59.87438 4.574087 -85.41319 -59.87438 1.574087 -184.1476 14.85911 4.720033 -170.3706 27.6948 4.720033 -162.9082 19.70802 4.720033 -177.8332 14.28857 4.720033 -180.9905 11.4362 4.720033 -184.1476 14.85911 4.720033 -162.9082 19.70802 4.720033 -173.815 9.724702 4.720033 -177.8332 14.28857 4.720033 -177.8332 14.28857 4.720033 -184.1476 14.85911 4.720033 -162.9082 19.70802 4.720033 -162.9082 19.70802 7.720033 -170.3706 27.6948 7.720033 -184.1476 14.85911 7.720033 -184.1476 14.85911 7.720033 -180.9905 11.4362 7.720033 -177.8332 14.28857 7.720033 -177.8332 14.28857 7.720033 -173.815 9.724702 7.720033 -162.9082 19.70802 7.720033 -162.9082 19.70802 7.720033 -184.1476 14.85911 7.720033 -177.8332 14.28857 7.720033 -162.9082 19.70802 7.720033 -173.815 9.724702 7.720033 -162.9082 19.70802 4.720033 -162.9082 19.70802 4.720033 -173.815 9.724702 7.720033 -173.815 9.724702 4.720033 -173.815 9.724702 7.720033 -177.8332 14.28857 7.720033 -173.815 9.724702 4.720033 -173.815 9.724702 4.720033 -177.8332 14.28857 7.720033 -177.8332 14.28857 4.720033 -177.8332 14.28857 7.720033 -180.9905 11.4362 7.720033 -177.8332 14.28857 4.720033 -177.8332 14.28857 4.720033 -180.9905 11.4362 7.720033 -180.9905 11.4362 4.720033 -180.9905 11.4362 7.720033 -184.1476 14.85911 7.720033 -180.9905 11.4362 4.720033 -180.9905 11.4362 4.720033 -184.1476 14.85911 7.720033 -184.1476 14.85911 4.720033 -170.3706 27.6948 7.720033 -162.9082 19.70802 7.720033 -170.3706 27.6948 4.720033 -170.3706 27.6948 4.720033 -162.9082 19.70802 7.720033 -162.9082 19.70802 4.720033 -184.1476 14.85911 7.720033 -170.3706 27.6948 7.720033 -184.1476 14.85911 4.720033 -184.1476 14.85911 4.720033 -170.3706 27.6948 7.720033 -170.3706 27.6948 4.720033 -93.7356 221.9428 6.072618 -88.85626 233.9229 6.072618 -66.18197 224.7951 6.072618 -72.20937 209.9627 6.072618 -87.70827 216.238 6.072618 -86.56019 219.0904 6.072618 -86.56019 219.0904 6.072618 -93.7356 221.9428 6.072618 -66.18197 224.7951 6.072618 -66.18197 224.7951 6.072618 -72.20937 209.9627 6.072618 -86.56019 219.0904 6.072618 -66.18197 224.7951 9.072618 -88.85626 233.9229 9.072618 -93.7356 221.9428 9.072618 -86.56019 219.0904 9.072618 -87.70827 216.238 9.072618 -72.20937 209.9627 9.072618 -66.18197 224.7951 9.072618 -93.7356 221.9428 9.072618 -86.56019 219.0904 9.072618 -86.56019 219.0904 9.072618 -72.20937 209.9627 9.072618 -66.18197 224.7951 9.072618 -66.18197 224.7951 9.072618 -72.20937 209.9627 9.072618 -66.18197 224.7951 6.072618 -66.18197 224.7951 6.072618 -72.20937 209.9627 9.072618 -72.20937 209.9627 6.072618 -72.20937 209.9627 9.072618 -87.70827 216.238 9.072618 -72.20937 209.9627 6.072618 -72.20937 209.9627 6.072618 -87.70827 216.238 9.072618 -87.70827 216.238 6.072618 -87.70827 216.238 9.072618 -86.56019 219.0904 9.072618 -87.70827 216.238 6.072618 -87.70827 216.238 6.072618 -86.56019 219.0904 9.072618 -86.56019 219.0904 6.072618 -86.56019 219.0904 9.072618 -93.7356 221.9428 9.072618 -86.56019 219.0904 6.072618 -86.56019 219.0904 6.072618 -93.7356 221.9428 9.072618 -93.7356 221.9428 6.072618 -88.85626 233.9229 9.072618 -66.18197 224.7951 9.072618 -88.85626 233.9229 6.072618 -88.85626 233.9229 6.072618 -66.18197 224.7951 9.072618 -66.18197 224.7951 6.072618 -93.7356 221.9428 9.072618 -88.85626 233.9229 9.072618 -93.7356 221.9428 6.072618 -93.7356 221.9428 6.072618 -88.85626 233.9229 9.072618 -88.85626 233.9229 6.072618 195.5785 103.4083 -0.1497734 157.4051 91.58847 -0.1497734 155.97 95.86706 -0.1497734 218.2529 110.4148 -0.1497734 195.5785 103.2836 -0.1497734 195.5785 103.4083 -0.1497734 196.7265 111.2704 -0.1497734 216.2437 117.2606 -0.1497734 218.2529 110.4148 -0.1497734 195.5784 108.355 -0.1497734 195.5784 108.4179 -0.1497734 197.5876 108.9884 -0.1497734 195.5785 103.4083 -0.1497734 155.97 95.86706 -0.1497734 195.5784 108.355 -0.1497734 197.5876 108.9884 -0.1497734 196.7265 111.2704 -0.1497734 218.2529 110.4148 -0.1497734 195.5785 103.4083 -0.1497734 195.5784 108.355 -0.1497734 197.5876 108.9884 -0.1497734 197.5876 108.9884 -0.1497734 218.2529 110.4148 -0.1497734 195.5785 103.4083 -0.1497734 155.97 95.86706 2.850227 157.4051 91.58847 2.850227 195.5785 103.4083 2.850227 195.5785 103.4083 2.850227 195.5785 103.2836 2.850227 218.2529 110.4148 2.850227 218.2529 110.4148 2.850227 216.2437 117.2606 2.850227 196.7265 111.2704 2.850227 197.5876 108.9884 2.850227 195.5784 108.4179 2.850227 195.5784 108.355 2.850227 195.5784 108.355 2.850227 155.97 95.86706 2.850227 195.5785 103.4083 2.850227 218.2529 110.4148 2.850227 196.7265 111.2704 2.850227 197.5876 108.9884 2.850227 197.5876 108.9884 2.850227 195.5784 108.355 2.850227 195.5785 103.4083 2.850227 195.5785 103.4083 2.850227 218.2529 110.4148 2.850227 197.5876 108.9884 2.850227 155.97 95.86706 2.850227 195.5784 108.355 2.850227 155.97 95.86706 -0.1497734 155.97 95.86706 -0.1497734 195.5784 108.355 2.850227 195.5784 108.355 -0.1497734 195.5784 108.355 2.850227 195.5784 108.4179 2.850227 195.5784 108.355 -0.1497734 195.5784 108.355 -0.1497734 195.5784 108.4179 2.850227 195.5784 108.4179 -0.1497734 195.5784 108.4179 2.850227 197.5876 108.9884 2.850227 195.5784 108.4179 -0.1497734 195.5784 108.4179 -0.1497734 197.5876 108.9884 2.850227 197.5876 108.9884 -0.1497734 197.5876 108.9884 2.850227 196.7265 111.2704 2.850227 197.5876 108.9884 -0.1497734 197.5876 108.9884 -0.1497734 196.7265 111.2704 2.850227 196.7265 111.2704 -0.1497734 196.7265 111.2704 2.850227 216.2437 117.2606 2.850227 196.7265 111.2704 -0.1497734 196.7265 111.2704 -0.1497734 216.2437 117.2606 2.850227 216.2437 117.2606 -0.1497734 216.2437 117.2606 2.850227 218.2529 110.4148 2.850227 216.2437 117.2606 -0.1497734 216.2437 117.2606 -0.1497734 218.2529 110.4148 2.850227 218.2529 110.4148 -0.1497734 218.2529 110.4148 2.850227 195.5785 103.2836 2.850227 218.2529 110.4148 -0.1497734 218.2529 110.4148 -0.1497734 195.5785 103.2836 2.850227 195.5785 103.2836 -0.1497734 195.5785 103.2836 2.850227 195.5785 103.4083 2.850227 195.5785 103.2836 -0.1497734 195.5785 103.2836 -0.1497734 195.5785 103.4083 2.850227 195.5785 103.4083 -0.1497734 157.4051 91.58847 2.850227 155.97 95.86706 2.850227 157.4051 91.58847 -0.1497734 157.4051 91.58847 -0.1497734 155.97 95.86706 2.850227 155.97 95.86706 -0.1497734 195.5785 103.4083 2.850227 157.4051 91.58847 2.850227 195.5785 103.4083 -0.1497734 195.5785 103.4083 -0.1497734 157.4051 91.58847 2.850227 157.4051 91.58847 -0.1497734 -60.15518 14.57318 1.740459 -54.70179 24.55657 1.740459 -46.37823 19.99271 1.740459 -71.06195 7.156974 1.740459 -65.32153 17.4256 1.740459 -60.15518 14.57318 1.740459 -46.37823 19.99271 1.740459 -57.28503 -0.2593063 1.740459 -71.06195 7.156974 1.740459 -71.06195 7.156974 1.740459 -60.15518 14.57318 1.740459 -46.37823 19.99271 1.740459 -46.37823 19.99271 4.740459 -54.70179 24.55657 4.740459 -60.15518 14.57318 4.740459 -60.15518 14.57318 4.740459 -65.32153 17.4256 4.740459 -71.06195 7.156974 4.740459 -71.06195 7.156974 4.740459 -57.28503 -0.2593063 4.740459 -46.37823 19.99271 4.740459 -46.37823 19.99271 4.740459 -60.15518 14.57318 4.740459 -71.06195 7.156974 4.740459 -46.37823 19.99271 4.740459 -57.28503 -0.2593063 4.740459 -46.37823 19.99271 1.740459 -46.37823 19.99271 1.740459 -57.28503 -0.2593063 4.740459 -57.28503 -0.2593063 1.740459 -57.28503 -0.2593063 4.740459 -71.06195 7.156974 4.740459 -57.28503 -0.2593063 1.740459 -57.28503 -0.2593063 1.740459 -71.06195 7.156974 4.740459 -71.06195 7.156974 1.740459 -71.06195 7.156974 4.740459 -65.32153 17.4256 4.740459 -71.06195 7.156974 1.740459 -71.06195 7.156974 1.740459 -65.32153 17.4256 4.740459 -65.32153 17.4256 1.740459 -65.32153 17.4256 4.740459 -60.15518 14.57318 4.740459 -65.32153 17.4256 1.740459 -65.32153 17.4256 1.740459 -60.15518 14.57318 4.740459 -60.15518 14.57318 1.740459 -54.70179 24.55657 4.740459 -46.37823 19.99271 4.740459 -54.70179 24.55657 1.740459 -54.70179 24.55657 1.740459 -46.37823 19.99271 4.740459 -46.37823 19.99271 1.740459 -60.15518 14.57318 4.740459 -54.70179 24.55657 4.740459 -60.15518 14.57318 1.740459 -60.15518 14.57318 1.740459 -54.70179 24.55657 4.740459 -54.70179 24.55657 1.740459 -115.2615 296.3906 6.361068 -112.6783 308.0854 6.361068 -107.225 306.9444 6.361068 -120.1408 292.3973 6.361068 -118.9927 297.2463 6.361068 -115.2615 296.3906 6.361068 -104.9289 298.6725 6.361068 -106.9381 289.2595 6.361068 -120.1408 292.3973 6.361068 -115.2615 296.3906 6.361068 -107.225 306.9444 6.361068 -108.9471 299.5282 6.361068 -104.9289 298.6725 6.361068 -120.1408 292.3973 6.361068 -115.2615 296.3906 6.361068 -115.2615 296.3906 6.361068 -108.9471 299.5282 6.361068 -104.9289 298.6725 6.361068 -107.225 306.9444 9.361068 -112.6783 308.0854 9.361068 -115.2615 296.3906 9.361068 -115.2615 296.3906 9.361068 -118.9927 297.2463 9.361068 -120.1408 292.3973 9.361068 -120.1408 292.3973 9.361068 -106.9381 289.2595 9.361068 -104.9289 298.6725 9.361068 -108.9471 299.5282 9.361068 -107.225 306.9444 9.361068 -115.2615 296.3906 9.361068 -115.2615 296.3906 9.361068 -120.1408 292.3973 9.361068 -104.9289 298.6725 9.361068 -104.9289 298.6725 9.361068 -108.9471 299.5282 9.361068 -115.2615 296.3906 9.361068 -107.225 306.9444 9.361068 -108.9471 299.5282 9.361068 -107.225 306.9444 6.361068 -107.225 306.9444 6.361068 -108.9471 299.5282 9.361068 -108.9471 299.5282 6.361068 -108.9471 299.5282 9.361068 -104.9289 298.6725 9.361068 -108.9471 299.5282 6.361068 -108.9471 299.5282 6.361068 -104.9289 298.6725 9.361068 -104.9289 298.6725 6.361068 -104.9289 298.6725 9.361068 -106.9381 289.2595 9.361068 -104.9289 298.6725 6.361068 -104.9289 298.6725 6.361068 -106.9381 289.2595 9.361068 -106.9381 289.2595 6.361068 -106.9381 289.2595 9.361068 -120.1408 292.3973 9.361068 -106.9381 289.2595 6.361068 -106.9381 289.2595 6.361068 -120.1408 292.3973 9.361068 -120.1408 292.3973 6.361068 -120.1408 292.3973 9.361068 -118.9927 297.2463 9.361068 -120.1408 292.3973 6.361068 -120.1408 292.3973 6.361068 -118.9927 297.2463 9.361068 -118.9927 297.2463 6.361068 -118.9927 297.2463 9.361068 -115.2615 296.3906 9.361068 -118.9927 297.2463 6.361068 -118.9927 297.2463 6.361068 -115.2615 296.3906 9.361068 -115.2615 296.3906 6.361068 -112.6783 308.0854 9.361068 -107.225 306.9444 9.361068 -112.6783 308.0854 6.361068 -112.6783 308.0854 6.361068 -107.225 306.9444 9.361068 -107.225 306.9444 6.361068 -115.2615 296.3906 9.361068 -112.6783 308.0854 9.361068 -115.2615 296.3906 6.361068 -115.2615 296.3906 6.361068 -112.6783 308.0854 9.361068 -112.6783 308.0854 6.361068 140.4701 236.7756 -1.310777 150.8027 239.9133 -1.310777 152.2378 235.0642 -1.310777 134.4427 237.6312 -1.310777 139.609 239.0575 -1.310777 140.4701 236.7756 -1.310777 134.4428 229.9298 -1.310777 133.0077 234.7788 -1.310777 135.3038 235.3493 -1.310777 140.4701 236.7756 -1.310777 152.2378 235.0642 -1.310777 134.4428 229.9298 -1.310777 135.3038 235.3493 -1.310777 134.4427 237.6312 -1.310777 140.4701 236.7756 -1.310777 140.4701 236.7756 -1.310777 134.4428 229.9298 -1.310777 135.3038 235.3493 -1.310777 152.2378 235.0642 1.689223 150.8027 239.9133 1.689223 140.4701 236.7756 1.689223 140.4701 236.7756 1.689223 139.609 239.0575 1.689223 134.4427 237.6312 1.689223 135.3038 235.3493 1.689223 133.0077 234.7788 1.689223 134.4428 229.9298 1.689223 134.4428 229.9298 1.689223 152.2378 235.0642 1.689223 140.4701 236.7756 1.689223 140.4701 236.7756 1.689223 134.4427 237.6312 1.689223 135.3038 235.3493 1.689223 135.3038 235.3493 1.689223 134.4428 229.9298 1.689223 140.4701 236.7756 1.689223 152.2378 235.0642 1.689223 134.4428 229.9298 1.689223 152.2378 235.0642 -1.310777 152.2378 235.0642 -1.310777 134.4428 229.9298 1.689223 134.4428 229.9298 -1.310777 134.4428 229.9298 1.689223 133.0077 234.7788 1.689223 134.4428 229.9298 -1.310777 134.4428 229.9298 -1.310777 133.0077 234.7788 1.689223 133.0077 234.7788 -1.310777 133.0077 234.7788 1.689223 135.3038 235.3493 1.689223 133.0077 234.7788 -1.310777 133.0077 234.7788 -1.310777 135.3038 235.3493 1.689223 135.3038 235.3493 -1.310777 135.3038 235.3493 1.689223 134.4427 237.6312 1.689223 135.3038 235.3493 -1.310777 135.3038 235.3493 -1.310777 134.4427 237.6312 1.689223 134.4427 237.6312 -1.310777 134.4427 237.6312 1.689223 139.609 239.0575 1.689223 134.4427 237.6312 -1.310777 134.4427 237.6312 -1.310777 139.609 239.0575 1.689223 139.609 239.0575 -1.310777 139.609 239.0575 1.689223 140.4701 236.7756 1.689223 139.609 239.0575 -1.310777 139.609 239.0575 -1.310777 140.4701 236.7756 1.689223 140.4701 236.7756 -1.310777 150.8027 239.9133 1.689223 152.2378 235.0642 1.689223 150.8027 239.9133 -1.310777 150.8027 239.9133 -1.310777 152.2378 235.0642 1.689223 152.2378 235.0642 -1.310777 140.4701 236.7756 1.689223 150.8027 239.9133 1.689223 140.4701 236.7756 -1.310777 140.4701 236.7756 -1.310777 150.8027 239.9133 1.689223 150.8027 239.9133 -1.310777 -135.9277 121.2533 7.9317 -133.9185 127.5286 7.9317 -129.9003 126.1023 7.9317 -145.1123 111.8404 7.9317 -141.094 122.9648 7.9317 -135.9277 121.2533 7.9317 -139.3719 116.119 7.9317 -141.3811 110.4142 7.9317 -145.1123 111.8404 7.9317 -129.9003 126.1023 7.9317 -134.2056 114.1223 7.9317 -139.3719 116.119 7.9317 -145.1123 111.8404 7.9317 -135.9277 121.2533 7.9317 -129.9003 126.1023 7.9317 -129.9003 126.1023 7.9317 -139.3719 116.119 7.9317 -145.1123 111.8404 7.9317 -129.9003 126.1023 10.9317 -133.9185 127.5286 10.9317 -135.9277 121.2533 10.9317 -135.9277 121.2533 10.9317 -141.094 122.9648 10.9317 -145.1123 111.8404 10.9317 -145.1123 111.8404 10.9317 -141.3811 110.4142 10.9317 -139.3719 116.119 10.9317 -139.3719 116.119 10.9317 -134.2056 114.1223 10.9317 -129.9003 126.1023 10.9317 -129.9003 126.1023 10.9317 -135.9277 121.2533 10.9317 -145.1123 111.8404 10.9317 -145.1123 111.8404 10.9317 -139.3719 116.119 10.9317 -129.9003 126.1023 10.9317 -129.9003 126.1023 10.9317 -134.2056 114.1223 10.9317 -129.9003 126.1023 7.9317 -129.9003 126.1023 7.9317 -134.2056 114.1223 10.9317 -134.2056 114.1223 7.9317 -134.2056 114.1223 10.9317 -139.3719 116.119 10.9317 -134.2056 114.1223 7.9317 -134.2056 114.1223 7.9317 -139.3719 116.119 10.9317 -139.3719 116.119 7.9317 -139.3719 116.119 10.9317 -141.3811 110.4142 10.9317 -139.3719 116.119 7.9317 -139.3719 116.119 7.9317 -141.3811 110.4142 10.9317 -141.3811 110.4142 7.9317 -141.3811 110.4142 10.9317 -145.1123 111.8404 10.9317 -141.3811 110.4142 7.9317 -141.3811 110.4142 7.9317 -145.1123 111.8404 10.9317 -145.1123 111.8404 7.9317 -145.1123 111.8404 10.9317 -141.094 122.9648 10.9317 -145.1123 111.8404 7.9317 -145.1123 111.8404 7.9317 -141.094 122.9648 10.9317 -141.094 122.9648 7.9317 -141.094 122.9648 10.9317 -135.9277 121.2533 10.9317 -141.094 122.9648 7.9317 -141.094 122.9648 7.9317 -135.9277 121.2533 10.9317 -135.9277 121.2533 7.9317 -133.9185 127.5286 10.9317 -129.9003 126.1023 10.9317 -133.9185 127.5286 7.9317 -133.9185 127.5286 7.9317 -129.9003 126.1023 10.9317 -129.9003 126.1023 7.9317 -135.9277 121.2533 10.9317 -133.9185 127.5286 10.9317 -135.9277 121.2533 7.9317 -135.9277 121.2533 7.9317 -133.9185 127.5286 10.9317 -133.9185 127.5286 7.9317 -43.22055 258.7386 2.548733 -34.61004 271.5744 2.548733 -22.84238 263.8729 2.548733 -40.06339 245.9028 2.548733 -43.79461 248.47 2.548733 -38.91531 255.8862 2.548733 -22.84238 263.8729 2.548733 -31.16587 251.0371 2.548733 -35.1841 253.3191 2.548733 -38.91531 255.8862 2.548733 -43.22055 258.7386 2.548733 -22.84238 263.8729 2.548733 -35.1841 253.3191 2.548733 -40.06339 245.9028 2.548733 -38.91531 255.8862 2.548733 -38.91531 255.8862 2.548733 -22.84238 263.8729 2.548733 -35.1841 253.3191 2.548733 -22.84238 263.8729 5.548733 -34.61004 271.5744 5.548733 -43.22055 258.7386 5.548733 -38.91531 255.8862 5.548733 -43.79461 248.47 5.548733 -40.06339 245.9028 5.548733 -35.1841 253.3191 5.548733 -31.16587 251.0371 5.548733 -22.84238 263.8729 5.548733 -22.84238 263.8729 5.548733 -43.22055 258.7386 5.548733 -38.91531 255.8862 5.548733 -38.91531 255.8862 5.548733 -40.06339 245.9028 5.548733 -35.1841 253.3191 5.548733 -35.1841 253.3191 5.548733 -22.84238 263.8729 5.548733 -38.91531 255.8862 5.548733 -22.84238 263.8729 5.548733 -31.16587 251.0371 5.548733 -22.84238 263.8729 2.548733 -22.84238 263.8729 2.548733 -31.16587 251.0371 5.548733 -31.16587 251.0371 2.548733 -31.16587 251.0371 5.548733 -35.1841 253.3191 5.548733 -31.16587 251.0371 2.548733 -31.16587 251.0371 2.548733 -35.1841 253.3191 5.548733 -35.1841 253.3191 2.548733 -35.1841 253.3191 5.548733 -40.06339 245.9028 5.548733 -35.1841 253.3191 2.548733 -35.1841 253.3191 2.548733 -40.06339 245.9028 5.548733 -40.06339 245.9028 2.548733 -40.06339 245.9028 5.548733 -43.79461 248.47 5.548733 -40.06339 245.9028 2.548733 -40.06339 245.9028 2.548733 -43.79461 248.47 5.548733 -43.79461 248.47 2.548733 -43.79461 248.47 5.548733 -38.91531 255.8862 5.548733 -43.79461 248.47 2.548733 -43.79461 248.47 2.548733 -38.91531 255.8862 5.548733 -38.91531 255.8862 2.548733 -38.91531 255.8862 5.548733 -43.22055 258.7386 5.548733 -38.91531 255.8862 2.548733 -38.91531 255.8862 2.548733 -43.22055 258.7386 5.548733 -43.22055 258.7386 2.548733 -34.61004 271.5744 5.548733 -22.84238 263.8729 5.548733 -34.61004 271.5744 2.548733 -34.61004 271.5744 2.548733 -22.84238 263.8729 5.548733 -22.84238 263.8729 2.548733 -43.22055 258.7386 5.548733 -34.61004 271.5744 5.548733 -43.22055 258.7386 2.548733 -43.22055 258.7386 2.548733 -34.61004 271.5744 5.548733 -34.61004 271.5744 2.548733 -104.3555 164.3244 8.094472 -96.89295 182.8649 8.094472 -91.43963 180.8682 8.094472 -97.46713 150.3476 8.094472 -104.6426 153.2 8.094472 -100.9113 162.8982 8.094472 -98.32813 163.4686 8.094472 -93.16182 161.1867 8.094472 -97.46713 150.3476 8.094472 -104.3555 164.3244 8.094472 -91.43963 180.8682 8.094472 -98.32813 163.4686 8.094472 -98.32813 163.4686 8.094472 -97.46713 150.3476 8.094472 -100.9113 162.8982 8.094472 -100.9113 162.8982 8.094472 -104.3555 164.3244 8.094472 -98.32813 163.4686 8.094472 -91.43963 180.8682 11.09447 -96.89295 182.8649 11.09447 -104.3555 164.3244 11.09447 -100.9113 162.8982 11.09447 -104.6426 153.2 11.09447 -97.46713 150.3476 11.09447 -97.46713 150.3476 11.09447 -93.16182 161.1867 11.09447 -98.32813 163.4686 11.09447 -98.32813 163.4686 11.09447 -91.43963 180.8682 11.09447 -104.3555 164.3244 11.09447 -100.9113 162.8982 11.09447 -97.46713 150.3476 11.09447 -98.32813 163.4686 11.09447 -98.32813 163.4686 11.09447 -104.3555 164.3244 11.09447 -100.9113 162.8982 11.09447 -91.43963 180.8682 11.09447 -98.32813 163.4686 11.09447 -91.43963 180.8682 8.094472 -91.43963 180.8682 8.094472 -98.32813 163.4686 11.09447 -98.32813 163.4686 8.094472 -98.32813 163.4686 11.09447 -93.16182 161.1867 11.09447 -98.32813 163.4686 8.094472 -98.32813 163.4686 8.094472 -93.16182 161.1867 11.09447 -93.16182 161.1867 8.094472 -93.16182 161.1867 11.09447 -97.46713 150.3476 11.09447 -93.16182 161.1867 8.094472 -93.16182 161.1867 8.094472 -97.46713 150.3476 11.09447 -97.46713 150.3476 8.094472 -97.46713 150.3476 11.09447 -104.6426 153.2 11.09447 -97.46713 150.3476 8.094472 -97.46713 150.3476 8.094472 -104.6426 153.2 11.09447 -104.6426 153.2 8.094472 -104.6426 153.2 11.09447 -100.9113 162.8982 11.09447 -104.6426 153.2 8.094472 -104.6426 153.2 8.094472 -100.9113 162.8982 11.09447 -100.9113 162.8982 8.094472 -100.9113 162.8982 11.09447 -104.3555 164.3244 11.09447 -100.9113 162.8982 8.094472 -100.9113 162.8982 8.094472 -104.3555 164.3244 11.09447 -104.3555 164.3244 8.094472 -96.89295 182.8649 11.09447 -91.43963 180.8682 11.09447 -96.89295 182.8649 8.094472 -96.89295 182.8649 8.094472 -91.43963 180.8682 11.09447 -91.43963 180.8682 8.094472 -104.3555 164.3244 11.09447 -96.89295 182.8649 11.09447 -104.3555 164.3244 8.094472 -104.3555 164.3244 8.094472 -96.89295 182.8649 11.09447 -96.89295 182.8649 8.094472 -160.6114 99.57522 6.677787 -149.9917 106.7061 6.677787 -147.1215 102.4275 6.677787 -143.6774 93.8703 6.677787 -152.862 87.88032 6.677787 -160.6114 99.57522 6.677787 -143.3903 104.9947 6.677787 -140.2331 100.1456 6.677787 -145.6865 96.72271 6.677787 -145.6865 96.72271 6.677787 -143.6774 93.8703 6.677787 -160.6114 99.57522 6.677787 -147.1215 102.4275 6.677787 -143.3903 104.9947 6.677787 -145.6865 96.72271 6.677787 -145.6865 96.72271 6.677787 -160.6114 99.57522 6.677787 -147.1215 102.4275 6.677787 -147.1215 102.4275 9.677787 -149.9917 106.7061 9.677787 -160.6114 99.57522 9.677787 -160.6114 99.57522 9.677787 -152.862 87.88032 9.677787 -143.6774 93.8703 9.677787 -145.6865 96.72271 9.677787 -140.2331 100.1456 9.677787 -143.3903 104.9947 9.677787 -160.6114 99.57522 9.677787 -143.6774 93.8703 9.677787 -145.6865 96.72271 9.677787 -145.6865 96.72271 9.677787 -143.3903 104.9947 9.677787 -147.1215 102.4275 9.677787 -147.1215 102.4275 9.677787 -160.6114 99.57522 9.677787 -145.6865 96.72271 9.677787 -147.1215 102.4275 9.677787 -143.3903 104.9947 9.677787 -147.1215 102.4275 6.677787 -147.1215 102.4275 6.677787 -143.3903 104.9947 9.677787 -143.3903 104.9947 6.677787 -143.3903 104.9947 9.677787 -140.2331 100.1456 9.677787 -143.3903 104.9947 6.677787 -143.3903 104.9947 6.677787 -140.2331 100.1456 9.677787 -140.2331 100.1456 6.677787 -140.2331 100.1456 9.677787 -145.6865 96.72271 9.677787 -140.2331 100.1456 6.677787 -140.2331 100.1456 6.677787 -145.6865 96.72271 9.677787 -145.6865 96.72271 6.677787 -145.6865 96.72271 9.677787 -143.6774 93.8703 9.677787 -145.6865 96.72271 6.677787 -145.6865 96.72271 6.677787 -143.6774 93.8703 9.677787 -143.6774 93.8703 6.677787 -143.6774 93.8703 9.677787 -152.862 87.88032 9.677787 -143.6774 93.8703 6.677787 -143.6774 93.8703 6.677787 -152.862 87.88032 9.677787 -152.862 87.88032 6.677787 -152.862 87.88032 9.677787 -160.6114 99.57522 9.677787 -152.862 87.88032 6.677787 -152.862 87.88032 6.677787 -160.6114 99.57522 9.677787 -160.6114 99.57522 6.677787 -149.9917 106.7061 9.677787 -147.1215 102.4275 9.677787 -149.9917 106.7061 6.677787 -149.9917 106.7061 6.677787 -147.1215 102.4275 9.677787 -147.1215 102.4275 6.677787 -160.6114 99.57522 9.677787 -149.9917 106.7061 9.677787 -160.6114 99.57522 6.677787 -160.6114 99.57522 6.677787 -149.9917 106.7061 9.677787 -149.9917 106.7061 6.677787 -182.9984 155.1972 5.449623 -178.9801 158.3348 5.449623 -167.4995 143.5022 5.449623 -170.9438 135.5155 5.449623 -179.8413 146.64 5.449623 -177.8321 148.3514 5.449623 -164.0553 146.0694 5.449623 -161.4722 142.9317 5.449623 -170.9438 135.5155 5.449623 -177.8321 148.3514 5.449623 -182.9984 155.1972 5.449623 -167.4995 143.5022 5.449623 -167.4995 143.5022 5.449623 -164.0553 146.0694 5.449623 -170.9438 135.5155 5.449623 -170.9438 135.5155 5.449623 -177.8321 148.3514 5.449623 -167.4995 143.5022 5.449623 -167.4995 143.5022 8.449623 -178.9801 158.3348 8.449623 -182.9984 155.1972 8.449623 -177.8321 148.3514 8.449623 -179.8413 146.64 8.449623 -170.9438 135.5155 8.449623 -170.9438 135.5155 8.449623 -161.4722 142.9317 8.449623 -164.0553 146.0694 8.449623 -167.4995 143.5022 8.449623 -182.9984 155.1972 8.449623 -177.8321 148.3514 8.449623 -170.9438 135.5155 8.449623 -164.0553 146.0694 8.449623 -167.4995 143.5022 8.449623 -167.4995 143.5022 8.449623 -177.8321 148.3514 8.449623 -170.9438 135.5155 8.449623 -167.4995 143.5022 8.449623 -164.0553 146.0694 8.449623 -167.4995 143.5022 5.449623 -167.4995 143.5022 5.449623 -164.0553 146.0694 8.449623 -164.0553 146.0694 5.449623 -164.0553 146.0694 8.449623 -161.4722 142.9317 8.449623 -164.0553 146.0694 5.449623 -164.0553 146.0694 5.449623 -161.4722 142.9317 8.449623 -161.4722 142.9317 5.449623 -161.4722 142.9317 8.449623 -170.9438 135.5155 8.449623 -161.4722 142.9317 5.449623 -161.4722 142.9317 5.449623 -170.9438 135.5155 8.449623 -170.9438 135.5155 5.449623 -170.9438 135.5155 8.449623 -179.8413 146.64 8.449623 -170.9438 135.5155 5.449623 -170.9438 135.5155 5.449623 -179.8413 146.64 8.449623 -179.8413 146.64 5.449623 -179.8413 146.64 8.449623 -177.8321 148.3514 8.449623 -179.8413 146.64 5.449623 -179.8413 146.64 5.449623 -177.8321 148.3514 8.449623 -177.8321 148.3514 5.449623 -177.8321 148.3514 8.449623 -182.9984 155.1972 8.449623 -177.8321 148.3514 5.449623 -177.8321 148.3514 5.449623 -182.9984 155.1972 8.449623 -182.9984 155.1972 5.449623 -178.9801 158.3348 8.449623 -167.4995 143.5022 8.449623 -178.9801 158.3348 5.449623 -178.9801 158.3348 5.449623 -167.4995 143.5022 8.449623 -167.4995 143.5022 5.449623 -182.9984 155.1972 8.449623 -178.9801 158.3348 8.449623 -182.9984 155.1972 5.449623 -182.9984 155.1972 5.449623 -178.9801 158.3348 8.449623 -178.9801 158.3348 5.449623 -134.7804 -10.52761 2.392444 -113.5409 3.163791 2.392444 -106.0784 -8.245848 2.392444 -120.4295 -22.22254 2.392444 -125.3089 -25.36015 2.392444 -134.7804 -10.52761 2.392444 -112.9669 -12.52441 2.392444 -110.9578 -15.66206 2.392444 -120.7165 -21.65205 2.392444 -134.7804 -10.52761 2.392444 -106.0784 -8.245848 2.392444 -112.9669 -12.52441 2.392444 -120.7165 -21.65205 2.392444 -120.4295 -22.22254 2.392444 -134.7804 -10.52761 2.392444 -134.7804 -10.52761 2.392444 -112.9669 -12.52441 2.392444 -120.7165 -21.65205 2.392444 -106.0784 -8.245848 5.392444 -113.5409 3.163791 5.392444 -134.7804 -10.52761 5.392444 -134.7804 -10.52761 5.392444 -125.3089 -25.36015 5.392444 -120.4295 -22.22254 5.392444 -120.7165 -21.65205 5.392444 -110.9578 -15.66206 5.392444 -112.9669 -12.52441 5.392444 -112.9669 -12.52441 5.392444 -106.0784 -8.245848 5.392444 -134.7804 -10.52761 5.392444 -134.7804 -10.52761 5.392444 -120.4295 -22.22254 5.392444 -120.7165 -21.65205 5.392444 -120.7165 -21.65205 5.392444 -112.9669 -12.52441 5.392444 -134.7804 -10.52761 5.392444 -106.0784 -8.245848 5.392444 -112.9669 -12.52441 5.392444 -106.0784 -8.245848 2.392444 -106.0784 -8.245848 2.392444 -112.9669 -12.52441 5.392444 -112.9669 -12.52441 2.392444 -112.9669 -12.52441 5.392444 -110.9578 -15.66206 5.392444 -112.9669 -12.52441 2.392444 -112.9669 -12.52441 2.392444 -110.9578 -15.66206 5.392444 -110.9578 -15.66206 2.392444 -110.9578 -15.66206 5.392444 -120.7165 -21.65205 5.392444 -110.9578 -15.66206 2.392444 -110.9578 -15.66206 2.392444 -120.7165 -21.65205 5.392444 -120.7165 -21.65205 2.392444 -120.7165 -21.65205 5.392444 -120.4295 -22.22254 5.392444 -120.7165 -21.65205 2.392444 -120.7165 -21.65205 2.392444 -120.4295 -22.22254 5.392444 -120.4295 -22.22254 2.392444 -120.4295 -22.22254 5.392444 -125.3089 -25.36015 5.392444 -120.4295 -22.22254 2.392444 -120.4295 -22.22254 2.392444 -125.3089 -25.36015 5.392444 -125.3089 -25.36015 2.392444 -125.3089 -25.36015 5.392444 -134.7804 -10.52761 5.392444 -125.3089 -25.36015 2.392444 -125.3089 -25.36015 2.392444 -134.7804 -10.52761 5.392444 -134.7804 -10.52761 2.392444 -113.5409 3.163791 5.392444 -106.0784 -8.245848 5.392444 -113.5409 3.163791 2.392444 -113.5409 3.163791 2.392444 -106.0784 -8.245848 5.392444 -106.0784 -8.245848 2.392444 -134.7804 -10.52761 5.392444 -113.5409 3.163791 5.392444 -134.7804 -10.52761 2.392444 -134.7804 -10.52761 2.392444 -113.5409 3.163791 5.392444 -113.5409 3.163791 2.392444 -18.53713 275.2825 1.459571 -13.94485 299.2427 1.459571 -3.61228 297.246 1.459571 -9.06559 279.2759 1.459571 -10.21366 273.8563 1.459571 -18.53713 275.2825 1.459571 -0.455105 290.6855 1.459571 -2.751235 278.1349 1.459571 -9.06559 279.2759 1.459571 -18.53713 275.2825 1.459571 -3.61228 297.246 1.459571 -4.760345 291.5412 1.459571 -0.455105 290.6855 1.459571 -9.06559 279.2759 1.459571 -18.53713 275.2825 1.459571 -18.53713 275.2825 1.459571 -4.760345 291.5412 1.459571 -0.455105 290.6855 1.459571 -3.61228 297.246 4.459571 -13.94485 299.2427 4.459571 -18.53713 275.2825 4.459571 -18.53713 275.2825 4.459571 -10.21366 273.8563 4.459571 -9.06559 279.2759 4.459571 -9.06559 279.2759 4.459571 -2.751235 278.1349 4.459571 -0.455105 290.6855 4.459571 -4.760345 291.5412 4.459571 -3.61228 297.246 4.459571 -18.53713 275.2825 4.459571 -18.53713 275.2825 4.459571 -9.06559 279.2759 4.459571 -0.455105 290.6855 4.459571 -0.455105 290.6855 4.459571 -4.760345 291.5412 4.459571 -18.53713 275.2825 4.459571 -3.61228 297.246 4.459571 -4.760345 291.5412 4.459571 -3.61228 297.246 1.459571 -3.61228 297.246 1.459571 -4.760345 291.5412 4.459571 -4.760345 291.5412 1.459571 -4.760345 291.5412 4.459571 -0.455105 290.6855 4.459571 -4.760345 291.5412 1.459571 -4.760345 291.5412 1.459571 -0.455105 290.6855 4.459571 -0.455105 290.6855 1.459571 -0.455105 290.6855 4.459571 -2.751235 278.1349 4.459571 -0.455105 290.6855 1.459571 -0.455105 290.6855 1.459571 -2.751235 278.1349 4.459571 -2.751235 278.1349 1.459571 -2.751235 278.1349 4.459571 -9.06559 279.2759 4.459571 -2.751235 278.1349 1.459571 -2.751235 278.1349 1.459571 -9.06559 279.2759 4.459571 -9.06559 279.2759 1.459571 -9.06559 279.2759 4.459571 -10.21366 273.8563 4.459571 -9.06559 279.2759 1.459571 -9.06559 279.2759 1.459571 -10.21366 273.8563 4.459571 -10.21366 273.8563 1.459571 -10.21366 273.8563 4.459571 -18.53713 275.2825 4.459571 -10.21366 273.8563 1.459571 -10.21366 273.8563 1.459571 -18.53713 275.2825 4.459571 -18.53713 275.2825 1.459571 -13.94485 299.2427 4.459571 -3.61228 297.246 4.459571 -13.94485 299.2427 1.459571 -13.94485 299.2427 1.459571 -3.61228 297.246 4.459571 -3.61228 297.246 1.459571 -18.53713 275.2825 4.459571 -13.94485 299.2427 4.459571 -18.53713 275.2825 1.459571 -18.53713 275.2825 1.459571 -13.94485 299.2427 4.459571 -13.94485 299.2427 1.459571 -7.630516 259.3091 1.970031 -6.482448 265.5844 1.970031 0.6929599 264.1582 1.970031 -17.67609 254.1748 1.970031 -16.24101 261.0205 1.970031 -7.630516 259.3091 1.970031 -8.491572 242.7652 1.970031 -16.81505 244.4766 1.970031 -15.09295 253.6043 1.970031 0.6929599 264.1582 1.970031 -1.603172 254.46 1.970031 -5.908419 255.3157 1.970031 -15.09295 253.6043 1.970031 -17.67609 254.1748 1.970031 -7.630516 259.3091 1.970031 -5.908419 255.3157 1.970031 -8.491572 242.7652 1.970031 -15.09295 253.6043 1.970031 -7.630516 259.3091 1.970031 0.6929599 264.1582 1.970031 -5.908419 255.3157 1.970031 -5.908419 255.3157 1.970031 -15.09295 253.6043 1.970031 -7.630516 259.3091 1.970031 0.6929599 264.1582 4.970031 -6.482448 265.5844 4.970031 -7.630516 259.3091 4.970031 -7.630516 259.3091 4.970031 -16.24101 261.0205 4.970031 -17.67609 254.1748 4.970031 -15.09295 253.6043 4.970031 -16.81505 244.4766 4.970031 -8.491572 242.7652 4.970031 -5.908419 255.3157 4.970031 -1.603172 254.46 4.970031 0.6929599 264.1582 4.970031 -7.630516 259.3091 4.970031 -17.67609 254.1748 4.970031 -15.09295 253.6043 4.970031 -15.09295 253.6043 4.970031 -8.491572 242.7652 4.970031 -5.908419 255.3157 4.970031 -5.908419 255.3157 4.970031 0.6929599 264.1582 4.970031 -7.630516 259.3091 4.970031 -7.630516 259.3091 4.970031 -15.09295 253.6043 4.970031 -5.908419 255.3157 4.970031 0.6929599 264.1582 4.970031 -1.603172 254.46 4.970031 0.6929599 264.1582 1.970031 0.6929599 264.1582 1.970031 -1.603172 254.46 4.970031 -1.603172 254.46 1.970031 -1.603172 254.46 4.970031 -5.908419 255.3157 4.970031 -1.603172 254.46 1.970031 -1.603172 254.46 1.970031 -5.908419 255.3157 4.970031 -5.908419 255.3157 1.970031 -5.908419 255.3157 4.970031 -8.491572 242.7652 4.970031 -5.908419 255.3157 1.970031 -5.908419 255.3157 1.970031 -8.491572 242.7652 4.970031 -8.491572 242.7652 1.970031 -8.491572 242.7652 4.970031 -16.81505 244.4766 4.970031 -8.491572 242.7652 1.970031 -8.491572 242.7652 1.970031 -16.81505 244.4766 4.970031 -16.81505 244.4766 1.970031 -16.81505 244.4766 4.970031 -15.09295 253.6043 4.970031 -16.81505 244.4766 1.970031 -16.81505 244.4766 1.970031 -15.09295 253.6043 4.970031 -15.09295 253.6043 1.970031 -15.09295 253.6043 4.970031 -17.67609 254.1748 4.970031 -15.09295 253.6043 1.970031 -15.09295 253.6043 1.970031 -17.67609 254.1748 4.970031 -17.67609 254.1748 1.970031 -17.67609 254.1748 4.970031 -16.24101 261.0205 4.970031 -17.67609 254.1748 1.970031 -17.67609 254.1748 1.970031 -16.24101 261.0205 4.970031 -16.24101 261.0205 1.970031 -16.24101 261.0205 4.970031 -7.630516 259.3091 4.970031 -16.24101 261.0205 1.970031 -16.24101 261.0205 1.970031 -7.630516 259.3091 4.970031 -7.630516 259.3091 1.970031 -6.482448 265.5844 4.970031 0.6929599 264.1582 4.970031 -6.482448 265.5844 1.970031 -6.482448 265.5844 1.970031 0.6929599 264.1582 4.970031 0.6929599 264.1582 1.970031 -7.630516 259.3091 4.970031 -6.482448 265.5844 4.970031 -7.630516 259.3091 1.970031 -7.630516 259.3091 1.970031 -6.482448 265.5844 4.970031 -6.482448 265.5844 1.970031 -163.1952 22.27518 3.926705 -157.1677 27.6947 3.926705 -149.1312 19.13744 3.926705 -149.1313 14.28836 3.926705 -152.5755 10.86551 3.926705 -163.1952 22.27518 3.926705 -135.6414 6.301555 3.926705 -139.0856 3.163936 3.926705 -149.1313 14.28836 3.926705 -145.687 22.5603 3.926705 -139.6596 16.28498 3.926705 -142.5298 13.71784 3.926705 -149.1313 14.28836 3.926705 -163.1952 22.27518 3.926705 -149.1312 19.13744 3.926705 -142.5298 13.71784 3.926705 -135.6414 6.301555 3.926705 -149.1313 14.28836 3.926705 -149.1312 19.13744 3.926705 -145.687 22.5603 3.926705 -142.5298 13.71784 3.926705 -142.5298 13.71784 3.926705 -149.1313 14.28836 3.926705 -149.1312 19.13744 3.926705 -149.1312 19.13744 6.926705 -157.1677 27.6947 6.926705 -163.1952 22.27518 6.926705 -163.1952 22.27518 6.926705 -152.5755 10.86551 6.926705 -149.1313 14.28836 6.926705 -149.1313 14.28836 6.926705 -139.0856 3.163936 6.926705 -135.6414 6.301555 6.926705 -142.5298 13.71784 6.926705 -139.6596 16.28498 6.926705 -145.687 22.5603 6.926705 -149.1312 19.13744 6.926705 -163.1952 22.27518 6.926705 -149.1313 14.28836 6.926705 -149.1313 14.28836 6.926705 -135.6414 6.301555 6.926705 -142.5298 13.71784 6.926705 -142.5298 13.71784 6.926705 -145.687 22.5603 6.926705 -149.1312 19.13744 6.926705 -149.1312 19.13744 6.926705 -149.1313 14.28836 6.926705 -142.5298 13.71784 6.926705 -149.1312 19.13744 6.926705 -145.687 22.5603 6.926705 -149.1312 19.13744 3.926705 -149.1312 19.13744 3.926705 -145.687 22.5603 6.926705 -145.687 22.5603 3.926705 -145.687 22.5603 6.926705 -139.6596 16.28498 6.926705 -145.687 22.5603 3.926705 -145.687 22.5603 3.926705 -139.6596 16.28498 6.926705 -139.6596 16.28498 3.926705 -139.6596 16.28498 6.926705 -142.5298 13.71784 6.926705 -139.6596 16.28498 3.926705 -139.6596 16.28498 3.926705 -142.5298 13.71784 6.926705 -142.5298 13.71784 3.926705 -142.5298 13.71784 6.926705 -135.6414 6.301555 6.926705 -142.5298 13.71784 3.926705 -142.5298 13.71784 3.926705 -135.6414 6.301555 6.926705 -135.6414 6.301555 3.926705 -135.6414 6.301555 6.926705 -139.0856 3.163936 6.926705 -135.6414 6.301555 3.926705 -135.6414 6.301555 3.926705 -139.0856 3.163936 6.926705 -139.0856 3.163936 3.926705 -139.0856 3.163936 6.926705 -149.1313 14.28836 6.926705 -139.0856 3.163936 3.926705 -139.0856 3.163936 3.926705 -149.1313 14.28836 6.926705 -149.1313 14.28836 3.926705 -149.1313 14.28836 6.926705 -152.5755 10.86551 6.926705 -149.1313 14.28836 3.926705 -149.1313 14.28836 3.926705 -152.5755 10.86551 6.926705 -152.5755 10.86551 3.926705 -152.5755 10.86551 6.926705 -163.1952 22.27518 6.926705 -152.5755 10.86551 3.926705 -152.5755 10.86551 3.926705 -163.1952 22.27518 6.926705 -163.1952 22.27518 3.926705 -157.1677 27.6947 6.926705 -149.1312 19.13744 6.926705 -157.1677 27.6947 3.926705 -157.1677 27.6947 3.926705 -149.1312 19.13744 6.926705 -149.1312 19.13744 3.926705 -163.1952 22.27518 6.926705 -157.1677 27.6947 6.926705 -163.1952 22.27518 3.926705 -163.1952 22.27518 3.926705 -157.1677 27.6947 6.926705 -157.1677 27.6947 3.926705 172.9029 247.9002 -0.789694 182.0874 250.7526 -0.789694 183.5225 245.9036 -0.789694 165.7276 230.5005 -0.789694 164.2925 235.92 -0.789694 175.4861 239.343 -0.789694 185.5318 230.5006 -0.789694 171.181 226.2219 -0.789694 169.4588 231.6414 -0.789694 180.6524 236.7758 -0.789694 183.5226 237.6316 -0.789694 185.5318 230.5006 -0.789694 172.9029 247.9002 -0.789694 183.5225 245.9036 -0.789694 178.3562 244.4773 -0.789694 169.4588 231.6414 -0.789694 165.7276 230.5005 -0.789694 175.4861 239.343 -0.789694 180.6524 236.7758 -0.789694 185.5318 230.5006 -0.789694 169.4588 231.6414 -0.789694 172.9029 247.9002 -0.789694 178.3562 244.4773 -0.789694 180.6524 236.7758 -0.789694 180.6524 236.7758 -0.789694 169.4588 231.6414 -0.789694 175.4861 239.343 -0.789694 175.4861 239.343 -0.789694 172.9029 247.9002 -0.789694 180.6524 236.7758 -0.789694 183.5225 245.9036 2.210306 182.0874 250.7526 2.210306 172.9029 247.9002 2.210306 175.4861 239.343 2.210306 164.2925 235.92 2.210306 165.7276 230.5005 2.210306 169.4588 231.6414 2.210306 171.181 226.2219 2.210306 185.5318 230.5006 2.210306 185.5318 230.5006 2.210306 183.5226 237.6316 2.210306 180.6524 236.7758 2.210306 178.3562 244.4773 2.210306 183.5225 245.9036 2.210306 172.9029 247.9002 2.210306 175.4861 239.343 2.210306 165.7276 230.5005 2.210306 169.4588 231.6414 2.210306 169.4588 231.6414 2.210306 185.5318 230.5006 2.210306 180.6524 236.7758 2.210306 180.6524 236.7758 2.210306 178.3562 244.4773 2.210306 172.9029 247.9002 2.210306 175.4861 239.343 2.210306 169.4588 231.6414 2.210306 180.6524 236.7758 2.210306 180.6524 236.7758 2.210306 172.9029 247.9002 2.210306 175.4861 239.343 2.210306 183.5225 245.9036 2.210306 178.3562 244.4773 2.210306 183.5225 245.9036 -0.789694 183.5225 245.9036 -0.789694 178.3562 244.4773 2.210306 178.3562 244.4773 -0.789694 178.3562 244.4773 2.210306 180.6524 236.7758 2.210306 178.3562 244.4773 -0.789694 178.3562 244.4773 -0.789694 180.6524 236.7758 2.210306 180.6524 236.7758 -0.789694 180.6524 236.7758 2.210306 183.5226 237.6316 2.210306 180.6524 236.7758 -0.789694 180.6524 236.7758 -0.789694 183.5226 237.6316 2.210306 183.5226 237.6316 -0.789694 183.5226 237.6316 2.210306 185.5318 230.5006 2.210306 183.5226 237.6316 -0.789694 183.5226 237.6316 -0.789694 185.5318 230.5006 2.210306 185.5318 230.5006 -0.789694 185.5318 230.5006 2.210306 171.181 226.2219 2.210306 185.5318 230.5006 -0.789694 185.5318 230.5006 -0.789694 171.181 226.2219 2.210306 171.181 226.2219 -0.789694 171.181 226.2219 2.210306 169.4588 231.6414 2.210306 171.181 226.2219 -0.789694 171.181 226.2219 -0.789694 169.4588 231.6414 2.210306 169.4588 231.6414 -0.789694 169.4588 231.6414 2.210306 165.7276 230.5005 2.210306 169.4588 231.6414 -0.789694 169.4588 231.6414 -0.789694 165.7276 230.5005 2.210306 165.7276 230.5005 -0.789694 165.7276 230.5005 2.210306 164.2925 235.92 2.210306 165.7276 230.5005 -0.789694 165.7276 230.5005 -0.789694 164.2925 235.92 2.210306 164.2925 235.92 -0.789694 164.2925 235.92 2.210306 175.4861 239.343 2.210306 164.2925 235.92 -0.789694 164.2925 235.92 -0.789694 175.4861 239.343 2.210306 175.4861 239.343 -0.789694 175.4861 239.343 2.210306 172.9029 247.9002 2.210306 175.4861 239.343 -0.789694 175.4861 239.343 -0.789694 172.9029 247.9002 2.210306 172.9029 247.9002 -0.789694 182.0874 250.7526 2.210306 183.5225 245.9036 2.210306 182.0874 250.7526 -0.789694 182.0874 250.7526 -0.789694 183.5225 245.9036 2.210306 183.5225 245.9036 -0.789694 172.9029 247.9002 2.210306 182.0874 250.7526 2.210306 172.9029 247.9002 -0.789694 172.9029 247.9002 -0.789694 182.0874 250.7526 2.210306 182.0874 250.7526 -0.789694 -140.8079 -15.94714 2.186099 -135.9285 -12.80953 2.186099 -125.3089 -29.06827 2.186099 -135.9286 -31.06489 2.186099 -141.669 -22.50765 2.186099 -137.9377 -20.22575 2.186099 -150.5667 -31.63527 2.186099 -146.5484 -29.06814 2.186099 -142.2431 -35.34345 2.186099 -132.7715 -41.61879 2.186099 -140.5211 -46.75306 2.186099 -150.5667 -31.63527 2.186099 -137.9377 -20.22575 2.186099 -140.8079 -15.94714 2.186099 -125.3089 -29.06827 2.186099 -132.7715 -41.61879 2.186099 -150.5667 -31.63527 2.186099 -142.2431 -35.34345 2.186099 -135.9286 -31.06489 2.186099 -137.9377 -20.22575 2.186099 -125.3089 -29.06827 2.186099 -136.2157 -36.48445 2.186099 -132.7715 -41.61879 2.186099 -142.2431 -35.34345 2.186099 -135.9286 -31.06489 2.186099 -125.3089 -29.06827 2.186099 -136.2157 -36.48445 2.186099 -136.2157 -36.48445 2.186099 -142.2431 -35.34345 2.186099 -135.9286 -31.06489 2.186099 -125.3089 -29.06827 5.186099 -135.9285 -12.80953 5.186099 -140.8079 -15.94714 5.186099 -137.9377 -20.22575 5.186099 -141.669 -22.50765 5.186099 -135.9286 -31.06489 5.186099 -142.2431 -35.34345 5.186099 -146.5484 -29.06814 5.186099 -150.5667 -31.63527 5.186099 -150.5667 -31.63527 5.186099 -140.5211 -46.75306 5.186099 -132.7715 -41.61879 5.186099 -125.3089 -29.06827 5.186099 -140.8079 -15.94714 5.186099 -137.9377 -20.22575 5.186099 -142.2431 -35.34345 5.186099 -150.5667 -31.63527 5.186099 -132.7715 -41.61879 5.186099 -125.3089 -29.06827 5.186099 -137.9377 -20.22575 5.186099 -135.9286 -31.06489 5.186099 -142.2431 -35.34345 5.186099 -132.7715 -41.61879 5.186099 -136.2157 -36.48445 5.186099 -136.2157 -36.48445 5.186099 -125.3089 -29.06827 5.186099 -135.9286 -31.06489 5.186099 -135.9286 -31.06489 5.186099 -142.2431 -35.34345 5.186099 -136.2157 -36.48445 5.186099 -125.3089 -29.06827 5.186099 -136.2157 -36.48445 5.186099 -125.3089 -29.06827 2.186099 -125.3089 -29.06827 2.186099 -136.2157 -36.48445 5.186099 -136.2157 -36.48445 2.186099 -136.2157 -36.48445 5.186099 -132.7715 -41.61879 5.186099 -136.2157 -36.48445 2.186099 -136.2157 -36.48445 2.186099 -132.7715 -41.61879 5.186099 -132.7715 -41.61879 2.186099 -132.7715 -41.61879 5.186099 -140.5211 -46.75306 5.186099 -132.7715 -41.61879 2.186099 -132.7715 -41.61879 2.186099 -140.5211 -46.75306 5.186099 -140.5211 -46.75306 2.186099 -140.5211 -46.75306 5.186099 -150.5667 -31.63527 5.186099 -140.5211 -46.75306 2.186099 -140.5211 -46.75306 2.186099 -150.5667 -31.63527 5.186099 -150.5667 -31.63527 2.186099 -150.5667 -31.63527 5.186099 -146.5484 -29.06814 5.186099 -150.5667 -31.63527 2.186099 -150.5667 -31.63527 2.186099 -146.5484 -29.06814 5.186099 -146.5484 -29.06814 2.186099 -146.5484 -29.06814 5.186099 -142.2431 -35.34345 5.186099 -146.5484 -29.06814 2.186099 -146.5484 -29.06814 2.186099 -142.2431 -35.34345 5.186099 -142.2431 -35.34345 2.186099 -142.2431 -35.34345 5.186099 -135.9286 -31.06489 5.186099 -142.2431 -35.34345 2.186099 -142.2431 -35.34345 2.186099 -135.9286 -31.06489 5.186099 -135.9286 -31.06489 2.186099 -135.9286 -31.06489 5.186099 -141.669 -22.50765 5.186099 -135.9286 -31.06489 2.186099 -135.9286 -31.06489 2.186099 -141.669 -22.50765 5.186099 -141.669 -22.50765 2.186099 -141.669 -22.50765 5.186099 -137.9377 -20.22575 5.186099 -141.669 -22.50765 2.186099 -141.669 -22.50765 2.186099 -137.9377 -20.22575 5.186099 -137.9377 -20.22575 2.186099 -137.9377 -20.22575 5.186099 -140.8079 -15.94714 5.186099 -137.9377 -20.22575 2.186099 -137.9377 -20.22575 2.186099 -140.8079 -15.94714 5.186099 -140.8079 -15.94714 2.186099 -135.9285 -12.80953 5.186099 -125.3089 -29.06827 5.186099 -135.9285 -12.80953 2.186099 -135.9285 -12.80953 2.186099 -125.3089 -29.06827 5.186099 -125.3089 -29.06827 2.186099 -140.8079 -15.94714 5.186099 -135.9285 -12.80953 5.186099 -140.8079 -15.94714 2.186099 -140.8079 -15.94714 2.186099 -135.9285 -12.80953 5.186099 -135.9285 -12.80953 2.186099 -26.28675 121.2529 2.437818 20.78422 136.0854 2.437818 23.65441 126.9577 2.437818 11.31264 122.6791 2.437818 -23.41657 111.84 2.437818 -26.28675 121.2529 2.437818 -17.38921 91.01744 2.437818 -21.40745 103.568 2.437818 13.89581 114.6924 2.437818 -11.64884 74.47351 2.437818 -14.51903 83.31596 2.437818 20.49724 94.44032 2.437818 31.97798 98.14846 2.437818 34.84818 89.02078 2.437818 -11.64884 74.47351 2.437818 25.37653 118.4005 2.437818 29.3948 105.8499 2.437818 22.21935 103.568 2.437818 -26.28675 121.2529 2.437818 23.65441 126.9577 2.437818 15.33089 124.3905 2.437818 18.20109 102.427 2.437818 -17.38921 91.01744 2.437818 13.89581 114.6924 2.437818 31.97798 98.14846 2.437818 -11.64884 74.47351 2.437818 20.49724 94.44032 2.437818 17.91406 116.1186 2.437818 25.37653 118.4005 2.437818 22.21935 103.568 2.437818 11.31264 122.6791 2.437818 -26.28675 121.2529 2.437818 15.33089 124.3905 2.437818 18.20109 102.427 2.437818 13.89581 114.6924 2.437818 11.31264 122.6791 2.437818 24.5155 95.86653 2.437818 31.97798 98.14846 2.437818 20.49724 94.44032 2.437818 17.91406 116.1186 2.437818 22.21935 103.568 2.437818 24.5155 95.86653 2.437818 11.31264 122.6791 2.437818 15.33089 124.3905 2.437818 17.91406 116.1186 2.437818 24.5155 95.86653 2.437818 20.49724 94.44032 2.437818 18.20109 102.427 2.437818 11.31264 122.6791 2.437818 17.91406 116.1186 2.437818 24.5155 95.86653 2.437818 24.5155 95.86653 2.437818 18.20109 102.427 2.437818 11.31264 122.6791 2.437818 23.65441 126.9577 5.437818 20.78422 136.0854 5.437818 -26.28675 121.2529 5.437818 -26.28675 121.2529 5.437818 -23.41657 111.84 5.437818 11.31264 122.6791 5.437818 13.89581 114.6924 5.437818 -21.40745 103.568 5.437818 -17.38921 91.01744 5.437818 20.49724 94.44032 5.437818 -14.51903 83.31596 5.437818 -11.64884 74.47351 5.437818 -11.64884 74.47351 5.437818 34.84818 89.02078 5.437818 31.97798 98.14846 5.437818 22.21935 103.568 5.437818 29.3948 105.8499 5.437818 25.37653 118.4005 5.437818 15.33089 124.3905 5.437818 23.65441 126.9577 5.437818 -26.28675 121.2529 5.437818 13.89581 114.6924 5.437818 -17.38921 91.01744 5.437818 18.20109 102.427 5.437818 20.49724 94.44032 5.437818 -11.64884 74.47351 5.437818 31.97798 98.14846 5.437818 22.21935 103.568 5.437818 25.37653 118.4005 5.437818 17.91406 116.1186 5.437818 15.33089 124.3905 5.437818 -26.28675 121.2529 5.437818 11.31264 122.6791 5.437818 11.31264 122.6791 5.437818 13.89581 114.6924 5.437818 18.20109 102.427 5.437818 20.49724 94.44032 5.437818 31.97798 98.14846 5.437818 24.5155 95.86653 5.437818 24.5155 95.86653 5.437818 22.21935 103.568 5.437818 17.91406 116.1186 5.437818 17.91406 116.1186 5.437818 15.33089 124.3905 5.437818 11.31264 122.6791 5.437818 18.20109 102.427 5.437818 20.49724 94.44032 5.437818 24.5155 95.86653 5.437818 24.5155 95.86653 5.437818 17.91406 116.1186 5.437818 11.31264 122.6791 5.437818 11.31264 122.6791 5.437818 18.20109 102.427 5.437818 24.5155 95.86653 5.437818 23.65441 126.9577 5.437818 15.33089 124.3905 5.437818 23.65441 126.9577 2.437818 23.65441 126.9577 2.437818 15.33089 124.3905 5.437818 15.33089 124.3905 2.437818 15.33089 124.3905 5.437818 17.91406 116.1186 5.437818 15.33089 124.3905 2.437818 15.33089 124.3905 2.437818 17.91406 116.1186 5.437818 17.91406 116.1186 2.437818 17.91406 116.1186 5.437818 25.37653 118.4005 5.437818 17.91406 116.1186 2.437818 17.91406 116.1186 2.437818 25.37653 118.4005 5.437818 25.37653 118.4005 2.437818 25.37653 118.4005 5.437818 29.3948 105.8499 5.437818 25.37653 118.4005 2.437818 25.37653 118.4005 2.437818 29.3948 105.8499 5.437818 29.3948 105.8499 2.437818 29.3948 105.8499 5.437818 22.21935 103.568 5.437818 29.3948 105.8499 2.437818 29.3948 105.8499 2.437818 22.21935 103.568 5.437818 22.21935 103.568 2.437818 22.21935 103.568 5.437818 24.5155 95.86653 5.437818 22.21935 103.568 2.437818 22.21935 103.568 2.437818 24.5155 95.86653 5.437818 24.5155 95.86653 2.437818 24.5155 95.86653 5.437818 31.97798 98.14846 5.437818 24.5155 95.86653 2.437818 24.5155 95.86653 2.437818 31.97798 98.14846 5.437818 31.97798 98.14846 2.437818 31.97798 98.14846 5.437818 34.84818 89.02078 5.437818 31.97798 98.14846 2.437818 31.97798 98.14846 2.437818 34.84818 89.02078 5.437818 34.84818 89.02078 2.437818 34.84818 89.02078 5.437818 -11.64884 74.47351 5.437818 34.84818 89.02078 2.437818 34.84818 89.02078 2.437818 -11.64884 74.47351 5.437818 -11.64884 74.47351 2.437818 -11.64884 74.47351 5.437818 -14.51903 83.31596 5.437818 -11.64884 74.47351 2.437818 -11.64884 74.47351 2.437818 -14.51903 83.31596 5.437818 -14.51903 83.31596 2.437818 -14.51903 83.31596 5.437818 20.49724 94.44032 5.437818 -14.51903 83.31596 2.437818 -14.51903 83.31596 2.437818 20.49724 94.44032 5.437818 20.49724 94.44032 2.437818 20.49724 94.44032 5.437818 18.20109 102.427 5.437818 20.49724 94.44032 2.437818 20.49724 94.44032 2.437818 18.20109 102.427 5.437818 18.20109 102.427 2.437818 18.20109 102.427 5.437818 -17.38921 91.01744 5.437818 18.20109 102.427 2.437818 18.20109 102.427 2.437818 -17.38921 91.01744 5.437818 -17.38921 91.01744 2.437818 -17.38921 91.01744 5.437818 -21.40745 103.568 5.437818 -17.38921 91.01744 2.437818 -17.38921 91.01744 2.437818 -21.40745 103.568 5.437818 -21.40745 103.568 2.437818 -21.40745 103.568 5.437818 13.89581 114.6924 5.437818 -21.40745 103.568 2.437818 -21.40745 103.568 2.437818 13.89581 114.6924 5.437818 13.89581 114.6924 2.437818 13.89581 114.6924 5.437818 11.31264 122.6791 5.437818 13.89581 114.6924 2.437818 13.89581 114.6924 2.437818 11.31264 122.6791 5.437818 11.31264 122.6791 2.437818 11.31264 122.6791 5.437818 -23.41657 111.84 5.437818 11.31264 122.6791 2.437818 11.31264 122.6791 2.437818 -23.41657 111.84 5.437818 -23.41657 111.84 2.437818 -23.41657 111.84 5.437818 -26.28675 121.2529 5.437818 -23.41657 111.84 2.437818 -23.41657 111.84 2.437818 -26.28675 121.2529 5.437818 -26.28675 121.2529 2.437818 20.78422 136.0854 5.437818 23.65441 126.9577 5.437818 20.78422 136.0854 2.437818 20.78422 136.0854 2.437818 23.65441 126.9577 5.437818 23.65441 126.9577 2.437818 -26.28675 121.2529 5.437818 20.78422 136.0854 5.437818 -26.28675 121.2529 2.437818 -26.28675 121.2529 2.437818 20.78422 136.0854 5.437818 20.78422 136.0854 2.437818</float_array>
          <technique_common>
            <accessor count="3924" source="#verts-array-array" stride="3">
              <param type="float" name="X" />
              <param type="float" name="Y" />
              <param type="float" name="Z" />
            </accessor>
          </technique_common>
        </source>
        <source id="normals-array">
          <float_array count="11772" id="normals-array-array">0 0 -1 0 0 -1 0 0 -1 0 0 -1 0 0 -1 0 0 -1 0 0 1 0 0 1 0 0 1 0 0 1 0 0 1 0 0 1 0.9143868 -0.4048418 0 0.9143868 -0.4048418 0 0.9143868 -0.4048418 0 0.9143868 -0.4048418 0 0.9143868 -0.4048418 0 0.9143868 -0.4048418 0 -0.382588 -0.923919 0 -0.382588 -0.923919 0 -0.382588 -0.923919 0 -0.382588 -0.923919 0 -0.382588 -0.923919 0 -0.382588 -0.923919 0 0.382588 0.9239191 0 0.382588 0.9239191 0 0.382588 0.9239191 0 0.382588 0.9239191 0 0.382588 0.9239191 0 0.382588 0.9239191 0 -0.9143867 0.404842 0 -0.9143867 0.404842 0 -0.9143867 0.404842 0 -0.9143867 0.404842 0 -0.9143867 0.404842 0 -0.9143867 0.404842 0 0 0 -1 0 0 -1 0 0 -1 0 0 -1 0 0 -1 0 0 -1 0 0 1 0 0 1 0 0 1 0 0 1 0 0 1 0 0 1 0.1058738 -0.9943796 0 0.1058738 -0.9943796 0 0.1058738 -0.9943796 0 0.1058738 -0.9943796 0 0.1058738 -0.9943796 0 0.1058738 -0.9943796 0 -0.9960825 -0.08842877 0 -0.9960825 -0.08842877 0 -0.9960825 -0.08842877 0 -0.9960825 -0.08842877 0 -0.9960825 -0.08842877 0 -0.9960825 -0.08842877 0 0.9960824 0.08842949 0 0.9960824 0.08842949 0 0.9960824 0.08842949 0 0.9960824 0.08842949 0 0.9960824 0.08842949 0 0.9960824 0.08842949 0 -0.1058738 0.9943796 0 -0.1058738 0.9943796 0 -0.1058738 0.9943796 0 -0.1058738 0.9943796 0 -0.1058738 0.9943796 0 -0.1058738 0.9943796 0 0 0 -1 0 0 -1 0 0 -1 0 0 -1 0 0 -1 0 0 -1 0 0 1 0 0 1 0 0 1 0 0 1 0 0 1 0 0 1 0.6408414 -0.7676733 0 0.6408414 -0.7676733 0 0.6408414 -0.7676733 0 0.6408414 -0.7676733 0 0.6408414 -0.7676733 0 0.6408414 -0.7676733 0 -0.7629368 -0.6464731 0 -0.7629368 -0.6464731 0 -0.7629368 -0.6464731 0 -0.7629368 -0.6464731 0 -0.7629368 -0.6464731 0 -0.7629368 -0.6464731 0 0.7629366 0.6464733 0 0.7629366 0.6464733 0 0.7629366 0.6464733 0 0.7629366 0.6464733 0 0.7629366 0.6464733 0 0.7629366 0.6464733 0 -0.6408413 0.7676734 0 -0.6408413 0.7676734 0 -0.6408413 0.7676734 0 -0.6408413 0.7676734 0 -0.6408413 0.7676734 0 -0.6408413 0.7676734 0 0 0 -1 0 0 -1 0 0 -1 0 0 -1 0 0 -1 0 0 -1 0 0 1 0 0 1 0 0 1 0 0 1 0 0 1 0 0 1 0.9775345 -0.2107753 0 0.9775345 -0.2107753 0 0.9775345 -0.2107753 0 0.9775345 -0.2107753 0 0.9775345 -0.2107753 0 0.9775345 -0.2107753 0 -0.1739833 -0.9847486 0 -0.1739833 -0.9847486 0 -0.1739833 -0.9847486 0 -0.1739833 -0.9847486 0 -0.1739833 -0.9847486 0 -0.1739833 -0.9847486 0 0.190867 0.9816159 0 0.190867 0.9816159 0 0.190867 0.9816159 0 0.190867 0.9816159 0 0.190867 0.9816159 0 0.190867 0.9816159 0 -0.9852825 0.170934 0 -0.9852825 0.170934 0 -0.9852825 0.170934 0 -0.9852825 0.170934 0 -0.9852825 0.170934 0 -0.9852825 0.170934 0 0 0 -1 0 0 -1 0 0 -1 0 0 -1 0 0 -1 0 0 -1 0 0 1 0 0 1 0 0 1 0 0 1 0 0 1 0 0 1 0.9356053 -0.3530478 0 0.9356053 -0.3530478 0 0.9356053 -0.3530478 0 0.9356053 -0.3530478 0 0.9356053 -0.3530478 0 0.9356053 -0.3530478 0 -0.3604994 -0.9327595 0 -0.3604994 -0.9327595 0 -0.3604994 -0.9327595 0 -0.3604994 -0.9327595 0 -0.3604994 -0.9327595 0 -0.3604994 -0.9327595 0 0.3694105 0.9292663 0 0.3694105 0.9292663 0 0.3694105 0.9292663 0 0.3694105 0.9292663 0 0.3694105 0.9292663 0 0.3694105 0.9292663 0 -0.9256437 0.3783962 0 -0.9256437 0.3783962 0 -0.9256437 0.3783962 0 -0.9256437 0.3783962 0 -0.9256437 0.3783962 0 -0.9256437 0.3783962 0 0 0 -1 0 0 -1 0 0 -1 0 0 -1 0 0 -1 0 0 -1 0 0 1 0 0 1 0 0 1 0 0 1 0 0 1 0 0 1 0.7874958 -0.61632 0 0.7874958 -0.61632 0 0.7874958 -0.61632 0 0.7874958 -0.61632 0 0.7874958 -0.61632 0 0.7874958 -0.61632 0 -0.6190258 -0.7853706 0 -0.6190258 -0.7853706 0 -0.6190258 -0.7853706 0 -0.6190258 -0.7853706 0 -0.6190258 -0.7853706 0 -0.6190258 -0.7853706 0 0.6190257 0.7853707 0 0.6190257 0.7853707 0 0.6190257 0.7853707 0 0.6190257 0.7853707 0 0.6190257 0.7853707 0 0.6190257 0.7853707 0 -0.7874955 0.6163204 0 -0.7874955 0.6163204 0 -0.7874955 0.6163204 0 -0.7874955 0.6163204 0 -0.7874955 0.6163204 0 -0.7874955 0.6163204 0 0 0 -1 0 0 -1 0 0 -1 0 0 -1 0 0 -1 0 0 -1 0 0 1 0 0 1 0 0 1 0 0 1 0 0 1 0 0 1 0.7394556 -0.6732054 0 0.7394556 -0.6732054 0 0.7394556 -0.6732054 0 0.7394556 -0.6732054 0 0.7394556 -0.6732054 0 0.7394556 -0.6732054 0 -0.6620563 -0.7494541 0 -0.6620563 -0.7494541 0 -0.6620563 -0.7494541 0 -0.6620563 -0.7494541 0 -0.6620563 -0.7494541 0 -0.6620563 -0.7494541 0 0.6620563 0.7494541 0 0.6620563 0.7494541 0 0.6620563 0.7494541 0 0.6620563 0.7494541 0 0.6620563 0.7494541 0 0.6620563 0.7494541 0 -0.7394554 0.6732056 0 -0.7394554 0.6732056 0 -0.7394554 0.6732056 0 -0.7394554 0.6732056 0 -0.7394554 0.6732056 0 -0.7394554 0.6732056 0 0 0 -1 0 0 -1 0 0 -1 0 0 -1 0 0 -1 0 0 -1 0 0 1 0 0 1 0 0 1 0 0 1 0 0 1 0 0 1 0.2873661 -0.9578208 0 0.2873661 -0.9578208 0 0.2873661 -0.9578208 0 0.2873661 -0.9578208 0 0.2873661 -0.9578208 0 0.2873661 -0.9578208 0 -0.9499218 -0.3124878 0 -0.9499218 -0.3124878 0 -0.9499218 -0.3124878 0 -0.9499218 -0.3124878 0 -0.9499218 -0.3124878 0 -0.9499218 -0.3124878 0 0.9568277 0.2906556 0 0.9568277 0.2906556 0 0.9568277 0.2906556 0 0.9568277 0.2906556 0 0.9568277 0.2906556 0 0.9568277 0.2906556 0 -0.2985956 0.9543797 0 -0.2985956 0.9543797 0 -0.2985956 0.9543797 0 -0.2985956 0.9543797 0 -0.2985956 0.9543797 0 -0.2985956 0.9543797 0 0 0 -1 0 0 -1 0 0 -1 0 0 -1 0 0 -1 0 0 -1 0 0 1 0 0 1 0 0 1 0 0 1 0 0 1 0 0 1 0.2814094 -0.9595878 0 0.2814094 -0.9595878 0 0.2814094 -0.9595878 0 0.2814094 -0.9595878 0 0.2814094 -0.9595878 0 0.2814094 -0.9595878 0 -0.9573312 -0.2889931 0 -0.9573312 -0.2889931 0 -0.9573312 -0.2889931 0 -0.9573312 -0.2889931 0 -0.9573312 -0.2889931 0 -0.9573312 -0.2889931 0 0.957331 0.2889938 0 0.957331 0.2889938 0 0.957331 0.2889938 0 0.957331 0.2889938 0 0.957331 0.2889938 0 0.957331 0.2889938 0 -0.2814094 0.9595878 0 -0.2814094 0.9595878 0 -0.2814094 0.9595878 0 -0.2814094 0.9595878 0 -0.2814094 0.9595878 0 -0.2814094 0.9595878 0 0 0 -1 0 0 -1 0 0 -1 0 0 -1 0 0 -1 0 0 -1 0 0 1 0 0 1 0 0 1 0 0 1 0 0 1 0 0 1 0.7326959 -0.6805562 0 0.7326959 -0.6805562 0 0.7326959 -0.6805562 0 0.7326959 -0.6805562 0 0.7326959 -0.6805562 0 0.7326959 -0.6805562 0 -0.6741235 -0.7386187 0 -0.6741235 -0.7386187 0 -0.6741235 -0.7386187 0 -0.6741235 -0.7386187 0 -0.6741235 -0.7386187 0 -0.6741235 -0.7386187 0 0.6741234 0.7386188 0 0.6741234 0.7386188 0 0.6741234 0.7386188 0 0.6741234 0.7386188 0 0.6741234 0.7386188 0 0.6741234 0.7386188 0 -0.7326957 0.6805564 0 -0.7326957 0.6805564 0 -0.7326957 0.6805564 0 -0.7326957 0.6805564 0 -0.7326957 0.6805564 0 -0.7326957 0.6805564 0 0 0 -1 0 0 -1 0 0 -1 0 0 -1 0 0 -1 0 0 -1 0 0 1 0 0 1 0 0 1 0 0 1 0 0 1 0 0 1 0.8304513 -0.5570912 0 0.8304513 -0.5570912 0 0.8304513 -0.5570912 0 0.8304513 -0.5570912 0 0.8304513 -0.5570912 0 0.8304513 -0.5570912 0 -0.5276358 -0.8494707 0 -0.5276358 -0.8494707 0 -0.5276358 -0.8494707 0 -0.5276358 -0.8494707 0 -0.5276358 -0.8494707 0 -0.5276358 -0.8494707 0 0.5641424 0.8256775 0 0.5641424 0.8256775 0 0.5641424 0.8256775 0 0.5641424 0.8256775 0 0.5641424 0.8256775 0 0.5641424 0.8256775 0 -0.8346737 0.5507448 0 -0.8346737 0.5507448 0 -0.8346737 0.5507448 0 -0.8346737 0.5507448 0 -0.8346737 0.5507448 0 -0.8346737 0.5507448 0 0 0 -1 0 0 -1 0 0 -1 0 0 -1 0 0 -1 0 0 -1 0 0 1 0 0 1 0 0 1 0 0 1 0 0 1 0 0 1 0.6533543 -0.7570523 0 0.6533543 -0.7570523 0 0.6533543 -0.7570523 0 0.6533543 -0.7570523 0 0.6533543 -0.7570523 0 0.6533543 -0.7570523 0 -0.7338337 -0.6793291 0 -0.7338337 -0.6793291 0 -0.7338337 -0.6793291 0 -0.7338337 -0.6793291 0 -0.7338337 -0.6793291 0 -0.7338337 -0.6793291 0 0.7614052 0.6482762 0 0.7614052 0.6482762 0 0.7614052 0.6482762 0 0.7614052 0.6482762 0 0.7614052 0.6482762 0 0.7614052 0.6482762 0 -0.6548053 0.7557976 0 -0.6548053 0.7557976 0 -0.6548053 0.7557976 0 -0.6548053 0.7557976 0 -0.6548053 0.7557976 0 -0.6548053 0.7557976 0 0 0 -1 0 0 -1 0 0 -1 0 0 -1 0 0 -1 0 0 -1 0 0 1 0 0 1 0 0 1 0 0 1 0 0 1 0 0 1 0.9715121 -0.2369898 0 0.9715121 -0.2369898 0 0.9715121 -0.2369898 0 0.9715121 -0.2369898 0 0.9715121 -0.2369898 0 0.9715121 -0.2369898 0 -0.2530255 -0.9674596 0 -0.2530255 -0.9674596 0 -0.2530255 -0.9674596 0 -0.2530255 -0.9674596 0 -0.2530255 -0.9674596 0 -0.2530255 -0.9674596 0 0.2291212 0.9733979 0 0.2291212 0.9733979 0 0.2291212 0.9733979 0 0.2291212 0.9733979 0 0.2291212 0.9733979 0 0.2291212 0.9733979 0 -0.9697849 0.2439616 0 -0.9697849 0.2439616 0 -0.9697849 0.2439616 0 -0.9697849 0.2439616 0 -0.9697849 0.2439616 0 -0.9697849 0.2439616 0 0 0 -1 0 0 -1 0 0 -1 0 0 -1 0 0 -1 0 0 -1 0 0 1 0 0 1 0 0 1 0 0 1 0 0 1 0 0 1 0.2877515 -0.9577051 0 0.2877515 -0.9577051 0 0.2877515 -0.9577051 0 0.2877515 -0.9577051 0 0.2877515 -0.9577051 0 0.2877515 -0.9577051 0 -0.9534568 -0.3015295 0 -0.9534568 -0.3015295 0 -0.9534568 -0.3015295 0 -0.9534568 -0.3015295 0 -0.9534568 -0.3015295 0 -0.9534568 -0.3015295 0 0.9534567 0.30153 0 0.9534567 0.30153 0 0.9534567 0.30153 0 0.9534567 0.30153 0 0.9534567 0.30153 0 0.9534567 0.30153 0 -0.2877515 0.9577051 0 -0.2877515 0.9577051 0 -0.2877515 0.9577051 0 -0.2877515 0.9577051 0 -0.2877515 0.9577051 0 -0.2877515 0.9577051 0 0 0 -1 0 0 -1 0 0 -1 0 0 -1 0 0 -1 0 0 -1 0 0 1 0 0 1 0 0 1 0 0 1 0 0 1 0 0 1 0.7477884 -0.6639372 0 0.7477884 -0.6639372 0 0.7477884 -0.6639372 0 0.7477884 -0.6639372 0 0.7477884 -0.6639372 0 0.7477884 -0.6639372 0 -0.663067 -0.7485601 0 -0.663067 -0.7485601 0 -0.663067 -0.7485601 0 -0.663067 -0.7485601 0 -0.663067 -0.7485601 0 -0.663067 -0.7485601 0 0.6712035 0.7412731 0 0.6712035 0.7412731 0 0.6712035 0.7412731 0 0.6712035 0.7412731 0 0.6712035 0.7412731 0 0.6712035 0.7412731 0 -0.7260647 0.6876264 0 -0.7260647 0.6876264 0 -0.7260647 0.6876264 0 -0.7260647 0.6876264 0 -0.7260647 0.6876264 0 -0.7260647 0.6876264 0 0 0 -1 0 0 -1 0 0 -1 0 0 -1 0 0 -1 0 0 -1 0 0 1 0 0 1 0 0 1 0 0 1 0 0 1 0 0 1 0.7816108 -0.6237664 0 0.7816108 -0.6237664 0 0.7816108 -0.6237664 0 0.7816108 -0.6237664 0 0.7816108 -0.6237664 0 0.7816108 -0.6237664 0 -0.6020047 -0.7984926 0 -0.6020047 -0.7984926 0 -0.6020047 -0.7984926 0 -0.6020047 -0.7984926 0 -0.6020047 -0.7984926 0 -0.6020047 -0.7984926 0 0.6190257 0.7853708 0 0.6190257 0.7853708 0 0.6190257 0.7853708 0 0.6190257 0.7853708 0 0.6190257 0.7853708 0 0.6190257 0.7853708 0 -0.7867721 0.6172436 0 -0.7867721 0.6172436 0 -0.7867721 0.6172436 0 -0.7867721 0.6172436 0 -0.7867721 0.6172436 0 -0.7867721 0.6172436 0 0 0 -1 0 0 -1 0 0 -1 0 0 -1 0 0 -1 0 0 -1 0 0 1 0 0 1 0 0 1 0 0 1 0 0 1 0 0 1 0.2495108 -0.968372 0 0.2495108 -0.968372 0 0.2495108 -0.968372 0 0.2495108 -0.968372 0 0.2495108 -0.968372 0 0.2495108 -0.968372 0 -0.9655428 -0.2602442 0 -0.9655428 -0.2602442 0 -0.9655428 -0.2602442 0 -0.9655428 -0.2602442 0 -0.9655428 -0.2602442 0 -0.9655428 -0.2602442 0 0.9655427 0.2602448 0 0.9655427 0.2602448 0 0.9655427 0.2602448 0 0.9655427 0.2602448 0 0.9655427 0.2602448 0 0.9655427 0.2602448 0 -0.2495107 0.968372 0 -0.2495107 0.968372 0 -0.2495107 0.968372 0 -0.2495107 0.968372 0 -0.2495107 0.968372 0 -0.2495107 0.968372 0 0 0 -1 0 0 -1 0 0 -1 0 0 -1 0 0 -1 0 0 -1 0 0 1 0 0 1 0 0 1 0 0 1 0 0 1 0 0 1 0.1254865 -0.9920953 0 0.1254865 -0.9920953 0 0.1254865 -0.9920953 0 0.1254865 -0.9920953 0 0.1254865 -0.9920953 0 0.1254865 -0.9920953 0 -0.9930658 -0.1175598 0 -0.9930658 -0.1175598 0 -0.9930658 -0.1175598 0 -0.9930658 -0.1175598 0 -0.9930658 -0.1175598 0 -0.9930658 -0.1175598 0 0.9927886 0.1198782 0 0.9927886 0.1198782 0 0.9927886 0.1198782 0 0.9927886 0.1198782 0 0.9927886 0.1198782 0 0.9927886 0.1198782 0 -0.1077854 0.9941742 0 -0.1077854 0.9941742 0 -0.1077854 0.9941742 0 -0.1077854 0.9941742 0 -0.1077854 0.9941742 0 -0.1077854 0.9941742 0 0 0 -1 0 0 -1 0 0 -1 0 0 -1 0 0 -1 0 0 -1 0 0 1 0 0 1 0 0 1 0 0 1 0 0 1 0 0 1 0.9087046 -0.4174397 0 0.9087046 -0.4174397 0 0.9087046 -0.4174397 0 0.9087046 -0.4174397 0 0.9087046 -0.4174397 0 0.9087046 -0.4174397 0 -0.4248476 -0.9052649 0 -0.4248476 -0.9052649 0 -0.4248476 -0.9052649 0 -0.4248476 -0.9052649 0 -0.4248476 -0.9052649 0 -0.4248476 -0.9052649 0 0.4040422 0.9147403 0 0.4040422 0.9147403 0 0.4040422 0.9147403 0 0.4040422 0.9147403 0 0.4040422 0.9147403 0 0.4040422 0.9147403 0 -0.9051674 0.4250554 0 -0.9051674 0.4250554 0 -0.9051674 0.4250554 0 -0.9051674 0.4250554 0 -0.9051674 0.4250554 0 -0.9051674 0.4250554 0 0 0 -1 0 0 -1 0 0 -1 0 0 -1 0 0 -1 0 0 -1 0 0 1 0 0 1 0 0 1 0 0 1 0 0 1 0 0 1 0.2805605 -0.9598364 0 0.2805605 -0.9598364 0 0.2805605 -0.9598364 0 0.2805605 -0.9598364 0 0.2805605 -0.9598364 0 0.2805605 -0.9598364 0 -0.9597269 -0.2809346 0 -0.9597269 -0.2809346 0 -0.9597269 -0.2809346 0 -0.9597269 -0.2809346 0 -0.9597269 -0.2809346 0 -0.9597269 -0.2809346 0 0.9548817 0.2969863 0 0.9548817 0.2969863 0 0.9548817 0.2969863 0 0.9548817 0.2969863 0 0.9548817 0.2969863 0 0.9548817 0.2969863 0 -0.2883648 0.9575206 0 -0.2883648 0.9575206 0 -0.2883648 0.9575206 0 -0.2883648 0.9575206 0 -0.2883648 0.9575206 0 -0.2883648 0.9575206 0 0 0 -1 0 0 -1 0 0 -1 0 0 -1 0 0 -1 0 0 -1 0 0 1 0 0 1 0 0 1 0 0 1 0 0 1 0 0 1 0.9898258 -0.1422842 0 0.9898258 -0.1422842 0 0.9898258 -0.1422842 0 0.9898258 -0.1422842 0 0.9898258 -0.1422842 0 0.9898258 -0.1422842 0 -0.1488988 -0.9888524 0 -0.1488988 -0.9888524 0 -0.1488988 -0.9888524 0 -0.1488988 -0.9888524 0 -0.1488988 -0.9888524 0 -0.1488988 -0.9888524 0 0.1488988 0.9888524 0 0.1488988 0.9888524 0 0.1488988 0.9888524 0 0.1488988 0.9888524 0 0.1488988 0.9888524 0 0.1488988 0.9888524 0 -0.9898258 0.1422846 0 -0.9898258 0.1422846 0 -0.9898258 0.1422846 0 -0.9898258 0.1422846 0 -0.9898258 0.1422846 0 -0.9898258 0.1422846 0 0 0 -1 0 0 -1 0 0 -1 0 0 -1 0 0 -1 0 0 -1 0 0 1 0 0 1 0 0 1 0 0 1 0 0 1 0 0 1 0.9214761 -0.388435 0 0.9214761 -0.388435 0 0.9214761 -0.388435 0 0.9214761 -0.388435 0 0.9214761 -0.388435 0 0.9214761 -0.388435 0 -0.3492202 -0.9370407 0 -0.3492202 -0.9370407 0 -0.3492202 -0.9370407 0 -0.3492202 -0.9370407 0 -0.3492202 -0.9370407 0 -0.3492202 -0.9370407 0 0.3825883 0.9239189 0 0.3825883 0.9239189 0 0.3825883 0.9239189 0 0.3825883 0.9239189 0 0.3825883 0.9239189 0 0.3825883 0.9239189 0 -0.923323 0.3840243 0 -0.923323 0.3840243 0 -0.923323 0.3840243 0 -0.923323 0.3840243 0 -0.923323 0.3840243 0 -0.923323 0.3840243 0 0 0 -1 0 0 -1 0 0 -1 0 0 -1 0 0 -1 0 0 -1 0 0 1 0 0 1 0 0 1 0 0 1 0 0 1 0 0 1 0.3051271 -0.9523116 0 0.3051271 -0.9523116 0 0.3051271 -0.9523116 0 0.3051271 -0.9523116 0 0.3051271 -0.9523116 0 0.3051271 -0.9523116 0 -0.9530422 -0.3028375 0 -0.9530422 -0.3028375 0 -0.9530422 -0.3028375 0 -0.9530422 -0.3028375 0 -0.9530422 -0.3028375 0 -0.9530422 -0.3028375 0 0.9530416 0.3028395 0 0.9530416 0.3028395 0 0.9530416 0.3028395 0 0.9530416 0.3028395 0 0.9530416 0.3028395 0 0.9530416 0.3028395 0 -0.3051271 0.9523116 0 -0.3051271 0.9523116 0 -0.3051271 0.9523116 0 -0.3051271 0.9523116 0 -0.3051271 0.9523116 0 -0.3051271 0.9523116 0 0 0 -1 0 0 -1 0 0 -1 0 0 -1 0 0 -1 0 0 -1 0 0 1 0 0 1 0 0 1 0 0 1 0 0 1 0 0 1 0.2975114 -0.9547183 0 0.2975114 -0.9547183 0 0.2975114 -0.9547183 0 0.2975114 -0.9547183 0 0.2975114 -0.9547183 0 0.2975114 -0.9547183 0 -0.9539478 -0.2999726 0 -0.9539478 -0.2999726 0 -0.9539478 -0.2999726 0 -0.9539478 -0.2999726 0 -0.9539478 -0.2999726 0 -0.9539478 -0.2999726 0 0.9697842 0.2439642 0 0.9697842 0.2439642 0 0.9697842 0.2439642 0 0.9697842 0.2439642 0 0.9697842 0.2439642 0 0.9697842 0.2439642 0 -0.2952301 0.9554262 0 -0.2952301 0.9554262 0 -0.2952301 0.9554262 0 -0.2952301 0.9554262 0 -0.2952301 0.9554262 0 -0.2952301 0.9554262 0 0 0 -1 0 0 -1 0 0 -1 0 0 -1 0 0 -1 0 0 -1 0 0 1 0 0 1 0 0 1 0 0 1 0 0 1 0 0 1 0.2947215 -0.9555832 0 0.2947215 -0.9555832 0 0.2947215 -0.9555832 0 0.2947215 -0.9555832 0 0.2947215 -0.9555832 0 0.2947215 -0.9555832 0 -0.9569086 -0.2903893 0 -0.9569086 -0.2903893 0 -0.9569086 -0.2903893 0 -0.9569086 -0.2903893 0 -0.9569086 -0.2903893 0 -0.9569086 -0.2903893 0 0.9590109 0.283369 0 0.9590109 0.283369 0 0.9590109 0.283369 0 0.9590109 0.283369 0 0.9590109 0.283369 0 0.9590109 0.283369 0 -0.285712 0.9583155 0 -0.285712 0.9583155 0 -0.285712 0.9583155 0 -0.285712 0.9583155 0 -0.285712 0.9583155 0 -0.285712 0.9583155 0 0 0 -1 0 0 -1 0 0 -1 0 0 -1 0 0 -1 0 0 -1 0 0 1 0 0 1 0 0 1 0 0 1 0 0 1 0 0 1 0.288368 -0.9575197 0 0.288368 -0.9575197 0 0.288368 -0.9575197 0 0.288368 -0.9575197 0 0.288368 -0.9575197 0 0.288368 -0.9575197 0 -0.9511474 -0.3087371 0 -0.9511474 -0.3087371 0 -0.9511474 -0.3087371 0 -0.9511474 -0.3087371 0 -0.9511474 -0.3087371 0 -0.9511474 -0.3087371 0 0.9539484 0.2999708 0 0.9539484 0.2999708 0 0.9539484 0.2999708 0 0.9539484 0.2999708 0 0.9539484 0.2999708 0 0.9539484 0.2999708 0 -0.301504 0.9534649 0 -0.301504 0.9534649 0 -0.301504 0.9534649 0 -0.301504 0.9534649 0 -0.301504 0.9534649 0 -0.301504 0.9534649 0 0 0 -1 0 0 -1 0 0 -1 0 0 -1 0 0 -1 0 0 -1 0 0 1 0 0 1 0 0 1 0 0 1 0 0 1 0 0 1 0.2625747 -0.9649117 0 0.2625747 -0.9649117 0 0.2625747 -0.9649117 0 0.2625747 -0.9649117 0 0.2625747 -0.9649117 0 0.2625747 -0.9649117 0 -0.9663083 -0.2573875 0 -0.9663083 -0.2573875 0 -0.9663083 -0.2573875 0 -0.9663083 -0.2573875 0 -0.9663083 -0.2573875 0 -0.9663083 -0.2573875 0 0.966308 0.2573884 0 0.966308 0.2573884 0 0.966308 0.2573884 0 0.966308 0.2573884 0 0.966308 0.2573884 0 0.966308 0.2573884 0 -0.2625747 0.9649117 0 -0.2625747 0.9649117 0 -0.2625747 0.9649117 0 -0.2625747 0.9649117 0 -0.2625747 0.9649117 0 -0.2625747 0.9649117 0 0 0 -1 0 0 -1 0 0 -1 0 0 -1 0 0 -1 0 0 -1 0 0 -1 0 0 -1 0 0 -1 0 0 -1 0 0 -1 0 0 -1 0 0 1 0 0 1 0 0 1 0 0 1 0 0 1 0 0 1 0 0 1 0 0 1 0 0 1 0 0 1 0 0 1 0 0 1 -0.9573297 -0.288998 0 -0.9573297 -0.288998 0 -0.9573297 -0.288998 0 -0.9573297 -0.288998 0 -0.9573297 -0.288998 0 -0.9573297 -0.288998 0 -0.2801532 0.9599553 0 -0.2801532 0.9599553 0 -0.2801532 0.9599553 0 -0.2801532 0.9599553 0 -0.2801532 0.9599553 0 -0.2801532 0.9599553 0 -1 -8.816561e-06 0 -1 -8.816561e-06 0 -1 -8.816561e-06 0 -1 -8.816561e-06 0 -1 -8.816561e-06 0 -1 -8.816561e-06 0 -0.2731547 0.9619701 0 -0.2731547 0.9619701 0 -0.2731547 0.9619701 0 -0.2731547 0.9619701 0 -0.2731547 0.9619701 0 -0.2731547 0.9619701 0 0.2801535 -0.9599552 0 0.2801535 -0.9599552 0 0.2801535 -0.9599552 0 0.2801535 -0.9599552 0 0.2801535 -0.9599552 0 0.2801535 -0.9599552 0 0.9573293 0.2889994 0 0.9573293 0.2889994 0 0.9573293 0.2889994 0 0.9573293 0.2889994 0 0.9573293 0.2889994 0 0.9573293 0.2889994 0 0 0 -1 0 0 -1 0 0 -1 0 0 -1 0 0 -1 0 0 -1 0 0 1 0 0 1 0 0 1 0 0 1 0 0 1 0 0 1 0.257746 -0.9662127 0 0.257746 -0.9662127 0 0.257746 -0.9662127 0 0.257746 -0.9662127 0 0.257746 -0.9662127 0 0.257746 -0.9662127 0 -0.9669839 -0.2548373 0 -0.9669839 -0.2548373 0 -0.9669839 -0.2548373 0 -0.9669839 -0.2548373 0 -0.9669839 -0.2548373 0 -0.9669839 -0.2548373 0 0.9669828 0.2548417 0 0.9669828 0.2548417 0 0.9669828 0.2548417 0 0.9669828 0.2548417 0 0.9669828 0.2548417 0 0.9669828 0.2548417 0 -0.257746 0.9662127 0 -0.257746 0.9662127 0 -0.257746 0.9662127 0 -0.257746 0.9662127 0 -0.257746 0.9662127 0 -0.257746 0.9662127 0 0 0 -1 0 0 -1 0 0 -1 0 0 -1 0 0 -1 0 0 -1 0 0 1 0 0 1 0 0 1 0 0 1 0 0 1 0 0 1 0.3002797 -0.9538512 0 0.3002797 -0.9538512 0 0.3002797 -0.9538512 0 0.3002797 -0.9538512 0 0.3002797 -0.9538512 0 0.3002797 -0.9538512 0 -0.9480905 -0.3180006 0 -0.9480905 -0.3180006 0 -0.9480905 -0.3180006 0 -0.9480905 -0.3180006 0 -0.9480905 -0.3180006 0 -0.9480905 -0.3180006 0 0.9567099 0.2910432 0 0.9567099 0.2910432 0 0.9567099 0.2910432 0 0.9567099 0.2910432 0 0.9567099 0.2910432 0 0.9567099 0.2910432 0 -0.3039106 0.9527006 0 -0.3039106 0.9527006 0 -0.3039106 0.9527006 0 -0.3039106 0.9527006 0 -0.3039106 0.9527006 0 -0.3039106 0.9527006 0 0 0 -1 0 0 -1 0 0 -1 0 0 -1 0 0 -1 0 0 -1 0 0 1 0 0 1 0 0 1 0 0 1 0 0 1 0 0 1 0.8613192 -0.5080642 0 0.8613192 -0.5080642 0 0.8613192 -0.5080642 0 0.8613192 -0.5080642 0 0.8613192 -0.5080642 0 0.8613192 -0.5080642 0 -0.5154501 -0.8569196 0 -0.5154501 -0.8569196 0 -0.5154501 -0.8569196 0 -0.5154501 -0.8569196 0 -0.5154501 -0.8569196 0 -0.5154501 -0.8569196 0 0.5204699 0.85388 0 0.5204699 0.85388 0 0.5204699 0.85388 0 0.5204699 0.85388 0 0.5204699 0.85388 0 0.5204699 0.85388 0 -0.8481636 0.5297345 0 -0.8481636 0.5297345 0 -0.8481636 0.5297345 0 -0.8481636 0.5297345 0 -0.8481636 0.5297345 0 -0.8481636 0.5297345 0 0 0 -1 0 0 -1 0 0 -1 0 0 -1 0 0 -1 0 0 -1 0 0 1 0 0 1 0 0 1 0 0 1 0 0 1 0 0 1 0.2958959 -0.9552202 0 0.2958959 -0.9552202 0 0.2958959 -0.9552202 0 0.2958959 -0.9552202 0 0.2958959 -0.9552202 0 0.2958959 -0.9552202 0 -0.953948 -0.2999719 0 -0.953948 -0.2999719 0 -0.953948 -0.2999719 0 -0.953948 -0.2999719 0 -0.953948 -0.2999719 0 -0.953948 -0.2999719 0 0.9588866 0.2837894 0 0.9588866 0.2837894 0 0.9588866 0.2837894 0 0.9588866 0.2837894 0 0.9588866 0.2837894 0 0.9588866 0.2837894 0 -0.3070832 0.9516827 0 -0.3070832 0.9516827 0 -0.3070832 0.9516827 0 -0.3070832 0.9516827 0 -0.3070832 0.9516827 0 -0.3070832 0.9516827 0 0 0 -1 0 0 -1 0 0 -1 0 0 -1 0 0 -1 0 0 -1 0 0 1 0 0 1 0 0 1 0 0 1 0 0 1 0 0 1 0.3030687 -0.9529687 0 0.3030687 -0.9529687 0 0.3030687 -0.9529687 0 0.3030687 -0.9529687 0 0.3030687 -0.9529687 0 0.3030687 -0.9529687 0 -0.9523764 -0.3049249 0 -0.9523764 -0.3049249 0 -0.9523764 -0.3049249 0 -0.9523764 -0.3049249 0 -0.9523764 -0.3049249 0 -0.9523764 -0.3049249 0 0.9523759 0.3049266 0 0.9523759 0.3049266 0 0.9523759 0.3049266 0 0.9523759 0.3049266 0 0.9523759 0.3049266 0 0.9523759 0.3049266 0 -0.3030687 0.9529687 0 -0.3030687 0.9529687 0 -0.3030687 0.9529687 0 -0.3030687 0.9529687 0 -0.3030687 0.9529687 0 -0.3030687 0.9529687 0 0 0 -1 0 0 -1 0 0 -1 0 0 -1 0 0 -1 0 0 -1 0 0 1 0 0 1 0 0 1 0 0 1 0 0 1 0 0 1 0.9588879 -0.2837851 0 0.9588879 -0.2837851 0 0.9588879 -0.2837851 0 0.9588879 -0.2837851 0 0.9588879 -0.2837851 0 0.9588879 -0.2837851 0 -0.2616049 -0.965175 0 -0.2616049 -0.965175 0 -0.2616049 -0.965175 0 -0.2616049 -0.965175 0 -0.2616049 -0.965175 0 -0.2616049 -0.965175 0 0.2588636 0.9659139 0 0.2588636 0.9659139 0 0.2588636 0.9659139 0 0.2588636 0.9659139 0 0.2588636 0.9659139 0 0.2588636 0.9659139 0 -0.9730974 0.230394 0 -0.9730974 0.230394 0 -0.9730974 0.230394 0 -0.9730974 0.230394 0 -0.9730974 0.230394 0 -0.9730974 0.230394 0 0 0 -1 0 0 -1 0 0 -1 0 0 -1 0 0 -1 0 0 -1 0 0 1 0 0 1 0 0 1 0 0 1 0 0 1 0 0 1 0.3066189 -0.9518324 0 0.3066189 -0.9518324 0 0.3066189 -0.9518324 0 0.3066189 -0.9518324 0 0.3066189 -0.9518324 0 0.3066189 -0.9518324 0 -0.9501575 -0.3117703 0 -0.9501575 -0.3117703 0 -0.9501575 -0.3117703 0 -0.9501575 -0.3117703 0 -0.9501575 -0.3117703 0 -0.9501575 -0.3117703 0 0.950157 0.3117719 0 0.950157 0.3117719 0 0.950157 0.3117719 0 0.950157 0.3117719 0 0.950157 0.3117719 0 0.950157 0.3117719 0 -0.3066189 0.9518324 0 -0.3066189 0.9518324 0 -0.3066189 0.9518324 0 -0.3066189 0.9518324 0 -0.3066189 0.9518324 0 -0.3066189 0.9518324 0 0 0 -1 0 0 -1 0 0 -1 0 0 -1 0 0 -1 0 0 -1 0 0 1 0 0 1 0 0 1 0 0 1 0 0 1 0 0 1 0.2942426 -0.9557308 0 0.2942426 -0.9557308 0 0.2942426 -0.9557308 0 0.2942426 -0.9557308 0 0.2942426 -0.9557308 0 0.2942426 -0.9557308 0 -0.9544468 -0.2983813 0 -0.9544468 -0.2983813 0 -0.9544468 -0.2983813 0 -0.9544468 -0.2983813 0 -0.9544468 -0.2983813 0 -0.9544468 -0.2983813 0 0.9570709 0.289854 0 0.9570709 0.289854 0 0.9570709 0.289854 0 0.9570709 0.289854 0 0.9570709 0.289854 0 0.9570709 0.289854 0 -0.2927888 0.9561771 0 -0.2927888 0.9561771 0 -0.2927888 0.9561771 0 -0.2927888 0.9561771 0 -0.2927888 0.9561771 0 -0.2927888 0.9561771 0 0 0 -1 0 0 -1 0 0 -1 0 0 -1 0 0 -1 0 0 -1 0 0 1 0 0 1 0 0 1 0 0 1 0 0 1 0 0 1 0.282893 -0.9591515 0 0.282893 -0.9591515 0 0.282893 -0.9591515 0 0.282893 -0.9591515 0 0.282893 -0.9591515 0 0.282893 -0.9591515 0 -0.9568272 -0.2906575 0 -0.9568272 -0.2906575 0 -0.9568272 -0.2906575 0 -0.9568272 -0.2906575 0 -0.9568272 -0.2906575 0 -0.9568272 -0.2906575 0 0.9568266 0.2906592 0 0.9568266 0.2906592 0 0.9568266 0.2906592 0 0.9568266 0.2906592 0 0.9568266 0.2906592 0 0.9568266 0.2906592 0 -0.282893 0.9591515 0 -0.282893 0.9591515 0 -0.282893 0.9591515 0 -0.282893 0.9591515 0 -0.282893 0.9591515 0 -0.282893 0.9591515 0 0 0 -1 0 0 -1 0 0 -1 0 0 -1 0 0 -1 0 0 -1 0 0 -1 0 0 -1 0 0 -1 0 0 -1 0 0 -1 0 0 -1 0 0 1 0 0 1 0 0 1 0 0 1 0 0 1 0 0 1 0 0 1 0 0 1 0 0 1 0 0 1 0 0 1 0 0 1 0.8640678 -0.5033755 0 0.8640678 -0.5033755 0 0.8640678 -0.5033755 0 0.8640678 -0.5033755 0 0.8640678 -0.5033755 0 0.8640678 -0.5033755 0 0.4116768 0.9113299 0 0.4116768 0.9113299 0 0.4116768 0.9113299 0 0.4116768 0.9113299 0 0.4116768 0.9113299 0 0.4116768 0.9113299 0 0.8755444 -0.4831377 0 0.8755444 -0.4831377 0 0.8755444 -0.4831377 0 0.8755444 -0.4831377 0 0.8755444 -0.4831377 0 0.8755444 -0.4831377 0 -0.4938182 -0.8695652 0 -0.4938182 -0.8695652 0 -0.4938182 -0.8695652 0 -0.4938182 -0.8695652 0 -0.4938182 -0.8695652 0 -0.4938182 -0.8695652 0 0.4634842 0.8861052 0 0.4634842 0.8861052 0 0.4634842 0.8861052 0 0.4634842 0.8861052 0 0.4634842 0.8861052 0 0.4634842 0.8861052 0 -0.8821349 0.4709969 0 -0.8821349 0.4709969 0 -0.8821349 0.4709969 0 -0.8821349 0.4709969 0 -0.8821349 0.4709969 0 -0.8821349 0.4709969 0 0 0 -1 0 0 -1 0 0 -1 0 0 -1 0 0 -1 0 0 -1 0 0 -1 0 0 -1 0 0 -1 0 0 -1 0 0 -1 0 0 -1 0 0 1 0 0 1 0 0 1 0 0 1 0 0 1 0 0 1 0 0 1 0 0 1 0 0 1 0 0 1 0 0 1 0 0 1 0.9182516 -0.3959976 0 0.9182516 -0.3959976 0 0.9182516 -0.3959976 0 0.9182516 -0.3959976 0 0.9182516 -0.3959976 0 0.9182516 -0.3959976 0 0.4169156 0.9089452 0 0.4169156 0.9089452 0 0.4169156 0.9089452 0 0.4169156 0.9089452 0 0.4169156 0.9089452 0 0.4169156 0.9089452 0 0.9069608 -0.421215 0 0.9069608 -0.421215 0 0.9069608 -0.421215 0 0.9069608 -0.421215 0 0.9069608 -0.421215 0 0.9069608 -0.421215 0 -0.3895 -0.9210265 0 -0.3895 -0.9210265 0 -0.3895 -0.9210265 0 -0.3895 -0.9210265 0 -0.3895 -0.9210265 0 -0.3895 -0.9210265 0 0.4015454 0.9158391 0 0.4015454 0.9158391 0 0.4015454 0.9158391 0 0.4015454 0.9158391 0 0.4015454 0.9158391 0 0.4015454 0.9158391 0 -0.9182514 0.395998 0 -0.9182514 0.395998 0 -0.9182514 0.395998 0 -0.9182514 0.395998 0 -0.9182514 0.395998 0 -0.9182514 0.395998 0 0 0 -1 0 0 -1 0 0 -1 0 0 -1 0 0 -1 0 0 -1 0 0 -1 0 0 -1 0 0 -1 0 0 -1 0 0 -1 0 0 -1 0 0 1 0 0 1 0 0 1 0 0 1 0 0 1 0 0 1 0 0 1 0 0 1 0 0 1 0 0 1 0 0 1 0 0 1 0.9991908 -0.040222 0 0.9991908 -0.040222 0 0.9991908 -0.040222 0 0.9991908 -0.040222 0 0.9991908 -0.040222 0 0.9991908 -0.040222 0 -0.06611501 -0.997812 0 -0.06611501 -0.997812 0 -0.06611501 -0.997812 0 -0.06611501 -0.997812 0 -0.06611501 -0.997812 0 -0.06611501 -0.997812 0 0.995439 -0.09539992 0 0.995439 -0.09539992 0 0.995439 -0.09539992 0 0.995439 -0.09539992 0 0.995439 -0.09539992 0 0.995439 -0.09539992 0 -0.0661153 -0.997812 0 -0.0661153 -0.997812 0 -0.0661153 -0.997812 0 -0.0661153 -0.997812 0 -0.0661153 -0.997812 0 -0.0661153 -0.997812 0 0.04413229 0.9990257 0 0.04413229 0.9990257 0 0.04413229 0.9990257 0 0.04413229 0.9990257 0 0.04413229 0.9990257 0 0.04413229 0.9990257 0 -0.9977572 0.06693741 0 -0.9977572 0.06693741 0 -0.9977572 0.06693741 0 -0.9977572 0.06693741 0 -0.9977572 0.06693741 0 -0.9977572 0.06693741 0 0 0 -1 0 0 -1 0 0 -1 0 0 -1 0 0 -1 0 0 -1 0 0 -1 0 0 -1 0 0 -1 0 0 -1 0 0 -1 0 0 -1 0 0 1 0 0 1 0 0 1 0 0 1 0 0 1 0 0 1 0 0 1 0 0 1 0 0 1 0 0 1 0 0 1 0 0 1 0.6800418 -0.7331733 0 0.6800418 -0.7331733 0 0.6800418 -0.7331733 0 0.6800418 -0.7331733 0 0.6800418 -0.7331733 0 0.6800418 -0.7331733 0 0.7378602 0.6749536 0 0.7378602 0.6749536 0 0.7378602 0.6749536 0 0.7378602 0.6749536 0 0.7378602 0.6749536 0 0.7378602 0.6749536 0 0.6759938 -0.7369073 0 0.6759938 -0.7369073 0 0.6759938 -0.7369073 0 0.6759938 -0.7369073 0 0.6759938 -0.7369073 0 0.6759938 -0.7369073 0 -0.7208478 -0.6930934 0 -0.7208478 -0.6930934 0 -0.7208478 -0.6930934 0 -0.7208478 -0.6930934 0 -0.7208478 -0.6930934 0 -0.7208478 -0.6930934 0 0.7254629 0.6882613 0 0.7254629 0.6882613 0 0.7254629 0.6882613 0 0.7254629 0.6882613 0 0.7254629 0.6882613 0 0.7254629 0.6882613 0 -0.6918896 0.7220033 0 -0.6918896 0.7220033 0 -0.6918896 0.7220033 0 -0.6918896 0.7220033 0 -0.6918896 0.7220033 0 -0.6918896 0.7220033 0 0 0 -1 0 0 -1 0 0 -1 0 0 -1 0 0 -1 0 0 -1 0 0 -1 0 0 -1 0 0 -1 0 0 -1 0 0 -1 0 0 -1 0 0 1 0 0 1 0 0 1 0 0 1 0 0 1 0 0 1 0 0 1 0 0 1 0 0 1 0 0 1 0 0 1 0 0 1 0.6719779 -0.7405712 0 0.6719779 -0.7405712 0 0.6719779 -0.7405712 0 0.6719779 -0.7405712 0 0.6719779 -0.7405712 0 0.6719779 -0.7405712 0 -0.7342336 -0.6788969 0 -0.7342336 -0.6788969 0 -0.7342336 -0.6788969 0 -0.7342336 -0.6788969 0 -0.7342336 -0.6788969 0 -0.7342336 -0.6788969 0 -0.6223224 0.782761 0 -0.6223224 0.782761 0 -0.6223224 0.782761 0 -0.6223224 0.782761 0 -0.6223224 0.782761 0 -0.6223224 0.782761 0 0.741228 0.6712534 0 0.741228 0.6712534 0 0.741228 0.6712534 0 0.741228 0.6712534 0 0.741228 0.6712534 0 0.741228 0.6712534 0 0.7453598 0.6666624 0 0.7453598 0.6666624 0 0.7453598 0.6666624 0 0.7453598 0.6666624 0 0.7453598 0.6666624 0 0.7453598 0.6666624 0 -0.6781739 0.7349015 0 -0.6781739 0.7349015 0 -0.6781739 0.7349015 0 -0.6781739 0.7349015 0 -0.6781739 0.7349015 0 -0.6781739 0.7349015 0 0 0 -1 0 0 -1 0 0 -1 0 0 -1 0 0 -1 0 0 -1 0 0 -1 0 0 -1 0 0 -1 0 0 -1 0 0 -1 0 0 -1 0 0 1 0 0 1 0 0 1 0 0 1 0 0 1 0 0 1 0 0 1 0 0 1 0 0 1 0 0 1 0 0 1 0 0 1 0.7925281 -0.6098354 0 0.7925281 -0.6098354 0 0.7925281 -0.6098354 0 0.7925281 -0.6098354 0 0.7925281 -0.6098354 0 0.7925281 -0.6098354 0 -0.6073341 -0.7944466 0 -0.6073341 -0.7944466 0 -0.6073341 -0.7944466 0 -0.6073341 -0.7944466 0 -0.6073341 -0.7944466 0 -0.6073341 -0.7944466 0 -0.7982017 0.6023903 0 -0.7982017 0.6023903 0 -0.7982017 0.6023903 0 -0.7982017 0.6023903 0 -0.7982017 0.6023903 0 -0.7982017 0.6023903 0 0.5742962 0.8186476 0 0.5742962 0.8186476 0 0.5742962 0.8186476 0 0.5742962 0.8186476 0 0.5742962 0.8186476 0 0.5742962 0.8186476 0 0.5976175 0.8017813 0 0.5976175 0.8017813 0 0.5976175 0.8017813 0 0.5976175 0.8017813 0 0.5976175 0.8017813 0 0.5976175 0.8017813 0 -0.792528 0.6098356 0 -0.792528 0.6098356 0 -0.792528 0.6098356 0 -0.792528 0.6098356 0 -0.792528 0.6098356 0 -0.792528 0.6098356 0 0 0 -1 0 0 -1 0 0 -1 0 0 -1 0 0 -1 0 0 -1 0 0 1 0 0 1 0 0 1 0 0 1 0 0 1 0 0 1 0.296093 -0.9551591 0 0.296093 -0.9551591 0 0.296093 -0.9551591 0 0.296093 -0.9551591 0 0.296093 -0.9551591 0 0.296093 -0.9551591 0 -0.9558094 -0.293987 0 -0.9558094 -0.293987 0 -0.9558094 -0.293987 0 -0.9558094 -0.293987 0 -0.9558094 -0.293987 0 -0.9558094 -0.293987 0 0.9554461 0.2951655 0 0.9554461 0.2951655 0 0.9554461 0.2951655 0 0.9554461 0.2951655 0 0.9554461 0.2951655 0 0.9554461 0.2951655 0 -0.2881172 0.9575951 0 -0.2881172 0.9575951 0 -0.2881172 0.9575951 0 -0.2881172 0.9575951 0 -0.2881172 0.9575951 0 -0.2881172 0.9575951 0 0 0 -1 0 0 -1 0 0 -1 0 0 -1 0 0 -1 0 0 -1 0 0 -1 0 0 -1 0 0 -1 0 0 -1 0 0 -1 0 0 -1 0 0 1 0 0 1 0 0 1 0 0 1 0 0 1 0 0 1 0 0 1 0 0 1 0 0 1 0 0 1 0 0 1 0 0 1 0.8421421 -0.5392557 0 0.8421421 -0.5392557 0 0.8421421 -0.5392557 0 0.8421421 -0.5392557 0 0.8421421 -0.5392557 0 0.8421421 -0.5392557 0 0.5523183 0.8336333 0 0.5523183 0.8336333 0 0.5523183 0.8336333 0 0.5523183 0.8336333 0 0.5523183 0.8336333 0 0.5523183 0.8336333 0 0.826659 -0.5627032 0 0.826659 -0.5627032 0 0.826659 -0.5627032 0 0.826659 -0.5627032 0 0.826659 -0.5627032 0 0.826659 -0.5627032 0 -0.5456483 -0.8380143 0 -0.5456483 -0.8380143 0 -0.5456483 -0.8380143 0 -0.5456483 -0.8380143 0 -0.5456483 -0.8380143 0 -0.5456483 -0.8380143 0 0.5121506 0.8588957 0 0.5121506 0.8588957 0 0.5121506 0.8588957 0 0.5121506 0.8588957 0 0.5121506 0.8588957 0 0.5121506 0.8588957 0 -0.8390297 0.5440856 0 -0.8390297 0.5440856 0 -0.8390297 0.5440856 0 -0.8390297 0.5440856 0 -0.8390297 0.5440856 0 -0.8390297 0.5440856 0 0 0 -1 0 0 -1 0 0 -1 0 0 -1 0 0 -1 0 0 -1 0 0 -1 0 0 -1 0 0 -1 0 0 -1 0 0 -1 0 0 -1 0 0 1 0 0 1 0 0 1 0 0 1 0 0 1 0 0 1 0 0 1 0 0 1 0 0 1 0 0 1 0 0 1 0 0 1 0.7049046 -0.7093022 0 0.7049046 -0.7093022 0 0.7049046 -0.7093022 0 0.7049046 -0.7093022 0 0.7049046 -0.7093022 0 0.7049046 -0.7093022 0 0.6800512 0.7331646 0 0.6800512 0.7331646 0 0.6800512 0.7331646 0 0.6800512 0.7331646 0 0.6800512 0.7331646 0 0.6800512 0.7331646 0 0.7049044 -0.7093023 0 0.7049044 -0.7093023 0 0.7049044 -0.7093023 0 0.7049044 -0.7093023 0 0.7049044 -0.7093023 0 0.7049044 -0.7093023 0 -0.691404 -0.7224683 0 -0.691404 -0.7224683 0 -0.691404 -0.7224683 0 -0.691404 -0.7224683 0 -0.691404 -0.7224683 0 -0.691404 -0.7224683 0 0.6760035 0.7368984 0 0.6760035 0.7368984 0 0.6760035 0.7368984 0 0.6760035 0.7368984 0 0.6760035 0.7368984 0 0.6760035 0.7368984 0 -0.7157328 0.6983742 0 -0.7157328 0.6983742 0 -0.7157328 0.6983742 0 -0.7157328 0.6983742 0 -0.7157328 0.6983742 0 -0.7157328 0.6983742 0 0 0 -1 0 0 -1 0 0 -1 0 0 -1 0 0 -1 0 0 -1 0 0 -1 0 0 -1 0 0 -1 0 0 -1 0 0 -1 0 0 -1 0 0 1 0 0 1 0 0 1 0 0 1 0 0 1 0 0 1 0 0 1 0 0 1 0 0 1 0 0 1 0 0 1 0 0 1 0.6378271 -0.7701796 0 0.6378271 -0.7701796 0 0.6378271 -0.7701796 0 0.6378271 -0.7701796 0 0.6378271 -0.7701796 0 0.6378271 -0.7701796 0 0.7350625 0.6779993 0 0.7350625 0.6779993 0 0.7350625 0.6779993 0 0.7350625 0.6779993 0 0.7350625 0.6779993 0 0.7350625 0.6779993 0 0.6759939 -0.7369073 0 0.6759939 -0.7369073 0 0.6759939 -0.7369073 0 0.6759939 -0.7369073 0 0.6759939 -0.7369073 0 0.6759939 -0.7369073 0 -0.7212131 -0.6927133 0 -0.7212131 -0.6927133 0 -0.7212131 -0.6927133 0 -0.7212131 -0.6927133 0 -0.7212131 -0.6927133 0 -0.7212131 -0.6927133 0 0.7350626 0.6779992 0 0.7350626 0.6779992 0 0.7350626 0.6779992 0 0.7350626 0.6779992 0 0.7350626 0.6779992 0 0.7350626 0.6779992 0 -0.6951181 0.7188956 0 -0.6951181 0.7188956 0 -0.6951181 0.7188956 0 -0.6951181 0.7188956 0 -0.6951181 0.7188956 0 -0.6951181 0.7188956 0 0 0 -1 0 0 -1 0 0 -1 0 0 -1 0 0 -1 0 0 -1 0 0 -1 0 0 -1 0 0 -1 0 0 -1 0 0 -1 0 0 -1 0 0 1 0 0 1 0 0 1 0 0 1 0 0 1 0 0 1 0 0 1 0 0 1 0 0 1 0 0 1 0 0 1 0 0 1 0.7525781 -0.658503 0 0.7525781 -0.658503 0 0.7525781 -0.658503 0 0.7525781 -0.658503 0 0.7525781 -0.658503 0 0.7525781 -0.658503 0 -0.5976175 -0.8017813 0 -0.5976175 -0.8017813 0 -0.5976175 -0.8017813 0 -0.5976175 -0.8017813 0 -0.5976175 -0.8017813 0 -0.5976175 -0.8017813 0 0.7613983 -0.6482844 0 0.7613983 -0.6482844 0 0.7613983 -0.6482844 0 0.7613983 -0.6482844 0 0.7613983 -0.6482844 0 0.7613983 -0.6482844 0 -0.6453144 -0.7639171 0 -0.6453144 -0.7639171 0 -0.6453144 -0.7639171 0 -0.6453144 -0.7639171 0 -0.6453144 -0.7639171 0 -0.6453144 -0.7639171 0 0.6719858 0.7405641 0 0.6719858 0.7405641 0 0.6719858 0.7405641 0 0.6719858 0.7405641 0 0.6719858 0.7405641 0 0.6719858 0.7405641 0 -0.7543434 0.6564801 0 -0.7543434 0.6564801 0 -0.7543434 0.6564801 0 -0.7543434 0.6564801 0 -0.7543434 0.6564801 0 -0.7543434 0.6564801 0 0 0 -1 0 0 -1 0 0 -1 0 0 -1 0 0 -1 0 0 -1 0 0 -1 0 0 -1 0 0 -1 0 0 -1 0 0 -1 0 0 -1 0 0 1 0 0 1 0 0 1 0 0 1 0 0 1 0 0 1 0 0 1 0 0 1 0 0 1 0 0 1 0 0 1 0 0 1 0.2691961 -0.9630854 0 0.2691961 -0.9630854 0 0.2691961 -0.9630854 0 0.2691961 -0.9630854 0 0.2691961 -0.9630854 0 0.2691961 -0.9630854 0 -0.957897 -0.2871119 0 -0.957897 -0.2871119 0 -0.957897 -0.2871119 0 -0.957897 -0.2871119 0 -0.957897 -0.2871119 0 -0.957897 -0.2871119 0 -0.2805619 0.9598359 0 -0.2805619 0.9598359 0 -0.2805619 0.9598359 0 -0.2805619 0.9598359 0 -0.2805619 0.9598359 0 -0.2805619 0.9598359 0 0.94809 0.3180021 0 0.94809 0.3180021 0 0.94809 0.3180021 0 0.94809 0.3180021 0 0.94809 0.3180021 0 0.94809 0.3180021 0 0.9620057 0.2730295 0 0.9620057 0.2730295 0 0.9620057 0.2730295 0 0.9620057 0.2730295 0 0.9620057 0.2730295 0 0.9620057 0.2730295 0 -0.283857 0.9588666 0 -0.283857 0.9588666 0 -0.283857 0.9588666 0 -0.283857 0.9588666 0 -0.283857 0.9588666 0 -0.283857 0.9588666 0 0 0 -1 0 0 -1 0 0 -1 0 0 -1 0 0 -1 0 0 -1 0 0 -1 0 0 -1 0 0 -1 0 0 -1 0 0 -1 0 0 -1 0 0 1 0 0 1 0 0 1 0 0 1 0 0 1 0 0 1 0 0 1 0 0 1 0 0 1 0 0 1 0 0 1 0 0 1 0.6308745 -0.7758849 0 0.6308745 -0.7758849 0 0.6308745 -0.7758849 0 0.6308745 -0.7758849 0 0.6308745 -0.7758849 0 0.6308745 -0.7758849 0 0.8304553 0.5570853 0 0.8304553 0.5570853 0 0.8304553 0.5570853 0 0.8304553 0.5570853 0 0.8304553 0.5570853 0 0.8304553 0.5570853 0 0.6435965 -0.765365 0 0.6435965 -0.765365 0 0.6435965 -0.765365 0 0.6435965 -0.765365 0 0.6435965 -0.765365 0 0.6435965 -0.765365 0 -0.7809364 -0.6246106 0 -0.7809364 -0.6246106 0 -0.7809364 -0.6246106 0 -0.7809364 -0.6246106 0 -0.7809364 -0.6246106 0 -0.7809364 -0.6246106 0 0.7789718 0.627059 0 0.7789718 0.627059 0 0.7789718 0.627059 0 0.7789718 0.627059 0 0.7789718 0.627059 0 0.7789718 0.627059 0 -0.6223219 0.7827615 0 -0.6223219 0.7827615 0 -0.6223219 0.7827615 0 -0.6223219 0.7827615 0 -0.6223219 0.7827615 0 -0.6223219 0.7827615 0 0 0 -1 0 0 -1 0 0 -1 0 0 -1 0 0 -1 0 0 -1 0 0 -1 0 0 -1 0 0 -1 0 0 -1 0 0 -1 0 0 -1 0 0 1 0 0 1 0 0 1 0 0 1 0 0 1 0 0 1 0 0 1 0 0 1 0 0 1 0 0 1 0 0 1 0 0 1 0.9296254 -0.368506 0 0.9296254 -0.368506 0 0.9296254 -0.368506 0 0.9296254 -0.368506 0 0.9296254 -0.368506 0 0.9296254 -0.368506 0 -0.314464 -0.9492694 0 -0.314464 -0.9492694 0 -0.314464 -0.9492694 0 -0.314464 -0.9492694 0 -0.314464 -0.9492694 0 -0.314464 -0.9492694 0 0.9312375 -0.3644129 0 0.9312375 -0.3644129 0 0.9312375 -0.3644129 0 0.9312375 -0.3644129 0 0.9312375 -0.3644129 0 0.9312375 -0.3644129 0 -0.3860128 -0.9224934 0 -0.3860128 -0.9224934 0 -0.3860128 -0.9224934 0 -0.3860128 -0.9224934 0 -0.3860128 -0.9224934 0 -0.3860128 -0.9224934 0 0.3918552 0.9200269 0 0.3918552 0.9200269 0 0.3918552 0.9200269 0 0.3918552 0.9200269 0 0.3918552 0.9200269 0 0.3918552 0.9200269 0 -0.9325919 0.3609326 0 -0.9325919 0.3609326 0 -0.9325919 0.3609326 0 -0.9325919 0.3609326 0 -0.9325919 0.3609326 0 -0.9325919 0.3609326 0 0 0 -1 0 0 -1 0 0 -1 0 0 -1 0 0 -1 0 0 -1 0 0 -1 0 0 -1 0 0 -1 0 0 -1 0 0 -1 0 0 -1 0 0 1 0 0 1 0 0 1 0 0 1 0 0 1 0 0 1 0 0 1 0 0 1 0 0 1 0 0 1 0 0 1 0 0 1 0.6751879 -0.7376458 0 0.6751879 -0.7376458 0 0.6751879 -0.7376458 0 0.6751879 -0.7376458 0 0.6751879 -0.7376458 0 0.6751879 -0.7376458 0 -0.7505479 -0.6608161 0 -0.7505479 -0.6608161 0 -0.7505479 -0.6608161 0 -0.7505479 -0.6608161 0 -0.7505479 -0.6608161 0 -0.7505479 -0.6608161 0 0.6703737 -0.7420237 0 0.6703737 -0.7420237 0 0.6703737 -0.7420237 0 0.6703737 -0.7420237 0 0.6703737 -0.7420237 0 0.6703737 -0.7420237 0 -0.7350623 -0.6779996 0 -0.7350623 -0.6779996 0 -0.7350623 -0.6779996 0 -0.7350623 -0.6779996 0 -0.7350623 -0.6779996 0 -0.7350623 -0.6779996 0 0.7306846 0.6827152 0 0.7306846 0.6827152 0 0.7306846 0.6827152 0 0.7306846 0.6827152 0 0.7306846 0.6827152 0 0.7306846 0.6827152 0 -0.6816687 0.731661 0 -0.6816687 0.731661 0 -0.6816687 0.731661 0 -0.6816687 0.731661 0 -0.6816687 0.731661 0 -0.6816687 0.731661 0 0 0 -1 0 0 -1 0 0 -1 0 0 -1 0 0 -1 0 0 -1 0 0 -1 0 0 -1 0 0 -1 0 0 -1 0 0 -1 0 0 -1 0 0 1 0 0 1 0 0 1 0 0 1 0 0 1 0 0 1 0 0 1 0 0 1 0 0 1 0 0 1 0 0 1 0 0 1 0.9264293 -0.3764689 0 0.9264293 -0.3764689 0 0.9264293 -0.3764689 0 0.9264293 -0.3764689 0 0.9264293 -0.3764689 0 0.9264293 -0.3764689 0 -0.3752943 -0.9269057 0 -0.3752943 -0.9269057 0 -0.3752943 -0.9269057 0 -0.3752943 -0.9269057 0 -0.3752943 -0.9269057 0 -0.3752943 -0.9269057 0 -0.927676 0.3733862 0 -0.927676 0.3733862 0 -0.927676 0.3733862 0 -0.927676 0.3733862 0 -0.927676 0.3733862 0 -0.927676 0.3733862 0 -0.3694099 -0.9292666 0 -0.3694099 -0.9292666 0 -0.3694099 -0.9292666 0 -0.3694099 -0.9292666 0 -0.3694099 -0.9292666 0 -0.3694099 -0.9292666 0 0.3734369 0.9276556 0 0.3734369 0.9276556 0 0.3734369 0.9276556 0 0.3734369 0.9276556 0 0.3734369 0.9276556 0 0.3734369 0.9276556 0 -0.926131 0.377202 0 -0.926131 0.377202 0 -0.926131 0.377202 0 -0.926131 0.377202 0 -0.926131 0.377202 0 -0.926131 0.377202 0 0 0 -1 0 0 -1 0 0 -1 0 0 -1 0 0 -1 0 0 -1 0 0 -1 0 0 -1 0 0 -1 0 0 -1 0 0 -1 0 0 -1 0 0 -1 0 0 -1 0 0 -1 0 0 -1 0 0 -1 0 0 -1 0 0 -1 0 0 -1 0 0 -1 0 0 -1 0 0 -1 0 0 -1 0 0 1 0 0 1 0 0 1 0 0 1 0 0 1 0 0 1 0 0 1 0 0 1 0 0 1 0 0 1 0 0 1 0 0 1 0 0 1 0 0 1 0 0 1 0 0 1 0 0 1 0 0 1 0 0 1 0 0 1 0 0 1 0 0 1 0 0 1 0 0 1 -0.3006934 0.9537209 0 -0.3006934 0.9537209 0 -0.3006934 0.9537209 0 -0.3006934 0.9537209 0 -0.3006934 0.9537209 0 -0.3006934 0.9537209 0 -1 -8.826382e-06 0 -1 -8.826382e-06 0 -1 -8.826382e-06 0 -1 -8.826382e-06 0 -1 -8.826382e-06 0 -1 -8.826382e-06 0 -0.2731549 0.9619701 0 -0.2731549 0.9619701 0 -0.2731549 0.9619701 0 -0.2731549 0.9619701 0 -0.2731549 0.9619701 0 -0.2731549 0.9619701 0 -0.935605 -0.3530487 0 -0.935605 -0.3530487 0 -0.935605 -0.3530487 0 -0.935605 -0.3530487 0 -0.935605 -0.3530487 0 -0.935605 -0.3530487 0 -0.2934117 0.9559862 0 -0.2934117 0.9559862 0 -0.2934117 0.9559862 0 -0.2934117 0.9559862 0 -0.2934117 0.9559862 0 -0.2934117 0.9559862 0 0.9595269 0.2816169 0 0.9595269 0.2816169 0 0.9595269 0.2816169 0 0.9595269 0.2816169 0 0.9595269 0.2816169 0 0.9595269 0.2816169 0 0.3000172 -0.9539338 0 0.3000172 -0.9539338 0 0.3000172 -0.9539338 0 0.3000172 -0.9539338 0 0.3000172 -0.9539338 0 0.3000172 -0.9539338 0 -1 -8.826471e-06 0 -1 -8.826471e-06 0 -1 -8.826471e-06 0 -1 -8.826471e-06 0 -1 -8.826471e-06 0 -1 -8.826471e-06 0 -0.9480883 -0.3180073 0 -0.9480883 -0.3180073 0 -0.9480883 -0.3180073 0 -0.9480883 -0.3180073 0 -0.9480883 -0.3180073 0 -0.9480883 -0.3180073 0 0.2957815 -0.9552556 0 0.2957815 -0.9552556 0 0.2957815 -0.9552556 0 0.2957815 -0.9552556 0 0.2957815 -0.9552556 0 0.2957815 -0.9552556 0 0 0 -1 0 0 -1 0 0 -1 0 0 -1 0 0 -1 0 0 -1 0 0 -1 0 0 -1 0 0 -1 0 0 -1 0 0 -1 0 0 -1 0 0 1 0 0 1 0 0 1 0 0 1 0 0 1 0 0 1 0 0 1 0 0 1 0 0 1 0 0 1 0 0 1 0 0 1 0.8804373 -0.4741626 0 0.8804373 -0.4741626 0 0.8804373 -0.4741626 0 0.8804373 -0.4741626 0 0.8804373 -0.4741626 0 0.8804373 -0.4741626 0 -0.4739976 -0.8805261 0 -0.4739976 -0.8805261 0 -0.4739976 -0.8805261 0 -0.4739976 -0.8805261 0 -0.4739976 -0.8805261 0 -0.4739976 -0.8805261 0 -0.8728684 0.4879558 0 -0.8728684 0.4879558 0 -0.8728684 0.4879558 0 -0.8728684 0.4879558 0 -0.8728684 0.4879558 0 -0.8728684 0.4879558 0 0.4833395 0.875433 0 0.4833395 0.875433 0 0.4833395 0.875433 0 0.4833395 0.875433 0 0.4833395 0.875433 0 0.4833395 0.875433 0 0.4807783 0.8768422 0 0.4807783 0.8768422 0 0.4807783 0.8768422 0 0.4807783 0.8768422 0 0.4807783 0.8768422 0 0.4807783 0.8768422 0 -0.877603 0.4793881 0 -0.877603 0.4793881 0 -0.877603 0.4793881 0 -0.877603 0.4793881 0 -0.877603 0.4793881 0 -0.877603 0.4793881 0 0 0 -1 0 0 -1 0 0 -1 0 0 -1 0 0 -1 0 0 -1 0 0 -1 0 0 -1 0 0 -1 0 0 -1 0 0 -1 0 0 -1 0 0 -1 0 0 -1 0 0 -1 0 0 -1 0 0 -1 0 0 -1 0 0 1 0 0 1 0 0 1 0 0 1 0 0 1 0 0 1 0 0 1 0 0 1 0 0 1 0 0 1 0 0 1 0 0 1 0 0 1 0 0 1 0 0 1 0 0 1 0 0 1 0 0 1 0.9740826 -0.2261927 0 0.9740826 -0.2261927 0 0.9740826 -0.2261927 0 0.9740826 -0.2261927 0 0.9740826 -0.2261927 0 0.9740826 -0.2261927 0 0.2082938 0.9780663 0 0.2082938 0.9780663 0 0.2082938 0.9780663 0 0.2082938 0.9780663 0 0.2082938 0.9780663 0 0.2082938 0.9780663 0 0.9779702 -0.2087446 0 0.9779702 -0.2087446 0 0.9779702 -0.2087446 0 0.9779702 -0.2087446 0 0.9779702 -0.2087446 0 0.9779702 -0.2087446 0 -0.2312163 -0.9729024 0 -0.2312163 -0.9729024 0 -0.2312163 -0.9729024 0 -0.2312163 -0.9729024 0 -0.2312163 -0.9729024 0 -0.2312163 -0.9729024 0 -0.9730972 0.2303951 0 -0.9730972 0.2303951 0 -0.9730972 0.2303951 0 -0.9730972 0.2303951 0 -0.9730972 0.2303951 0 -0.9730972 0.2303951 0 0.2235431 0.974694 0 0.2235431 0.974694 0 0.2235431 0.974694 0 0.2235431 0.974694 0 0.2235431 0.974694 0 0.2235431 0.974694 0 0.2047944 0.978805 0 0.2047944 0.978805 0 0.2047944 0.978805 0 0.2047944 0.978805 0 0.2047944 0.978805 0 0.2047944 0.978805 0 -0.976463 0.2156852 0 -0.976463 0.2156852 0 -0.976463 0.2156852 0 -0.976463 0.2156852 0 -0.976463 0.2156852 0 -0.976463 0.2156852 0 0 0 -1 0 0 -1 0 0 -1 0 0 -1 0 0 -1 0 0 -1 0 0 -1 0 0 -1 0 0 -1 0 0 -1 0 0 -1 0 0 -1 0 0 -1 0 0 -1 0 0 -1 0 0 -1 0 0 -1 0 0 -1 0 0 1 0 0 1 0 0 1 0 0 1 0 0 1 0 0 1 0 0 1 0 0 1 0 0 1 0 0 1 0 0 1 0 0 1 0 0 1 0 0 1 0 0 1 0 0 1 0 0 1 0 0 1 0.2772236 -0.9608054 0 0.2772236 -0.9608054 0 0.2772236 -0.9608054 0 0.2772236 -0.9608054 0 0.2772236 -0.9608054 0 0.2772236 -0.9608054 0 -0.9588869 -0.2837885 0 -0.9588869 -0.2837885 0 -0.9588869 -0.2837885 0 -0.9588869 -0.2837885 0 -0.9588869 -0.2837885 0 -0.9588869 -0.2837885 0 -0.2411277 0.9704934 0 -0.2411277 0.9704934 0 -0.2411277 0.9704934 0 -0.2411277 0.9704934 0 -0.2411277 0.9704934 0 -0.2411277 0.9704934 0 -0.9356066 -0.3530443 0 -0.9356066 -0.3530443 0 -0.9356066 -0.3530443 0 -0.9356066 -0.3530443 0 -0.9356066 -0.3530443 0 -0.9356066 -0.3530443 0 -0.2661108 0.9639424 0 -0.2661108 0.9639424 0 -0.2661108 0.9639424 0 -0.2661108 0.9639424 0 -0.2661108 0.9639424 0 -0.2661108 0.9639424 0 0.9356065 0.3530445 0 0.9356065 0.3530445 0 0.9356065 0.3530445 0 0.9356065 0.3530445 0 0.9356065 0.3530445 0 0.9356065 0.3530445 0 0.9588867 0.2837892 0 0.9588867 0.2837892 0 0.9588867 0.2837892 0 0.9588867 0.2837892 0 0.9588867 0.2837892 0 0.9588867 0.2837892 0 -0.2905692 0.956854 0 -0.2905692 0.956854 0 -0.2905692 0.956854 0 -0.2905692 0.956854 0 -0.2905692 0.956854 0 -0.2905692 0.956854 0 0 0 -1 0 0 -1 0 0 -1 0 0 -1 0 0 -1 0 0 -1 0 0 -1 0 0 -1 0 0 -1 0 0 -1 0 0 -1 0 0 -1 0 0 -1 0 0 -1 0 0 -1 0 0 -1 0 0 -1 0 0 -1 0 0 1 0 0 1 0 0 1 0 0 1 0 0 1 0 0 1 0 0 1 0 0 1 0 0 1 0 0 1 0 0 1 0 0 1 0 0 1 0 0 1 0 0 1 0 0 1 0 0 1 0 0 1 0.9410744 -0.3381995 0 0.9410744 -0.3381995 0 0.9410744 -0.3381995 0 0.9410744 -0.3381995 0 0.9410744 -0.3381995 0 0.9410744 -0.3381995 0 -0.3604991 -0.9327596 0 -0.3604991 -0.9327596 0 -0.3604991 -0.9327596 0 -0.3604991 -0.9327596 0 -0.3604991 -0.9327596 0 -0.3604991 -0.9327596 0 0.9432128 -0.3321892 0 0.9432128 -0.3321892 0 0.9432128 -0.3321892 0 0.9432128 -0.3321892 0 0.9432128 -0.3321892 0 0.9432128 -0.3321892 0 -0.3570453 -0.9340871 0 -0.3570453 -0.9340871 0 -0.3570453 -0.9340871 0 -0.3570453 -0.9340871 0 -0.3570453 -0.9340871 0 -0.3570453 -0.9340871 0 -0.9405213 0.3397346 0 -0.9405213 0.3397346 0 -0.9405213 0.3397346 0 -0.9405213 0.3397346 0 -0.9405213 0.3397346 0 -0.9405213 0.3397346 0 0.3144689 0.9492678 0 0.3144689 0.9492678 0 0.3144689 0.9492678 0 0.3144689 0.9492678 0 0.3144689 0.9492678 0 0.3144689 0.9492678 0 0.3344922 0.9423985 0 0.3344922 0.9423985 0 0.3344922 0.9423985 0 0.3344922 0.9423985 0 0.3344922 0.9423985 0 0.3344922 0.9423985 0 -0.9523766 0.3049243 0 -0.9523766 0.3049243 0 -0.9523766 0.3049243 0 -0.9523766 0.3049243 0 -0.9523766 0.3049243 0 -0.9523766 0.3049243 0 0 0 -1 0 0 -1 0 0 -1 0 0 -1 0 0 -1 0 0 -1 0 0 -1 0 0 -1 0 0 -1 0 0 -1 0 0 -1 0 0 -1 0 0 -1 0 0 -1 0 0 -1 0 0 -1 0 0 -1 0 0 -1 0 0 1 0 0 1 0 0 1 0 0 1 0 0 1 0 0 1 0 0 1 0 0 1 0 0 1 0 0 1 0 0 1 0 0 1 0 0 1 0 0 1 0 0 1 0 0 1 0 0 1 0 0 1 0.8390337 -0.5440794 0 0.8390337 -0.5440794 0 0.8390337 -0.5440794 0 0.8390337 -0.5440794 0 0.8390337 -0.5440794 0 0.8390337 -0.5440794 0 -0.4938201 -0.8695641 0 -0.4938201 -0.8695641 0 -0.4938201 -0.8695641 0 -0.4938201 -0.8695641 0 -0.4938201 -0.8695641 0 -0.4938201 -0.8695641 0 0.8354071 -0.5496316 0 0.8354071 -0.5496316 0 0.8354071 -0.5496316 0 0.8354071 -0.5496316 0 0.8354071 -0.5496316 0 0.8354071 -0.5496316 0 -0.5668228 -0.8238398 0 -0.5668228 -0.8238398 0 -0.5668228 -0.8238398 0 -0.5668228 -0.8238398 0 -0.5668228 -0.8238398 0 -0.5668228 -0.8238398 0 -0.8354071 0.5496317 0 -0.8354071 0.5496317 0 -0.8354071 0.5496317 0 -0.8354071 0.5496317 0 -0.8354071 0.5496317 0 -0.8354071 0.5496317 0 -0.5523182 -0.8336334 0 -0.5523182 -0.8336334 0 -0.5523182 -0.8336334 0 -0.5523182 -0.8336334 0 -0.5523182 -0.8336334 0 -0.5523182 -0.8336334 0 0.5476109 0.8367331 0 0.5476109 0.8367331 0 0.5476109 0.8367331 0 0.5476109 0.8367331 0 0.5476109 0.8367331 0 0.5476109 0.8367331 0 -0.8304547 0.5570862 0 -0.8304547 0.5570862 0 -0.8304547 0.5570862 0 -0.8304547 0.5570862 0 -0.8304547 0.5570862 0 -0.8304547 0.5570862 0 0 0 -1 0 0 -1 0 0 -1 0 0 -1 0 0 -1 0 0 -1 0 0 -1 0 0 -1 0 0 -1 0 0 -1 0 0 -1 0 0 -1 0 0 -1 0 0 -1 0 0 -1 0 0 -1 0 0 -1 0 0 -1 0 0 1 0 0 1 0 0 1 0 0 1 0 0 1 0 0 1 0 0 1 0 0 1 0 0 1 0 0 1 0 0 1 0 0 1 0 0 1 0 0 1 0 0 1 0 0 1 0 0 1 0 0 1 0.9297856 -0.3681015 0 0.9297856 -0.3681015 0 0.9297856 -0.3681015 0 0.9297856 -0.3681015 0 0.9297856 -0.3681015 0 0.9297856 -0.3681015 0 0.4040388 0.9147419 0 0.4040388 0.9147419 0 0.4040388 0.9147419 0 0.4040388 0.9147419 0 0.4040388 0.9147419 0 0.4040388 0.9147419 0 0.9293707 -0.3691478 0 0.9293707 -0.3691478 0 0.9293707 -0.3691478 0 0.9293707 -0.3691478 0 0.9293707 -0.3691478 0 0.9293707 -0.3691478 0 -0.3694093 -0.9292668 0 -0.3694093 -0.9292668 0 -0.3694093 -0.9292668 0 -0.3694093 -0.9292668 0 -0.3694093 -0.9292668 0 -0.3694093 -0.9292668 0 -0.9333063 0.3590813 0 -0.9333063 0.3590813 0 -0.9333063 0.3590813 0 -0.9333063 0.3590813 0 -0.9333063 0.3590813 0 -0.9333063 0.3590813 0 -0.3825872 -0.9239194 0 -0.3825872 -0.9239194 0 -0.3825872 -0.9239194 0 -0.3825872 -0.9239194 0 -0.3825872 -0.9239194 0 -0.3825872 -0.9239194 0 0.3438223 0.9390347 0 0.3438223 0.9390347 0 0.3438223 0.9390347 0 0.3438223 0.9390347 0 0.3438223 0.9390347 0 0.3438223 0.9390347 0 -0.9276755 0.3733874 0 -0.9276755 0.3733874 0 -0.9276755 0.3733874 0 -0.9276755 0.3733874 0 -0.9276755 0.3733874 0 -0.9276755 0.3733874 0 0 0 -1 0 0 -1 0 0 -1 0 0 -1 0 0 -1 0 0 -1 0 0 -1 0 0 -1 0 0 -1 0 0 -1 0 0 -1 0 0 -1 0 0 -1 0 0 -1 0 0 -1 0 0 -1 0 0 -1 0 0 -1 0 0 1 0 0 1 0 0 1 0 0 1 0 0 1 0 0 1 0 0 1 0 0 1 0 0 1 0 0 1 0 0 1 0 0 1 0 0 1 0 0 1 0 0 1 0 0 1 0 0 1 0 0 1 -0.5668133 0.8238463 0 -0.5668133 0.8238463 0 -0.5668133 0.8238463 0 -0.5668133 0.8238463 0 -0.5668133 0.8238463 0 -0.5668133 0.8238463 0 0.8380283 0.5456268 0 0.8380283 0.5456268 0 0.8380283 0.5456268 0 0.8380283 0.5456268 0 0.8380283 0.5456268 0 0.8380283 0.5456268 0 0.531616 -0.8469855 0 0.531616 -0.8469855 0 0.531616 -0.8469855 0 0.531616 -0.8469855 0 0.531616 -0.8469855 0 0.531616 -0.8469855 0 0.8175558 0.5758493 0 0.8175558 0.5758493 0 0.8175558 0.5758493 0 0.8175558 0.5758493 0 0.8175558 0.5758493 0 0.8175558 0.5758493 0 0.5462678 -0.8376106 0 0.5462678 -0.8376106 0 0.5462678 -0.8376106 0 0.5462678 -0.8376106 0 0.5462678 -0.8376106 0 0.5462678 -0.8376106 0 -0.8335992 -0.5523698 0 -0.8335992 -0.5523698 0 -0.8335992 -0.5523698 0 -0.8335992 -0.5523698 0 -0.8335992 -0.5523698 0 -0.8335992 -0.5523698 0 0.8304575 0.557082 0 0.8304575 0.557082 0 0.8304575 0.557082 0 0.8304575 0.557082 0 0.8304575 0.557082 0 0.8304575 0.557082 0 -0.5574631 0.8302017 0 -0.5574631 0.8302017 0 -0.5574631 0.8302017 0 -0.5574631 0.8302017 0 -0.5574631 0.8302017 0 -0.5574631 0.8302017 0 0 0 -1 0 0 -1 0 0 -1 0 0 -1 0 0 -1 0 0 -1 0 0 -1 0 0 -1 0 0 -1 0 0 -1 0 0 -1 0 0 -1 0 0 -1 0 0 -1 0 0 -1 0 0 -1 0 0 -1 0 0 -1 0 0 1 0 0 1 0 0 1 0 0 1 0 0 1 0 0 1 0 0 1 0 0 1 0 0 1 0 0 1 0 0 1 0 0 1 0 0 1 0 0 1 0 0 1 0 0 1 0 0 1 0 0 1 -0.5976075 0.8017888 0 -0.5976075 0.8017888 0 -0.5976075 0.8017888 0 -0.5976075 0.8017888 0 -0.5976075 0.8017888 0 -0.5976075 0.8017888 0 0.7720289 0.6355875 0 0.7720289 0.6355875 0 0.7720289 0.6355875 0 0.7720289 0.6355875 0 0.7720289 0.6355875 0 0.7720289 0.6355875 0 0.6164926 -0.7873607 0 0.6164926 -0.7873607 0 0.6164926 -0.7873607 0 0.6164926 -0.7873607 0 0.6164926 -0.7873607 0 0.6164926 -0.7873607 0 -0.78094 -0.6246061 0 -0.78094 -0.6246061 0 -0.78094 -0.6246061 0 -0.78094 -0.6246061 0 -0.78094 -0.6246061 0 -0.78094 -0.6246061 0 -0.6484523 0.7612553 0 -0.6484523 0.7612553 0 -0.6484523 0.7612553 0 -0.6484523 0.7612553 0 -0.6484523 0.7612553 0 -0.6484523 0.7612553 0 -0.7982104 -0.6023787 0 -0.7982104 -0.6023787 0 -0.7982104 -0.6023787 0 -0.7982104 -0.6023787 0 -0.7982104 -0.6023787 0 -0.7982104 -0.6023787 0 0.790793 0.6120837 0 0.790793 0.6120837 0 0.790793 0.6120837 0 0.790793 0.6120837 0 0.790793 0.6120837 0 0.790793 0.6120837 0 -0.6154408 0.7881831 0 -0.6154408 0.7881831 0 -0.6154408 0.7881831 0 -0.6154408 0.7881831 0 -0.6154408 0.7881831 0 -0.6154408 0.7881831 0 0 0 -1 0 0 -1 0 0 -1 0 0 -1 0 0 -1 0 0 -1 0 0 -1 0 0 -1 0 0 -1 0 0 -1 0 0 -1 0 0 -1 0 0 -1 0 0 -1 0 0 -1 0 0 -1 0 0 -1 0 0 -1 0 0 1 0 0 1 0 0 1 0 0 1 0 0 1 0 0 1 0 0 1 0 0 1 0 0 1 0 0 1 0 0 1 0 0 1 0 0 1 0 0 1 0 0 1 0 0 1 0 0 1 0 0 1 0.5276251 -0.8494773 0 0.5276251 -0.8494773 0 0.5276251 -0.8494773 0 0.5276251 -0.8494773 0 0.5276251 -0.8494773 0 0.5276251 -0.8494773 0 0.8421462 0.5392493 0 0.8421462 0.5392493 0 0.8421462 0.5392493 0 0.8421462 0.5392493 0 0.8421462 0.5392493 0 0.8421462 0.5392493 0 0.5231234 -0.852257 0 0.5231234 -0.852257 0 0.5231234 -0.852257 0 0.5231234 -0.852257 0 0.5231234 -0.852257 0 0.5231234 -0.852257 0 0.8933119 0.4494372 0 0.8933119 0.4494372 0 0.8933119 0.4494372 0 0.8933119 0.4494372 0 0.8933119 0.4494372 0 0.8933119 0.4494372 0 0.5408653 -0.8411093 0 0.5408653 -0.8411093 0 0.5408653 -0.8411093 0 0.5408653 -0.8411093 0 0.5408653 -0.8411093 0 0.5408653 -0.8411093 0 -0.8428192 -0.5381968 0 -0.8428192 -0.5381968 0 -0.8428192 -0.5381968 0 -0.8428192 -0.5381968 0 -0.8428192 -0.5381968 0 -0.8428192 -0.5381968 0 0.836892 0.5473681 0 0.836892 0.5473681 0 0.836892 0.5473681 0 0.836892 0.5473681 0 0.836892 0.5473681 0 0.836892 0.5473681 0 -0.5418047 0.8405044 0 -0.5418047 0.8405044 0 -0.5418047 0.8405044 0 -0.5418047 0.8405044 0 -0.5418047 0.8405044 0 -0.5418047 0.8405044 0 0 0 -1 0 0 -1 0 0 -1 0 0 -1 0 0 -1 0 0 -1 0 0 -1 0 0 -1 0 0 -1 0 0 -1 0 0 -1 0 0 -1 0 0 -1 0 0 -1 0 0 -1 0 0 -1 0 0 -1 0 0 -1 0 0 1 0 0 1 0 0 1 0 0 1 0 0 1 0 0 1 0 0 1 0 0 1 0 0 1 0 0 1 0 0 1 0 0 1 0 0 1 0 0 1 0 0 1 0 0 1 0 0 1 0 0 1 0.9803452 -0.1972899 0 0.9803452 -0.1972899 0 0.9803452 -0.1972899 0 0.9803452 -0.1972899 0 0.9803452 -0.1972899 0 0.9803452 -0.1972899 0 0.194949 0.9808134 0 0.194949 0.9808134 0 0.194949 0.9808134 0 0.194949 0.9808134 0 0.194949 0.9808134 0 0.194949 0.9808134 0 0.9836733 -0.1799633 0 0.9836733 -0.1799633 0 0.9836733 -0.1799633 0 0.9836733 -0.1799633 0 0.9836733 -0.1799633 0 0.9836733 -0.1799633 0 -0.1778139 -0.9840641 0 -0.1778139 -0.9840641 0 -0.1778139 -0.9840641 0 -0.1778139 -0.9840641 0 -0.1778139 -0.9840641 0 -0.1778139 -0.9840641 0 0.9782904 -0.2072387 0 0.9782904 -0.2072387 0 0.9782904 -0.2072387 0 0.9782904 -0.2072387 0 0.9782904 -0.2072387 0 0.9782904 -0.2072387 0 -0.1688862 -0.9856356 0 -0.1688862 -0.9856356 0 -0.1688862 -0.9856356 0 -0.1688862 -0.9856356 0 -0.1688862 -0.9856356 0 -0.1688862 -0.9856356 0 0.1897318 0.981836 0 0.1897318 0.981836 0 0.1897318 0.981836 0 0.1897318 0.981836 0 0.1897318 0.981836 0 0.1897318 0.981836 0 -0.9821237 0.1882367 0 -0.9821237 0.1882367 0 -0.9821237 0.1882367 0 -0.9821237 0.1882367 0 -0.9821237 0.1882367 0 -0.9821237 0.1882367 0 0 0 -1 0 0 -1 0 0 -1 0 0 -1 0 0 -1 0 0 -1 0 0 -1 0 0 -1 0 0 -1 0 0 -1 0 0 -1 0 0 -1 0 0 -1 0 0 -1 0 0 -1 0 0 -1 0 0 -1 0 0 -1 0 0 -1 0 0 -1 0 0 -1 0 0 -1 0 0 -1 0 0 -1 0 0 1 0 0 1 0 0 1 0 0 1 0 0 1 0 0 1 0 0 1 0 0 1 0 0 1 0 0 1 0 0 1 0 0 1 0 0 1 0 0 1 0 0 1 0 0 1 0 0 1 0 0 1 0 0 1 0 0 1 0 0 1 0 0 1 0 0 1 0 0 1 0.9730983 -0.2303902 0 0.9730983 -0.2303902 0 0.9730983 -0.2303902 0 0.9730983 -0.2303902 0 0.9730983 -0.2303902 0 0.9730983 -0.2303902 0 -0.1949488 -0.9808134 0 -0.1949488 -0.9808134 0 -0.1949488 -0.9808134 0 -0.1949488 -0.9808134 0 -0.1949488 -0.9808134 0 -0.1949488 -0.9808134 0 0.9794692 -0.201594 0 0.9794692 -0.201594 0 0.9794692 -0.201594 0 0.9794692 -0.201594 0 0.9794692 -0.201594 0 0.9794692 -0.201594 0 -0.2014031 -0.9795084 0 -0.2014031 -0.9795084 0 -0.2014031 -0.9795084 0 -0.2014031 -0.9795084 0 -0.2014031 -0.9795084 0 -0.2014031 -0.9795084 0 -0.9826636 0.1853976 0 -0.9826636 0.1853976 0 -0.9826636 0.1853976 0 -0.9826636 0.1853976 0 -0.9826636 0.1853976 0 -0.9826636 0.1853976 0 -0.2156512 -0.9764705 0 -0.2156512 -0.9764705 0 -0.2156512 -0.9764705 0 -0.2156512 -0.9764705 0 -0.2156512 -0.9764705 0 -0.2156512 -0.9764705 0 -0.978726 0.2051718 0 -0.978726 0.2051718 0 -0.978726 0.2051718 0 -0.978726 0.2051718 0 -0.978726 0.2051718 0 -0.978726 0.2051718 0 0.1949492 0.9808133 0 0.1949492 0.9808133 0 0.1949492 0.9808133 0 0.1949492 0.9808133 0 0.1949492 0.9808133 0 0.1949492 0.9808133 0 0.1949488 0.9808134 0 0.1949488 0.9808134 0 0.1949488 0.9808134 0 0.1949488 0.9808134 0 0.1949488 0.9808134 0 0.1949488 0.9808134 0 -0.9836732 0.1799638 0 -0.9836732 0.1799638 0 -0.9836732 0.1799638 0 -0.9836732 0.1799638 0 -0.9836732 0.1799638 0 -0.9836732 0.1799638 0 0 0 -1 0 0 -1 0 0 -1 0 0 -1 0 0 -1 0 0 -1 0 0 -1 0 0 -1 0 0 -1 0 0 -1 0 0 -1 0 0 -1 0 0 -1 0 0 -1 0 0 -1 0 0 -1 0 0 -1 0 0 -1 0 0 -1 0 0 -1 0 0 -1 0 0 -1 0 0 -1 0 0 -1 0 0 1 0 0 1 0 0 1 0 0 1 0 0 1 0 0 1 0 0 1 0 0 1 0 0 1 0 0 1 0 0 1 0 0 1 0 0 1 0 0 1 0 0 1 0 0 1 0 0 1 0 0 1 0 0 1 0 0 1 0 0 1 0 0 1 0 0 1 0 0 1 -0.7048999 0.7093068 0 -0.7048999 0.7093068 0 -0.7048999 0.7093068 0 -0.7048999 0.7093068 0 -0.7048999 0.7093068 0 -0.7048999 0.7093068 0 0.7212115 0.692715 0 0.7212115 0.692715 0 0.7212115 0.692715 0 0.7212115 0.692715 0 0.7212115 0.692715 0 0.7212115 0.692715 0 0.6666589 -0.7453629 0 0.6666589 -0.7453629 0 0.6666589 -0.7453629 0 0.6666589 -0.7453629 0 0.6666589 -0.7453629 0 0.6666589 -0.7453629 0 0.7327011 0.6805506 0 0.7327011 0.6805506 0 0.7327011 0.6805506 0 0.7327011 0.6805506 0 0.7327011 0.6805506 0 0.7327011 0.6805506 0 0.6734336 -0.7392477 0 0.6734336 -0.7392477 0 0.6734336 -0.7392477 0 0.6734336 -0.7392477 0 0.6734336 -0.7392477 0 0.6734336 -0.7392477 0 -0.7421774 -0.6702034 0 -0.7421774 -0.6702034 0 -0.7421774 -0.6702034 0 -0.7421774 -0.6702034 0 -0.7421774 -0.6702034 0 -0.7421774 -0.6702034 0 0.7048996 -0.709307 0 0.7048996 -0.709307 0 0.7048996 -0.709307 0 0.7048996 -0.709307 0 0.7048996 -0.709307 0 0.7048996 -0.709307 0 -0.7319951 -0.6813099 0 -0.7319951 -0.6813099 0 -0.7319951 -0.6813099 0 -0.7319951 -0.6813099 0 -0.7319951 -0.6813099 0 -0.7319951 -0.6813099 0 0.7289394 0.6845782 0 0.7289394 0.6845782 0 0.7289394 0.6845782 0 0.7289394 0.6845782 0 0.7289394 0.6845782 0 0.7289394 0.6845782 0 -0.6686112 0.7436122 0 -0.6686112 0.7436122 0 -0.6686112 0.7436122 0 -0.6686112 0.7436122 0 -0.6686112 0.7436122 0 -0.6686112 0.7436122 0 0 0 -1 0 0 -1 0 0 -1 0 0 -1 0 0 -1 0 0 -1 0 0 -1 0 0 -1 0 0 -1 0 0 -1 0 0 -1 0 0 -1 0 0 -1 0 0 -1 0 0 -1 0 0 -1 0 0 -1 0 0 -1 0 0 -1 0 0 -1 0 0 -1 0 0 -1 0 0 -1 0 0 -1 0 0 -1 0 0 -1 0 0 -1 0 0 -1 0 0 -1 0 0 -1 0 0 1 0 0 1 0 0 1 0 0 1 0 0 1 0 0 1 0 0 1 0 0 1 0 0 1 0 0 1 0 0 1 0 0 1 0 0 1 0 0 1 0 0 1 0 0 1 0 0 1 0 0 1 0 0 1 0 0 1 0 0 1 0 0 1 0 0 1 0 0 1 0 0 1 0 0 1 0 0 1 0 0 1 0 0 1 0 0 1 0.2661128 -0.9639419 0 0.2661128 -0.9639419 0 0.2661128 -0.9639419 0 0.2661128 -0.9639419 0 0.2661128 -0.9639419 0 0.2661128 -0.9639419 0 0.9583127 0.2857214 0 0.9583127 0.2857214 0 0.9583127 0.2857214 0 0.9583127 0.2857214 0 0.9583127 0.2857214 0 0.9583127 0.2857214 0 -0.2857227 0.9583123 0 -0.2857227 0.9583123 0 -0.2857227 0.9583123 0 -0.2857227 0.9583123 0 -0.2857227 0.9583123 0 -0.2857227 0.9583123 0 0.9625247 0.2711942 0 0.9625247 0.2711942 0 0.9625247 0.2711942 0 0.9625247 0.2711942 0 0.9625247 0.2711942 0 0.9625247 0.2711942 0 0.2857224 -0.9583124 0 0.2857224 -0.9583124 0 0.2857224 -0.9583124 0 0.2857224 -0.9583124 0 0.2857224 -0.9583124 0 0.2857224 -0.9583124 0 -0.9530405 -0.3028429 0 -0.9530405 -0.3028429 0 -0.9530405 -0.3028429 0 -0.9530405 -0.3028429 0 -0.9530405 -0.3028429 0 -0.9530405 -0.3028429 0 0.2924287 -0.9562873 0 0.2924287 -0.9562873 0 0.2924287 -0.9562873 0 0.2924287 -0.9562873 0 0.2924287 -0.9562873 0 0.2924287 -0.9562873 0 -0.9666815 -0.2559821 0 -0.9666815 -0.2559821 0 -0.9666815 -0.2559821 0 -0.9666815 -0.2559821 0 -0.9666815 -0.2559821 0 -0.9666815 -0.2559821 0 -0.2924289 0.9562873 0 -0.2924289 0.9562873 0 -0.2924289 0.9562873 0 -0.2924289 0.9562873 0 -0.2924289 0.9562873 0 -0.2924289 0.9562873 0 -0.9573303 -0.288996 0 -0.9573303 -0.288996 0 -0.9573303 -0.288996 0 -0.9573303 -0.288996 0 -0.9573303 -0.288996 0 -0.9573303 -0.288996 0 0.9588863 0.2837904 0 0.9588863 0.2837904 0 0.9588863 0.2837904 0 0.9588863 0.2837904 0 0.9588863 0.2837904 0 0.9588863 0.2837904 0 -0.2965994 0.955002 0 -0.2965994 0.955002 0 -0.2965994 0.955002 0 -0.2965994 0.955002 0 -0.2965994 0.955002 0 -0.2965994 0.955002 0 0 0 -1 0 0 -1 0 0 -1 0 0 -1 0 0 -1 0 0 -1 0 0 -1 0 0 -1 0 0 -1 0 0 -1 0 0 -1 0 0 -1 0 0 -1 0 0 -1 0 0 -1 0 0 -1 0 0 -1 0 0 -1 0 0 -1 0 0 -1 0 0 -1 0 0 -1 0 0 -1 0 0 -1 0 0 -1 0 0 -1 0 0 -1 0 0 -1 0 0 -1 0 0 -1 0 0 1 0 0 1 0 0 1 0 0 1 0 0 1 0 0 1 0 0 1 0 0 1 0 0 1 0 0 1 0 0 1 0 0 1 0 0 1 0 0 1 0 0 1 0 0 1 0 0 1 0 0 1 0 0 1 0 0 1 0 0 1 0 0 1 0 0 1 0 0 1 0 0 1 0 0 1 0 0 1 0 0 1 0 0 1 0 0 1 0.5622864 -0.8269425 0 0.5622864 -0.8269425 0 0.5622864 -0.8269425 0 0.5622864 -0.8269425 0 0.5622864 -0.8269425 0 0.5622864 -0.8269425 0 0.8304555 0.557085 0 0.8304555 0.557085 0 0.8304555 0.557085 0 0.8304555 0.557085 0 0.8304555 0.557085 0 0.8304555 0.557085 0 0.5523062 -0.8336413 0 0.5523062 -0.8336413 0 0.5523062 -0.8336413 0 0.5523062 -0.8336413 0 0.5523062 -0.8336413 0 0.5523062 -0.8336413 0 -0.8328863 -0.5534442 0 -0.8328863 -0.5534442 0 -0.8328863 -0.5534442 0 -0.8328863 -0.5534442 0 -0.8328863 -0.5534442 0 -0.8328863 -0.5534442 0 -0.5383724 0.8427071 0 -0.5383724 0.8427071 0 -0.5383724 0.8427071 0 -0.5383724 0.8427071 0 -0.5383724 0.8427071 0 -0.5383724 0.8427071 0 0.8245944 0.5657244 0 0.8245944 0.5657244 0 0.8245944 0.5657244 0 0.8245944 0.5657244 0 0.8245944 0.5657244 0 0.8245944 0.5657244 0 -0.5609394 0.8278568 0 -0.5609394 0.8278568 0 -0.5609394 0.8278568 0 -0.5609394 0.8278568 0 -0.5609394 0.8278568 0 -0.5609394 0.8278568 0 -0.8304557 -0.5570847 0 -0.8304557 -0.5570847 0 -0.8304557 -0.5570847 0 -0.8304557 -0.5570847 0 -0.8304557 -0.5570847 0 -0.8304557 -0.5570847 0 -0.5217285 0.8531116 0 -0.5217285 0.8531116 0 -0.5217285 0.8531116 0 -0.5217285 0.8531116 0 -0.5217285 0.8531116 0 -0.5217285 0.8531116 0 -0.8304558 -0.5570845 0 -0.8304558 -0.5570845 0 -0.8304558 -0.5570845 0 -0.8304558 -0.5570845 0 -0.8304558 -0.5570845 0 -0.8304558 -0.5570845 0 0.8372307 0.5468499 0 0.8372307 0.5468499 0 0.8372307 0.5468499 0 0.8372307 0.5468499 0 0.8372307 0.5468499 0 0.8372307 0.5468499 0 -0.5408648 0.8411095 0 -0.5408648 0.8411095 0 -0.5408648 0.8411095 0 -0.5408648 0.8411095 0 -0.5408648 0.8411095 0 -0.5408648 0.8411095 0 0 0 -1 0 0 -1 0 0 -1 0 0 -1 0 0 -1 0 0 -1 0 0 -1 0 0 -1 0 0 -1 0 0 -1 0 0 -1 0 0 -1 0 0 -1 0 0 -1 0 0 -1 0 0 -1 0 0 -1 0 0 -1 0 0 -1 0 0 -1 0 0 -1 0 0 -1 0 0 -1 0 0 -1 0 0 -1 0 0 -1 0 0 -1 0 0 -1 0 0 -1 0 0 -1 0 0 -1 0 0 -1 0 0 -1 0 0 -1 0 0 -1 0 0 -1 0 0 -1 0 0 -1 0 0 -1 0 0 -1 0 0 -1 0 0 -1 0 0 -1 0 0 -1 0 0 -1 0 0 -1 0 0 -1 0 0 -1 0 0 -1 0 0 -1 0 0 -1 0 0 -1 0 0 -1 0 0 -1 0 0 1 0 0 1 0 0 1 0 0 1 0 0 1 0 0 1 0 0 1 0 0 1 0 0 1 0 0 1 0 0 1 0 0 1 0 0 1 0 0 1 0 0 1 0 0 1 0 0 1 0 0 1 0 0 1 0 0 1 0 0 1 0 0 1 0 0 1 0 0 1 0 0 1 0 0 1 0 0 1 0 0 1 0 0 1 0 0 1 0 0 1 0 0 1 0 0 1 0 0 1 0 0 1 0 0 1 0 0 1 0 0 1 0 0 1 0 0 1 0 0 1 0 0 1 0 0 1 0 0 1 0 0 1 0 0 1 0 0 1 0 0 1 0 0 1 0 0 1 0 0 1 0 0 1 0 0 1 0 0 1 0.2947238 -0.9555825 0 0.2947238 -0.9555825 0 0.2947238 -0.9555825 0 0.2947238 -0.9555825 0 0.2947238 -0.9555825 0 0.2947238 -0.9555825 0 0.9545397 0.2980839 0 0.9545397 0.2980839 0 0.9545397 0.2980839 0 0.9545397 0.2980839 0 0.9545397 0.2980839 0 0.9545397 0.2980839 0 -0.292421 0.9562897 0 -0.292421 0.9562897 0 -0.292421 0.9562897 0 -0.292421 0.9562897 0 -0.292421 0.9562897 0 -0.292421 0.9562897 0 0.952378 0.3049198 0 0.952378 0.3049198 0 0.952378 0.3049198 0 0.952378 0.3049198 0 0.952378 0.3049198 0 0.952378 0.3049198 0 0.3030624 -0.9529707 0 0.3030624 -0.9529707 0 0.3030624 -0.9529707 0 0.3030624 -0.9529707 0 0.3030624 -0.9529707 0 0.3030624 -0.9529707 0 0.9583142 0.2857164 0 0.9583142 0.2857164 0 0.9583142 0.2857164 0 0.9583142 0.2857164 0 0.9583142 0.2857164 0 0.9583142 0.2857164 0 -0.2924211 0.9562897 0 -0.2924211 0.9562897 0 -0.2924211 0.9562897 0 -0.2924211 0.9562897 0 -0.2924211 0.9562897 0 -0.2924211 0.9562897 0 0.9539488 0.2999693 0 0.9539488 0.2999693 0 0.9539488 0.2999693 0 0.9539488 0.2999693 0 0.9539488 0.2999693 0 0.9539488 0.2999693 0 0.2985919 -0.9543809 0 0.2985919 -0.9543809 0 0.2985919 -0.9543809 0 0.2985919 -0.9543809 0 0.2985919 -0.9543809 0 0.2985919 -0.9543809 0 -0.9511482 -0.3087347 0 -0.9511482 -0.3087347 0 -0.9511482 -0.3087347 0 -0.9511482 -0.3087347 0 -0.9511482 -0.3087347 0 -0.9511482 -0.3087347 0 -0.3027792 0.9530607 0 -0.3027792 0.9530607 0 -0.3027792 0.9530607 0 -0.3027792 0.9530607 0 -0.3027792 0.9530607 0 -0.3027792 0.9530607 0 -0.9610702 -0.2763044 0 -0.9610702 -0.2763044 0 -0.9610702 -0.2763044 0 -0.9610702 -0.2763044 0 -0.9610702 -0.2763044 0 -0.9610702 -0.2763044 0 0.3052783 -0.9522632 0 0.3052783 -0.9522632 0 0.3052783 -0.9522632 0 0.3052783 -0.9522632 0 0.3052783 -0.9522632 0 0.3052783 -0.9522632 0 -0.9523786 -0.304918 0 -0.9523786 -0.304918 0 -0.9523786 -0.304918 0 -0.9523786 -0.304918 0 -0.9523786 -0.304918 0 -0.9523786 -0.304918 0 -0.3005407 0.953769 0 -0.3005407 0.953769 0 -0.3005407 0.953769 0 -0.3005407 0.953769 0 -0.3005407 0.953769 0 -0.3005407 0.953769 0 -0.9514714 -0.3077372 0 -0.9514714 -0.3077372 0 -0.9514714 -0.3077372 0 -0.9514714 -0.3077372 0 -0.9514714 -0.3077372 0 -0.9514714 -0.3077372 0 0.2979303 -0.9545876 0 0.2979303 -0.9545876 0 0.2979303 -0.9545876 0 0.2979303 -0.9545876 0 0.2979303 -0.9545876 0 0.2979303 -0.9545876 0 -0.9565218 -0.2916609 0 -0.9565218 -0.2916609 0 -0.9565218 -0.2916609 0 -0.9565218 -0.2916609 0 -0.9565218 -0.2916609 0 -0.9565218 -0.2916609 0 0.9539491 0.2999684 0 0.9539491 0.2999684 0 0.9539491 0.2999684 0 0.9539491 0.2999684 0 0.9539491 0.2999684 0 0.9539491 0.2999684 0 -0.300541 0.9537689 0 -0.300541 0.9537689 0 -0.300541 0.9537689 0 -0.300541 0.9537689 0 -0.300541 0.9537689 0 -0.300541 0.9537689 0</float_array>
          <technique_common>
            <accessor count="3924" source="#normals-array-array" stride="3">
              <param type="float" name="X" />
              <param type="float" name="Y" />
              <param type="float" name="Z" />
            </accessor>
          </technique_common>
        </source>
        <vertices id="verts-array-vertices">
          <input semantic="POSITION" source="#verts-array" />
        </vertices>
        <triangles count="1308" material="material0">
          <input offset="0" semantic="VERTEX" source="#verts-array-vertices" />
          <input offset="1" semantic="NORMAL" source="#normals-array" />
          <p>0 0 1 1 2 2 3 3 4 4 5 5 6 6 7 7 8 8 9 9 10 10 11 11 12 12 13 13 14 14 15 15 16 16 17 17 18 18 19 19 20 20 21 21 22 22 23 23 24 24 25 25 26 26 27 27 28 28 29 29 30 30 31 31 32 32 33 33 34 34 35 35 36 36 37 37 38 38 39 39 40 40 41 41 42 42 43 43 44 44 45 45 46 46 47 47 48 48 49 49 50 50 51 51 52 52 53 53 54 54 55 55 56 56 57 57 58 58 59 59 60 60 61 61 62 62 63 63 64 64 65 65 66 66 67 67 68 68 69 69 70 70 71 71 72 72 73 73 74 74 75 75 76 76 77 77 78 78 79 79 80 80 81 81 82 82 83 83 84 84 85 85 86 86 87 87 88 88 89 89 90 90 91 91 92 92 93 93 94 94 95 95 96 96 97 97 98 98 99 99 100 100 101 101 102 102 103 103 104 104 105 105 106 106 107 107 108 108 109 109 110 110 111 111 112 112 113 113 114 114 115 115 116 116 117 117 118 118 119 119 120 120 121 121 122 122 123 123 124 124 125 125 126 126 127 127 128 128 129 129 130 130 131 131 132 132 133 133 134 134 135 135 136 136 137 137 138 138 139 139 140 140 141 141 142 142 143 143 144 144 145 145 146 146 147 147 148 148 149 149 150 150 151 151 152 152 153 153 154 154 155 155 156 156 157 157 158 158 159 159 160 160 161 161 162 162 163 163 164 164 165 165 166 166 167 167 168 168 169 169 170 170 171 171 172 172 173 173 174 174 175 175 176 176 177 177 178 178 179 179 180 180 181 181 182 182 183 183 184 184 185 185 186 186 187 187 188 188 189 189 190 190 191 191 192 192 193 193 194 194 195 195 196 196 197 197 198 198 199 199 200 200 201 201 202 202 203 203 204 204 205 205 206 206 207 207 208 208 209 209 210 210 211 211 212 212 213 213 214 214 215 215 216 216 217 217 218 218 219 219 220 220 221 221 222 222 223 223 224 224 225 225 226 226 227 227 228 228 229 229 230 230 231 231 232 232 233 233 234 234 235 235 236 236 237 237 238 238 239 239 240 240 241 241 242 242 243 243 244 244 245 245 246 246 247 247 248 248 249 249 250 250 251 251 252 252 253 253 254 254 255 255 256 256 257 257 258 258 259 259 260 260 261 261 262 262 263 263 264 264 265 265 266 266 267 267 268 268 269 269 270 270 271 271 272 272 273 273 274 274 275 275 276 276 277 277 278 278 279 279 280 280 281 281 282 282 283 283 284 284 285 285 286 286 287 287 288 288 289 289 290 290 291 291 292 292 293 293 294 294 295 295 296 296 297 297 298 298 299 299 300 300 301 301 302 302 303 303 304 304 305 305 306 306 307 307 308 308 309 309 310 310 311 311 312 312 313 313 314 314 315 315 316 316 317 317 318 318 319 319 320 320 321 321 322 322 323 323 324 324 325 325 326 326 327 327 328 328 329 329 330 330 331 331 332 332 333 333 334 334 335 335 336 336 337 337 338 338 339 339 340 340 341 341 342 342 343 343 344 344 345 345 346 346 347 347 348 348 349 349 350 350 351 351 352 352 353 353 354 354 355 355 356 356 357 357 358 358 359 359 360 360 361 361 362 362 363 363 364 364 365 365 366 366 367 367 368 368 369 369 370 370 371 371 372 372 373 373 374 374 375 375 376 376 377 377 378 378 379 379 380 380 381 381 382 382 383 383 384 384 385 385 386 386 387 387 388 388 389 389 390 390 391 391 392 392 393 393 394 394 395 395 396 396 397 397 398 398 399 399 400 400 401 401 402 402 403 403 404 404 405 405 406 406 407 407 408 408 409 409 410 410 411 411 412 412 413 413 414 414 415 415 416 416 417 417 418 418 419 419 420 420 421 421 422 422 423 423 424 424 425 425 426 426 427 427 428 428 429 429 430 430 431 431 432 432 433 433 434 434 435 435 436 436 437 437 438 438 439 439 440 440 441 441 442 442 443 443 444 444 445 445 446 446 447 447 448 448 449 449 450 450 451 451 452 452 453 453 454 454 455 455 456 456 457 457 458 458 459 459 460 460 461 461 462 462 463 463 464 464 465 465 466 466 467 467 468 468 469 469 470 470 471 471 472 472 473 473 474 474 475 475 476 476 477 477 478 478 479 479 480 480 481 481 482 482 483 483 484 484 485 485 486 486 487 487 488 488 489 489 490 490 491 491 492 492 493 493 494 494 495 495 496 496 497 497 498 498 499 499 500 500 501 501 502 502 503 503 504 504 505 505 506 506 507 507 508 508 509 509 510 510 511 511 512 512 513 513 514 514 515 515 516 516 517 517 518 518 519 519 520 520 521 521 522 522 523 523 524 524 525 525 526 526 527 527 528 528 529 529 530 530 531 531 532 532 533 533 534 534 535 535 536 536 537 537 538 538 539 539 540 540 541 541 542 542 543 543 544 544 545 545 546 546 547 547 548 548 549 549 550 550 551 551 552 552 553 553 554 554 555 555 556 556 557 557 558 558 559 559 560 560 561 561 562 562 563 563 564 564 565 565 566 566 567 567 568 568 569 569 570 570 571 571 572 572 573 573 574 574 575 575 576 576 577 577 578 578 579 579 580 580 581 581 582 582 583 583 584 584 585 585 586 586 587 587 588 588 589 589 590 590 591 591 592 592 593 593 594 594 595 595 596 596 597 597 598 598 599 599 600 600 601 601 602 602 603 603 604 604 605 605 606 606 607 607 608 608 609 609 610 610 611 611 612 612 613 613 614 614 615 615 616 616 617 617 618 618 619 619 620 620 621 621 622 622 623 623 624 624 625 625 626 626 627 627 628 628 629 629 630 630 631 631 632 632 633 633 634 634 635 635 636 636 637 637 638 638 639 639 640 640 641 641 642 642 643 643 644 644 645 645 646 646 647 647 648 648 649 649 650 650 651 651 652 652 653 653 654 654 655 655 656 656 657 657 658 658 659 659 660 660 661 661 662 662 663 663 664 664 665 665 666 666 667 667 668 668 669 669 670 670 671 671 672 672 673 673 674 674 675 675 676 676 677 677 678 678 679 679 680 680 681 681 682 682 683 683 684 684 685 685 686 686 687 687 688 688 689 689 690 690 691 691 692 692 693 693 694 694 695 695 696 696 697 697 698 698 699 699 700 700 701 701 702 702 703 703 704 704 705 705 706 706 707 707 708 708 709 709 710 710 711 711 712 712 713 713 714 714 715 715 716 716 717 717 718 718 719 719 720 720 721 721 722 722 723 723 724 724 725 725 726 726 727 727 728 728 729 729 730 730 731 731 732 732 733 733 734 734 735 735 736 736 737 737 738 738 739 739 740 740 741 741 742 742 743 743 744 744 745 745 746 746 747 747 748 748 749 749 750 750 751 751 752 752 753 753 754 754 755 755 756 756 757 757 758 758 759 759 760 760 761 761 762 762 763 763 764 764 765 765 766 766 767 767 768 768 769 769 770 770 771 771 772 772 773 773 774 774 775 775 776 776 777 777 778 778 779 779 780 780 781 781 782 782 783 783 784 784 785 785 786 786 787 787 788 788 789 789 790 790 791 791 792 792 793 793 794 794 795 795 796 796 797 797 798 798 799 799 800 800 801 801 802 802 803 803 804 804 805 805 806 806 807 807 808 808 809 809 810 810 811 811 812 812 813 813 814 814 815 815 816 816 817 817 818 818 819 819 820 820 821 821 822 822 823 823 824 824 825 825 826 826 827 827 828 828 829 829 830 830 831 831 832 832 833 833 834 834 835 835 836 836 837 837 838 838 839 839 840 840 841 841 842 842 843 843 844 844 845 845 846 846 847 847 848 848 849 849 850 850 851 851 852 852 853 853 854 854 855 855 856 856 857 857 858 858 859 859 860 860 861 861 862 862 863 863 864 864 865 865 866 866 867 867 868 868 869 869 870 870 871 871 872 872 873 873 874 874 875 875 876 876 877 877 878 878 879 879 880 880 881 881 882 882 883 883 884 884 885 885 886 886 887 887 888 888 889 889 890 890 891 891 892 892 893 893 894 894 895 895 896 896 897 897 898 898 899 899 900 900 901 901 902 902 903 903 904 904 905 905 906 906 907 907 908 908 909 909 910 910 911 911 912 912 913 913 914 914 915 915 916 916 917 917 918 918 919 919 920 920 921 921 922 922 923 923 924 924 925 925 926 926 927 927 928 928 929 929 930 930 931 931 932 932 933 933 934 934 935 935 936 936 937 937 938 938 939 939 940 940 941 941 942 942 943 943 944 944 945 945 946 946 947 947 948 948 949 949 950 950 951 951 952 952 953 953 954 954 955 955 956 956 957 957 958 958 959 959 960 960 961 961 962 962 963 963 964 964 965 965 966 966 967 967 968 968 969 969 970 970 971 971 972 972 973 973 974 974 975 975 976 976 977 977 978 978 979 979 980 980 981 981 982 982 983 983 984 984 985 985 986 986 987 987 988 988 989 989 990 990 991 991 992 992 993 993 994 994 995 995 996 996 997 997 998 998 999 999 1000 1000 1001 1001 1002 1002 1003 1003 1004 1004 1005 1005 1006 1006 1007 1007 1008 1008 1009 1009 1010 1010 1011 1011 1012 1012 1013 1013 1014 1014 1015 1015 1016 1016 1017 1017 1018 1018 1019 1019 1020 1020 1021 1021 1022 1022 1023 1023 1024 1024 1025 1025 1026 1026 1027 1027 1028 1028 1029 1029 1030 1030 1031 1031 1032 1032 1033 1033 1034 1034 1035 1035 1036 1036 1037 1037 1038 1038 1039 1039 1040 1040 1041 1041 1042 1042 1043 1043 1044 1044 1045 1045 1046 1046 1047 1047 1048 1048 1049 1049 1050 1050 1051 1051 1052 1052 1053 1053 1054 1054 1055 1055 1056 1056 1057 1057 1058 1058 1059 1059 1060 1060 1061 1061 1062 1062 1063 1063 1064 1064 1065 1065 1066 1066 1067 1067 1068 1068 1069 1069 1070 1070 1071 1071 1072 1072 1073 1073 1074 1074 1075 1075 1076 1076 1077 1077 1078 1078 1079 1079 1080 1080 1081 1081 1082 1082 1083 1083 1084 1084 1085 1085 1086 1086 1087 1087 1088 1088 1089 1089 1090 1090 1091 1091 1092 1092 1093 1093 1094 1094 1095 1095 1096 1096 1097 1097 1098 1098 1099 1099 1100 1100 1101 1101 1102 1102 1103 1103 1104 1104 1105 1105 1106 1106 1107 1107 1108 1108 1109 1109 1110 1110 1111 1111 1112 1112 1113 1113 1114 1114 1115 1115 1116 1116 1117 1117 1118 1118 1119 1119 1120 1120 1121 1121 1122 1122 1123 1123 1124 1124 1125 1125 1126 1126 1127 1127 1128 1128 1129 1129 1130 1130 1131 1131 1132 1132 1133 1133 1134 1134 1135 1135 1136 1136 1137 1137 1138 1138 1139 1139 1140 1140 1141 1141 1142 1142 1143 1143 1144 1144 1145 1145 1146 1146 1147 1147 1148 1148 1149 1149 1150 1150 1151 1151 1152 1152 1153 1153 1154 1154 1155 1155 1156 1156 1157 1157 1158 1158 1159 1159 1160 1160 1161 1161 1162 1162 1163 1163 1164 1164 1165 1165 1166 1166 1167 1167 1168 1168 1169 1169 1170 1170 1171 1171 1172 1172 1173 1173 1174 1174 1175 1175 1176 1176 1177 1177 1178 1178 1179 1179 1180 1180 1181 1181 1182 1182 1183 1183 1184 1184 1185 1185 1186 1186 1187 1187 1188 1188 1189 1189 1190 1190 1191 1191 1192 1192 1193 1193 1194 1194 1195 1195 1196 1196 1197 1197 1198 1198 1199 1199 1200 1200 1201 1201 1202 1202 1203 1203 1204 1204 1205 1205 1206 1206 1207 1207 1208 1208 1209 1209 1210 1210 1211 1211 1212 1212 1213 1213 1214 1214 1215 1215 1216 1216 1217 1217 1218 1218 1219 1219 1220 1220 1221 1221 1222 1222 1223 1223 1224 1224 1225 1225 1226 1226 1227 1227 1228 1228 1229 1229 1230 1230 1231 1231 1232 1232 1233 1233 1234 1234 1235 1235 1236 1236 1237 1237 1238 1238 1239 1239 1240 1240 1241 1241 1242 1242 1243 1243 1244 1244 1245 1245 1246 1246 1247 1247 1248 1248 1249 1249 1250 1250 1251 1251 1252 1252 1253 1253 1254 1254 1255 1255 1256 1256 1257 1257 1258 1258 1259 1259 1260 1260 1261 1261 1262 1262 1263 1263 1264 1264 1265 1265 1266 1266 1267 1267 1268 1268 1269 1269 1270 1270 1271 1271 1272 1272 1273 1273 1274 1274 1275 1275 1276 1276 1277 1277 1278 1278 1279 1279 1280 1280 1281 1281 1282 1282 1283 1283 1284 1284 1285 1285 1286 1286 1287 1287 1288 1288 1289 1289 1290 1290 1291 1291 1292 1292 1293 1293 1294 1294 1295 1295 1296 1296 1297 1297 1298 1298 1299 1299 1300 1300 1301 1301 1302 1302 1303 1303 1304 1304 1305 1305 1306 1306 1307 1307 1308 1308 1309 1309 1310 1310 1311 1311 1312 1312 1313 1313 1314 1314 1315 1315 1316 1316 1317 1317 1318 1318 1319 1319 1320 1320 1321 1321 1322 1322 1323 1323 1324 1324 1325 1325 1326 1326 1327 1327 1328 1328 1329 1329 1330 1330 1331 1331 1332 1332 1333 1333 1334 1334 1335 1335 1336 1336 1337 1337 1338 1338 1339 1339 1340 1340 1341 1341 1342 1342 1343 1343 1344 1344 1345 1345 1346 1346 1347 1347 1348 1348 1349 1349 1350 1350 1351 1351 1352 1352 1353 1353 1354 1354 1355 1355 1356 1356 1357 1357 1358 1358 1359 1359 1360 1360 1361 1361 1362 1362 1363 1363 1364 1364 1365 1365 1366 1366 1367 1367 1368 1368 1369 1369 1370 1370 1371 1371 1372 1372 1373 1373 1374 1374 1375 1375 1376 1376 1377 1377 1378 1378 1379 1379 1380 1380 1381 1381 1382 1382 1383 1383 1384 1384 1385 1385 1386 1386 1387 1387 1388 1388 1389 1389 1390 1390 1391 1391 1392 1392 1393 1393 1394 1394 1395 1395 1396 1396 1397 1397 1398 1398 1399 1399 1400 1400 1401 1401 1402 1402 1403 1403 1404 1404 1405 1405 1406 1406 1407 1407 1408 1408 1409 1409 1410 1410 1411 1411 1412 1412 1413 1413 1414 1414 1415 1415 1416 1416 1417 1417 1418 1418 1419 1419 1420 1420 1421 1421 1422 1422 1423 1423 1424 1424 1425 1425 1426 1426 1427 1427 1428 1428 1429 1429 1430 1430 1431 1431 1432 1432 1433 1433 1434 1434 1435 1435 1436 1436 1437 1437 1438 1438 1439 1439 1440 1440 1441 1441 1442 1442 1443 1443 1444 1444 1445 1445 1446 1446 1447 1447 1448 1448 1449 1449 1450 1450 1451 1451 1452 1452 1453 1453 1454 1454 1455 1455 1456 1456 1457 1457 1458 1458 1459 1459 1460 1460 1461 1461 1462 1462 1463 1463 1464 1464 1465 1465 1466 1466 1467 1467 1468 1468 1469 1469 1470 1470 1471 1471 1472 1472 1473 1473 1474 1474 1475 1475 1476 1476 1477 1477 1478 1478 1479 1479 1480 1480 1481 1481 1482 1482 1483 1483 1484 1484 1485 1485 1486 1486 1487 1487 1488 1488 1489 1489 1490 1490 1491 1491 1492 1492 1493 1493 1494 1494 1495 1495 1496 1496 1497 1497 1498 1498 1499 1499 1500 1500 1501 1501 1502 1502 1503 1503 1504 1504 1505 1505 1506 1506 1507 1507 1508 1508 1509 1509 1510 1510 1511 1511 1512 1512 1513 1513 1514 1514 1515 1515 1516 1516 1517 1517 1518 1518 1519 1519 1520 1520 1521 1521 1522 1522 1523 1523 1524 1524 1525 1525 1526 1526 1527 1527 1528 1528 1529 1529 1530 1530 1531 1531 1532 1532 1533 1533 1534 1534 1535 1535 1536 1536 1537 1537 1538 1538 1539 1539 1540 1540 1541 1541 1542 1542 1543 1543 1544 1544 1545 1545 1546 1546 1547 1547 1548 1548 1549 1549 1550 1550 1551 1551 1552 1552 1553 1553 1554 1554 1555 1555 1556 1556 1557 1557 1558 1558 1559 1559 1560 1560 1561 1561 1562 1562 1563 1563 1564 1564 1565 1565 1566 1566 1567 1567 1568 1568 1569 1569 1570 1570 1571 1571 1572 1572 1573 1573 1574 1574 1575 1575 1576 1576 1577 1577 1578 1578 1579 1579 1580 1580 1581 1581 1582 1582 1583 1583 1584 1584 1585 1585 1586 1586 1587 1587 1588 1588 1589 1589 1590 1590 1591 1591 1592 1592 1593 1593 1594 1594 1595 1595 1596 1596 1597 1597 1598 1598 1599 1599 1600 1600 1601 1601 1602 1602 1603 1603 1604 1604 1605 1605 1606 1606 1607 1607 1608 1608 1609 1609 1610 1610 1611 1611 1612 1612 1613 1613 1614 1614 1615 1615 1616 1616 1617 1617 1618 1618 1619 1619 1620 1620 1621 1621 1622 1622 1623 1623 1624 1624 1625 1625 1626 1626 1627 1627 1628 1628 1629 1629 1630 1630 1631 1631 1632 1632 1633 1633 1634 1634 1635 1635 1636 1636 1637 1637 1638 1638 1639 1639 1640 1640 1641 1641 1642 1642 1643 1643 1644 1644 1645 1645 1646 1646 1647 1647 1648 1648 1649 1649 1650 1650 1651 1651 1652 1652 1653 1653 1654 1654 1655 1655 1656 1656 1657 1657 1658 1658 1659 1659 1660 1660 1661 1661 1662 1662 1663 1663 1664 1664 1665 1665 1666 1666 1667 1667 1668 1668 1669 1669 1670 1670 1671 1671 1672 1672 1673 1673 1674 1674 1675 1675 1676 1676 1677 1677 1678 1678 1679 1679 1680 1680 1681 1681 1682 1682 1683 1683 1684 1684 1685 1685 1686 1686 1687 1687 1688 1688 1689 1689 1690 1690 1691 1691 1692 1692 1693 1693 1694 1694 1695 1695 1696 1696 1697 1697 1698 1698 1699 1699 1700 1700 1701 1701 1702 1702 1703 1703 1704 1704 1705 1705 1706 1706 1707 1707 1708 1708 1709 1709 1710 1710 1711 1711 1712 1712 1713 1713 1714 1714 1715 1715 1716 1716 1717 1717 1718 1718 1719 1719 1720 1720 1721 1721 1722 1722 1723 1723 1724 1724 1725 1725 1726 1726 1727 1727 1728 1728 1729 1729 1730 1730 1731 1731 1732 1732 1733 1733 1734 1734 1735 1735 1736 1736 1737 1737 1738 1738 1739 1739 1740 1740 1741 1741 1742 1742 1743 1743 1744 1744 1745 1745 1746 1746 1747 1747 1748 1748 1749 1749 1750 1750 1751 1751 1752 1752 1753 1753 1754 1754 1755 1755 1756 1756 1757 1757 1758 1758 1759 1759 1760 1760 1761 1761 1762 1762 1763 1763 1764 1764 1765 1765 1766 1766 1767 1767 1768 1768 1769 1769 1770 1770 1771 1771 1772 1772 1773 1773 1774 1774 1775 1775 1776 1776 1777 1777 1778 1778 1779 1779 1780 1780 1781 1781 1782 1782 1783 1783 1784 1784 1785 1785 1786 1786 1787 1787 1788 1788 1789 1789 1790 1790 1791 1791 1792 1792 1793 1793 1794 1794 1795 1795 1796 1796 1797 1797 1798 1798 1799 1799 1800 1800 1801 1801 1802 1802 1803 1803 1804 1804 1805 1805 1806 1806 1807 1807 1808 1808 1809 1809 1810 1810 1811 1811 1812 1812 1813 1813 1814 1814 1815 1815 1816 1816 1817 1817 1818 1818 1819 1819 1820 1820 1821 1821 1822 1822 1823 1823 1824 1824 1825 1825 1826 1826 1827 1827 1828 1828 1829 1829 1830 1830 1831 1831 1832 1832 1833 1833 1834 1834 1835 1835 1836 1836 1837 1837 1838 1838 1839 1839 1840 1840 1841 1841 1842 1842 1843 1843 1844 1844 1845 1845 1846 1846 1847 1847 1848 1848 1849 1849 1850 1850 1851 1851 1852 1852 1853 1853 1854 1854 1855 1855 1856 1856 1857 1857 1858 1858 1859 1859 1860 1860 1861 1861 1862 1862 1863 1863 1864 1864 1865 1865 1866 1866 1867 1867 1868 1868 1869 1869 1870 1870 1871 1871 1872 1872 1873 1873 1874 1874 1875 1875 1876 1876 1877 1877 1878 1878 1879 1879 1880 1880 1881 1881 1882 1882 1883 1883 1884 1884 1885 1885 1886 1886 1887 1887 1888 1888 1889 1889 1890 1890 1891 1891 1892 1892 1893 1893 1894 1894 1895 1895 1896 1896 1897 1897 1898 1898 1899 1899 1900 1900 1901 1901 1902 1902 1903 1903 1904 1904 1905 1905 1906 1906 1907 1907 1908 1908 1909 1909 1910 1910 1911 1911 1912 1912 1913 1913 1914 1914 1915 1915 1916 1916 1917 1917 1918 1918 1919 1919 1920 1920 1921 1921 1922 1922 1923 1923 1924 1924 1925 1925 1926 1926 1927 1927 1928 1928 1929 1929 1930 1930 1931 1931 1932 1932 1933 1933 1934 1934 1935 1935 1936 1936 1937 1937 1938 1938 1939 1939 1940 1940 1941 1941 1942 1942 1943 1943 1944 1944 1945 1945 1946 1946 1947 1947 1948 1948 1949 1949 1950 1950 1951 1951 1952 1952 1953 1953 1954 1954 1955 1955 1956 1956 1957 1957 1958 1958 1959 1959 1960 1960 1961 1961 1962 1962 1963 1963 1964 1964 1965 1965 1966 1966 1967 1967 1968 1968 1969 1969 1970 1970 1971 1971 1972 1972 1973 1973 1974 1974 1975 1975 1976 1976 1977 1977 1978 1978 1979 1979 1980 1980 1981 1981 1982 1982 1983 1983 1984 1984 1985 1985 1986 1986 1987 1987 1988 1988 1989 1989 1990 1990 1991 1991 1992 1992 1993 1993 1994 1994 1995 1995 1996 1996 1997 1997 1998 1998 1999 1999 2000 2000 2001 2001 2002 2002 2003 2003 2004 2004 2005 2005 2006 2006 2007 2007 2008 2008 2009 2009 2010 2010 2011 2011 2012 2012 2013 2013 2014 2014 2015 2015 2016 2016 2017 2017 2018 2018 2019 2019 2020 2020 2021 2021 2022 2022 2023 2023 2024 2024 2025 2025 2026 2026 2027 2027 2028 2028 2029 2029 2030 2030 2031 2031 2032 2032 2033 2033 2034 2034 2035 2035 2036 2036 2037 2037 2038 2038 2039 2039 2040 2040 2041 2041 2042 2042 2043 2043 2044 2044 2045 2045 2046 2046 2047 2047 2048 2048 2049 2049 2050 2050 2051 2051 2052 2052 2053 2053 2054 2054 2055 2055 2056 2056 2057 2057 2058 2058 2059 2059 2060 2060 2061 2061 2062 2062 2063 2063 2064 2064 2065 2065 2066 2066 2067 2067 2068 2068 2069 2069 2070 2070 2071 2071 2072 2072 2073 2073 2074 2074 2075 2075 2076 2076 2077 2077 2078 2078 2079 2079 2080 2080 2081 2081 2082 2082 2083 2083 2084 2084 2085 2085 2086 2086 2087 2087 2088 2088 2089 2089 2090 2090 2091 2091 2092 2092 2093 2093 2094 2094 2095 2095 2096 2096 2097 2097 2098 2098 2099 2099 2100 2100 2101 2101 2102 2102 2103 2103 2104 2104 2105 2105 2106 2106 2107 2107 2108 2108 2109 2109 2110 2110 2111 2111 2112 2112 2113 2113 2114 2114 2115 2115 2116 2116 2117 2117 2118 2118 2119 2119 2120 2120 2121 2121 2122 2122 2123 2123 2124 2124 2125 2125 2126 2126 2127 2127 2128 2128 2129 2129 2130 2130 2131 2131 2132 2132 2133 2133 2134 2134 2135 2135 2136 2136 2137 2137 2138 2138 2139 2139 2140 2140 2141 2141 2142 2142 2143 2143 2144 2144 2145 2145 2146 2146 2147 2147 2148 2148 2149 2149 2150 2150 2151 2151 2152 2152 2153 2153 2154 2154 2155 2155 2156 2156 2157 2157 2158 2158 2159 2159 2160 2160 2161 2161 2162 2162 2163 2163 2164 2164 2165 2165 2166 2166 2167 2167 2168 2168 2169 2169 2170 2170 2171 2171 2172 2172 2173 2173 2174 2174 2175 2175 2176 2176 2177 2177 2178 2178 2179 2179 2180 2180 2181 2181 2182 2182 2183 2183 2184 2184 2185 2185 2186 2186 2187 2187 2188 2188 2189 2189 2190 2190 2191 2191 2192 2192 2193 2193 2194 2194 2195 2195 2196 2196 2197 2197 2198 2198 2199 2199 2200 2200 2201 2201 2202 2202 2203 2203 2204 2204 2205 2205 2206 2206 2207 2207 2208 2208 2209 2209 2210 2210 2211 2211 2212 2212 2213 2213 2214 2214 2215 2215 2216 2216 2217 2217 2218 2218 2219 2219 2220 2220 2221 2221 2222 2222 2223 2223 2224 2224 2225 2225 2226 2226 2227 2227 2228 2228 2229 2229 2230 2230 2231 2231 2232 2232 2233 2233 2234 2234 2235 2235 2236 2236 2237 2237 2238 2238 2239 2239 2240 2240 2241 2241 2242 2242 2243 2243 2244 2244 2245 2245 2246 2246 2247 2247 2248 2248 2249 2249 2250 2250 2251 2251 2252 2252 2253 2253 2254 2254 2255 2255 2256 2256 2257 2257 2258 2258 2259 2259 2260 2260 2261 2261 2262 2262 2263 2263 2264 2264 2265 2265 2266 2266 2267 2267 2268 2268 2269 2269 2270 2270 2271 2271 2272 2272 2273 2273 2274 2274 2275 2275 2276 2276 2277 2277 2278 2278 2279 2279 2280 2280 2281 2281 2282 2282 2283 2283 2284 2284 2285 2285 2286 2286 2287 2287 2288 2288 2289 2289 2290 2290 2291 2291 2292 2292 2293 2293 2294 2294 2295 2295 2296 2296 2297 2297 2298 2298 2299 2299 2300 2300 2301 2301 2302 2302 2303 2303 2304 2304 2305 2305 2306 2306 2307 2307 2308 2308 2309 2309 2310 2310 2311 2311 2312 2312 2313 2313 2314 2314 2315 2315 2316 2316 2317 2317 2318 2318 2319 2319 2320 2320 2321 2321 2322 2322 2323 2323 2324 2324 2325 2325 2326 2326 2327 2327 2328 2328 2329 2329 2330 2330 2331 2331 2332 2332 2333 2333 2334 2334 2335 2335 2336 2336 2337 2337 2338 2338 2339 2339 2340 2340 2341 2341 2342 2342 2343 2343 2344 2344 2345 2345 2346 2346 2347 2347 2348 2348 2349 2349 2350 2350 2351 2351 2352 2352 2353 2353 2354 2354 2355 2355 2356 2356 2357 2357 2358 2358 2359 2359 2360 2360 2361 2361 2362 2362 2363 2363 2364 2364 2365 2365 2366 2366 2367 2367 2368 2368 2369 2369 2370 2370 2371 2371 2372 2372 2373 2373 2374 2374 2375 2375 2376 2376 2377 2377 2378 2378 2379 2379 2380 2380 2381 2381 2382 2382 2383 2383 2384 2384 2385 2385 2386 2386 2387 2387 2388 2388 2389 2389 2390 2390 2391 2391 2392 2392 2393 2393 2394 2394 2395 2395 2396 2396 2397 2397 2398 2398 2399 2399 2400 2400 2401 2401 2402 2402 2403 2403 2404 2404 2405 2405 2406 2406 2407 2407 2408 2408 2409 2409 2410 2410 2411 2411 2412 2412 2413 2413 2414 2414 2415 2415 2416 2416 2417 2417 2418 2418 2419 2419 2420 2420 2421 2421 2422 2422 2423 2423 2424 2424 2425 2425 2426 2426 2427 2427 2428 2428 2429 2429 2430 2430 2431 2431 2432 2432 2433 2433 2434 2434 2435 2435 2436 2436 2437 2437 2438 2438 2439 2439 2440 2440 2441 2441 2442 2442 2443 2443 2444 2444 2445 2445 2446 2446 2447 2447 2448 2448 2449 2449 2450 2450 2451 2451 2452 2452 2453 2453 2454 2454 2455 2455 2456 2456 2457 2457 2458 2458 2459 2459 2460 2460 2461 2461 2462 2462 2463 2463 2464 2464 2465 2465 2466 2466 2467 2467 2468 2468 2469 2469 2470 2470 2471 2471 2472 2472 2473 2473 2474 2474 2475 2475 2476 2476 2477 2477 2478 2478 2479 2479 2480 2480 2481 2481 2482 2482 2483 2483 2484 2484 2485 2485 2486 2486 2487 2487 2488 2488 2489 2489 2490 2490 2491 2491 2492 2492 2493 2493 2494 2494 2495 2495 2496 2496 2497 2497 2498 2498 2499 2499 2500 2500 2501 2501 2502 2502 2503 2503 2504 2504 2505 2505 2506 2506 2507 2507 2508 2508 2509 2509 2510 2510 2511 2511 2512 2512 2513 2513 2514 2514 2515 2515 2516 2516 2517 2517 2518 2518 2519 2519 2520 2520 2521 2521 2522 2522 2523 2523 2524 2524 2525 2525 2526 2526 2527 2527 2528 2528 2529 2529 2530 2530 2531 2531 2532 2532 2533 2533 2534 2534 2535 2535 2536 2536 2537 2537 2538 2538 2539 2539 2540 2540 2541 2541 2542 2542 2543 2543 2544 2544 2545 2545 2546 2546 2547 2547 2548 2548 2549 2549 2550 2550 2551 2551 2552 2552 2553 2553 2554 2554 2555 2555 2556 2556 2557 2557 2558 2558 2559 2559 2560 2560 2561 2561 2562 2562 2563 2563 2564 2564 2565 2565 2566 2566 2567 2567 2568 2568 2569 2569 2570 2570 2571 2571 2572 2572 2573 2573 2574 2574 2575 2575 2576 2576 2577 2577 2578 2578 2579 2579 2580 2580 2581 2581 2582 2582 2583 2583 2584 2584 2585 2585 2586 2586 2587 2587 2588 2588 2589 2589 2590 2590 2591 2591 2592 2592 2593 2593 2594 2594 2595 2595 2596 2596 2597 2597 2598 2598 2599 2599 2600 2600 2601 2601 2602 2602 2603 2603 2604 2604 2605 2605 2606 2606 2607 2607 2608 2608 2609 2609 2610 2610 2611 2611 2612 2612 2613 2613 2614 2614 2615 2615 2616 2616 2617 2617 2618 2618 2619 2619 2620 2620 2621 2621 2622 2622 2623 2623 2624 2624 2625 2625 2626 2626 2627 2627 2628 2628 2629 2629 2630 2630 2631 2631 2632 2632 2633 2633 2634 2634 2635 2635 2636 2636 2637 2637 2638 2638 2639 2639 2640 2640 2641 2641 2642 2642 2643 2643 2644 2644 2645 2645 2646 2646 2647 2647 2648 2648 2649 2649 2650 2650 2651 2651 2652 2652 2653 2653 2654 2654 2655 2655 2656 2656 2657 2657 2658 2658 2659 2659 2660 2660 2661 2661 2662 2662 2663 2663 2664 2664 2665 2665 2666 2666 2667 2667 2668 2668 2669 2669 2670 2670 2671 2671 2672 2672 2673 2673 2674 2674 2675 2675 2676 2676 2677 2677 2678 2678 2679 2679 2680 2680 2681 2681 2682 2682 2683 2683 2684 2684 2685 2685 2686 2686 2687 2687 2688 2688 2689 2689 2690 2690 2691 2691 2692 2692 2693 2693 2694 2694 2695 2695 2696 2696 2697 2697 2698 2698 2699 2699 2700 2700 2701 2701 2702 2702 2703 2703 2704 2704 2705 2705 2706 2706 2707 2707 2708 2708 2709 2709 2710 2710 2711 2711 2712 2712 2713 2713 2714 2714 2715 2715 2716 2716 2717 2717 2718 2718 2719 2719 2720 2720 2721 2721 2722 2722 2723 2723 2724 2724 2725 2725 2726 2726 2727 2727 2728 2728 2729 2729 2730 2730 2731 2731 2732 2732 2733 2733 2734 2734 2735 2735 2736 2736 2737 2737 2738 2738 2739 2739 2740 2740 2741 2741 2742 2742 2743 2743 2744 2744 2745 2745 2746 2746 2747 2747 2748 2748 2749 2749 2750 2750 2751 2751 2752 2752 2753 2753 2754 2754 2755 2755 2756 2756 2757 2757 2758 2758 2759 2759 2760 2760 2761 2761 2762 2762 2763 2763 2764 2764 2765 2765 2766 2766 2767 2767 2768 2768 2769 2769 2770 2770 2771 2771 2772 2772 2773 2773 2774 2774 2775 2775 2776 2776 2777 2777 2778 2778 2779 2779 2780 2780 2781 2781 2782 2782 2783 2783 2784 2784 2785 2785 2786 2786 2787 2787 2788 2788 2789 2789 2790 2790 2791 2791 2792 2792 2793 2793 2794 2794 2795 2795 2796 2796 2797 2797 2798 2798 2799 2799 2800 2800 2801 2801 2802 2802 2803 2803 2804 2804 2805 2805 2806 2806 2807 2807 2808 2808 2809 2809 2810 2810 2811 2811 2812 2812 2813 2813 2814 2814 2815 2815 2816 2816 2817 2817 2818 2818 2819 2819 2820 2820 2821 2821 2822 2822 2823 2823 2824 2824 2825 2825 2826 2826 2827 2827 2828 2828 2829 2829 2830 2830 2831 2831 2832 2832 2833 2833 2834 2834 2835 2835 2836 2836 2837 2837 2838 2838 2839 2839 2840 2840 2841 2841 2842 2842 2843 2843 2844 2844 2845 2845 2846 2846 2847 2847 2848 2848 2849 2849 2850 2850 2851 2851 2852 2852 2853 2853 2854 2854 2855 2855 2856 2856 2857 2857 2858 2858 2859 2859 2860 2860 2861 2861 2862 2862 2863 2863 2864 2864 2865 2865 2866 2866 2867 2867 2868 2868 2869 2869 2870 2870 2871 2871 2872 2872 2873 2873 2874 2874 2875 2875 2876 2876 2877 2877 2878 2878 2879 2879 2880 2880 2881 2881 2882 2882 2883 2883 2884 2884 2885 2885 2886 2886 2887 2887 2888 2888 2889 2889 2890 2890 2891 2891 2892 2892 2893 2893 2894 2894 2895 2895 2896 2896 2897 2897 2898 2898 2899 2899 2900 2900 2901 2901 2902 2902 2903 2903 2904 2904 2905 2905 2906 2906 2907 2907 2908 2908 2909 2909 2910 2910 2911 2911 2912 2912 2913 2913 2914 2914 2915 2915 2916 2916 2917 2917 2918 2918 2919 2919 2920 2920 2921 2921 2922 2922 2923 2923 2924 2924 2925 2925 2926 2926 2927 2927 2928 2928 2929 2929 2930 2930 2931 2931 2932 2932 2933 2933 2934 2934 2935 2935 2936 2936 2937 2937 2938 2938 2939 2939 2940 2940 2941 2941 2942 2942 2943 2943 2944 2944 2945 2945 2946 2946 2947 2947 2948 2948 2949 2949 2950 2950 2951 2951 2952 2952 2953 2953 2954 2954 2955 2955 2956 2956 2957 2957 2958 2958 2959 2959 2960 2960 2961 2961 2962 2962 2963 2963 2964 2964 2965 2965 2966 2966 2967 2967 2968 2968 2969 2969 2970 2970 2971 2971 2972 2972 2973 2973 2974 2974 2975 2975 2976 2976 2977 2977 2978 2978 2979 2979 2980 2980 2981 2981 2982 2982 2983 2983 2984 2984 2985 2985 2986 2986 2987 2987 2988 2988 2989 2989 2990 2990 2991 2991 2992 2992 2993 2993 2994 2994 2995 2995 2996 2996 2997 2997 2998 2998 2999 2999 3000 3000 3001 3001 3002 3002 3003 3003 3004 3004 3005 3005 3006 3006 3007 3007 3008 3008 3009 3009 3010 3010 3011 3011 3012 3012 3013 3013 3014 3014 3015 3015 3016 3016 3017 3017 3018 3018 3019 3019 3020 3020 3021 3021 3022 3022 3023 3023 3024 3024 3025 3025 3026 3026 3027 3027 3028 3028 3029 3029 3030 3030 3031 3031 3032 3032 3033 3033 3034 3034 3035 3035 3036 3036 3037 3037 3038 3038 3039 3039 3040 3040 3041 3041 3042 3042 3043 3043 3044 3044 3045 3045 3046 3046 3047 3047 3048 3048 3049 3049 3050 3050 3051 3051 3052 3052 3053 3053 3054 3054 3055 3055 3056 3056 3057 3057 3058 3058 3059 3059 3060 3060 3061 3061 3062 3062 3063 3063 3064 3064 3065 3065 3066 3066 3067 3067 3068 3068 3069 3069 3070 3070 3071 3071 3072 3072 3073 3073 3074 3074 3075 3075 3076 3076 3077 3077 3078 3078 3079 3079 3080 3080 3081 3081 3082 3082 3083 3083 3084 3084 3085 3085 3086 3086 3087 3087 3088 3088 3089 3089 3090 3090 3091 3091 3092 3092 3093 3093 3094 3094 3095 3095 3096 3096 3097 3097 3098 3098 3099 3099 3100 3100 3101 3101 3102 3102 3103 3103 3104 3104 3105 3105 3106 3106 3107 3107 3108 3108 3109 3109 3110 3110 3111 3111 3112 3112 3113 3113 3114 3114 3115 3115 3116 3116 3117 3117 3118 3118 3119 3119 3120 3120 3121 3121 3122 3122 3123 3123 3124 3124 3125 3125 3126 3126 3127 3127 3128 3128 3129 3129 3130 3130 3131 3131 3132 3132 3133 3133 3134 3134 3135 3135 3136 3136 3137 3137 3138 3138 3139 3139 3140 3140 3141 3141 3142 3142 3143 3143 3144 3144 3145 3145 3146 3146 3147 3147 3148 3148 3149 3149 3150 3150 3151 3151 3152 3152 3153 3153 3154 3154 3155 3155 3156 3156 3157 3157 3158 3158 3159 3159 3160 3160 3161 3161 3162 3162 3163 3163 3164 3164 3165 3165 3166 3166 3167 3167 3168 3168 3169 3169 3170 3170 3171 3171 3172 3172 3173 3173 3174 3174 3175 3175 3176 3176 3177 3177 3178 3178 3179 3179 3180 3180 3181 3181 3182 3182 3183 3183 3184 3184 3185 3185 3186 3186 3187 3187 3188 3188 3189 3189 3190 3190 3191 3191 3192 3192 3193 3193 3194 3194 3195 3195 3196 3196 3197 3197 3198 3198 3199 3199 3200 3200 3201 3201 3202 3202 3203 3203 3204 3204 3205 3205 3206 3206 3207 3207 3208 3208 3209 3209 3210 3210 3211 3211 3212 3212 3213 3213 3214 3214 3215 3215 3216 3216 3217 3217 3218 3218 3219 3219 3220 3220 3221 3221 3222 3222 3223 3223 3224 3224 3225 3225 3226 3226 3227 3227 3228 3228 3229 3229 3230 3230 3231 3231 3232 3232 3233 3233 3234 3234 3235 3235 3236 3236 3237 3237 3238 3238 3239 3239 3240 3240 3241 3241 3242 3242 3243 3243 3244 3244 3245 3245 3246 3246 3247 3247 3248 3248 3249 3249 3250 3250 3251 3251 3252 3252 3253 3253 3254 3254 3255 3255 3256 3256 3257 3257 3258 3258 3259 3259 3260 3260 3261 3261 3262 3262 3263 3263 3264 3264 3265 3265 3266 3266 3267 3267 3268 3268 3269 3269 3270 3270 3271 3271 3272 3272 3273 3273 3274 3274 3275 3275 3276 3276 3277 3277 3278 3278 3279 3279 3280 3280 3281 3281 3282 3282 3283 3283 3284 3284 3285 3285 3286 3286 3287 3287 3288 3288 3289 3289 3290 3290 3291 3291 3292 3292 3293 3293 3294 3294 3295 3295 3296 3296 3297 3297 3298 3298 3299 3299 3300 3300 3301 3301 3302 3302 3303 3303 3304 3304 3305 3305 3306 3306 3307 3307 3308 3308 3309 3309 3310 3310 3311 3311 3312 3312 3313 3313 3314 3314 3315 3315 3316 3316 3317 3317 3318 3318 3319 3319 3320 3320 3321 3321 3322 3322 3323 3323 3324 3324 3325 3325 3326 3326 3327 3327 3328 3328 3329 3329 3330 3330 3331 3331 3332 3332 3333 3333 3334 3334 3335 3335 3336 3336 3337 3337 3338 3338 3339 3339 3340 3340 3341 3341 3342 3342 3343 3343 3344 3344 3345 3345 3346 3346 3347 3347 3348 3348 3349 3349 3350 3350 3351 3351 3352 3352 3353 3353 3354 3354 3355 3355 3356 3356 3357 3357 3358 3358 3359 3359 3360 3360 3361 3361 3362 3362 3363 3363 3364 3364 3365 3365 3366 3366 3367 3367 3368 3368 3369 3369 3370 3370 3371 3371 3372 3372 3373 3373 3374 3374 3375 3375 3376 3376 3377 3377 3378 3378 3379 3379 3380 3380 3381 3381 3382 3382 3383 3383 3384 3384 3385 3385 3386 3386 3387 3387 3388 3388 3389 3389 3390 3390 3391 3391 3392 3392 3393 3393 3394 3394 3395 3395 3396 3396 3397 3397 3398 3398 3399 3399 3400 3400 3401 3401 3402 3402 3403 3403 3404 3404 3405 3405 3406 3406 3407 3407 3408 3408 3409 3409 3410 3410 3411 3411 3412 3412 3413 3413 3414 3414 3415 3415 3416 3416 3417 3417 3418 3418 3419 3419 3420 3420 3421 3421 3422 3422 3423 3423 3424 3424 3425 3425 3426 3426 3427 3427 3428 3428 3429 3429 3430 3430 3431 3431 3432 3432 3433 3433 3434 3434 3435 3435 3436 3436 3437 3437 3438 3438 3439 3439 3440 3440 3441 3441 3442 3442 3443 3443 3444 3444 3445 3445 3446 3446 3447 3447 3448 3448 3449 3449 3450 3450 3451 3451 3452 3452 3453 3453 3454 3454 3455 3455 3456 3456 3457 3457 3458 3458 3459 3459 3460 3460 3461 3461 3462 3462 3463 3463 3464 3464 3465 3465 3466 3466 3467 3467 3468 3468 3469 3469 3470 3470 3471 3471 3472 3472 3473 3473 3474 3474 3475 3475 3476 3476 3477 3477 3478 3478 3479 3479 3480 3480 3481 3481 3482 3482 3483 3483 3484 3484 3485 3485 3486 3486 3487 3487 3488 3488 3489 3489 3490 3490 3491 3491 3492 3492 3493 3493 3494 3494 3495 3495 3496 3496 3497 3497 3498 3498 3499 3499 3500 3500 3501 3501 3502 3502 3503 3503 3504 3504 3505 3505 3506 3506 3507 3507 3508 3508 3509 3509 3510 3510 3511 3511 3512 3512 3513 3513 3514 3514 3515 3515 3516 3516 3517 3517 3518 3518 3519 3519 3520 3520 3521 3521 3522 3522 3523 3523 3524 3524 3525 3525 3526 3526 3527 3527 3528 3528 3529 3529 3530 3530 3531 3531 3532 3532 3533 3533 3534 3534 3535 3535 3536 3536 3537 3537 3538 3538 3539 3539 3540 3540 3541 3541 3542 3542 3543 3543 3544 3544 3545 3545 3546 3546 3547 3547 3548 3548 3549 3549 3550 3550 3551 3551 3552 3552 3553 3553 3554 3554 3555 3555 3556 3556 3557 3557 3558 3558 3559 3559 3560 3560 3561 3561 3562 3562 3563 3563 3564 3564 3565 3565 3566 3566 3567 3567 3568 3568 3569 3569 3570 3570 3571 3571 3572 3572 3573 3573 3574 3574 3575 3575 3576 3576 3577 3577 3578 3578 3579 3579 3580 3580 3581 3581 3582 3582 3583 3583 3584 3584 3585 3585 3586 3586 3587 3587 3588 3588 3589 3589 3590 3590 3591 3591 3592 3592 3593 3593 3594 3594 3595 3595 3596 3596 3597 3597 3598 3598 3599 3599 3600 3600 3601 3601 3602 3602 3603 3603 3604 3604 3605 3605 3606 3606 3607 3607 3608 3608 3609 3609 3610 3610 3611 3611 3612 3612 3613 3613 3614 3614 3615 3615 3616 3616 3617 3617 3618 3618 3619 3619 3620 3620 3621 3621 3622 3622 3623 3623 3624 3624 3625 3625 3626 3626 3627 3627 3628 3628 3629 3629 3630 3630 3631 3631 3632 3632 3633 3633 3634 3634 3635 3635 3636 3636 3637 3637 3638 3638 3639 3639 3640 3640 3641 3641 3642 3642 3643 3643 3644 3644 3645 3645 3646 3646 3647 3647 3648 3648 3649 3649 3650 3650 3651 3651 3652 3652 3653 3653 3654 3654 3655 3655 3656 3656 3657 3657 3658 3658 3659 3659 3660 3660 3661 3661 3662 3662 3663 3663 3664 3664 3665 3665 3666 3666 3667 3667 3668 3668 3669 3669 3670 3670 3671 3671 3672 3672 3673 3673 3674 3674 3675 3675 3676 3676 3677 3677 3678 3678 3679 3679 3680 3680 3681 3681 3682 3682 3683 3683 3684 3684 3685 3685 3686 3686 3687 3687 3688 3688 3689 3689 3690 3690 3691 3691 3692 3692 3693 3693 3694 3694 3695 3695 3696 3696 3697 3697 3698 3698 3699 3699 3700 3700 3701 3701 3702 3702 3703 3703 3704 3704 3705 3705 3706 3706 3707 3707 3708 3708 3709 3709 3710 3710 3711 3711 3712 3712 3713 3713 3714 3714 3715 3715 3716 3716 3717 3717 3718 3718 3719 3719 3720 3720 3721 3721 3722 3722 3723 3723 3724 3724 3725 3725 3726 3726 3727 3727 3728 3728 3729 3729 3730 3730 3731 3731 3732 3732 3733 3733 3734 3734 3735 3735 3736 3736 3737 3737 3738 3738 3739 3739 3740 3740 3741 3741 3742 3742 3743 3743 3744 3744 3745 3745 3746 3746 3747 3747 3748 3748 3749 3749 3750 3750 3751 3751 3752 3752 3753 3753 3754 3754 3755 3755 3756 3756 3757 3757 3758 3758 3759 3759 3760 3760 3761 3761 3762 3762 3763 3763 3764 3764 3765 3765 3766 3766 3767 3767 3768 3768 3769 3769 3770 3770 3771 3771 3772 3772 3773 3773 3774 3774 3775 3775 3776 3776 3777 3777 3778 3778 3779 3779 3780 3780 3781 3781 3782 3782 3783 3783 3784 3784 3785 3785 3786 3786 3787 3787 3788 3788 3789 3789 3790 3790 3791 3791 3792 3792 3793 3793 3794 3794 3795 3795 3796 3796 3797 3797 3798 3798 3799 3799 3800 3800 3801 3801 3802 3802 3803 3803 3804 3804 3805 3805 3806 3806 3807 3807 3808 3808 3809 3809 3810 3810 3811 3811 3812 3812 3813 3813 3814 3814 3815 3815 3816 3816 3817 3817 3818 3818 3819 3819 3820 3820 3821 3821 3822 3822 3823 3823 3824 3824 3825 3825 3826 3826 3827 3827 3828 3828 3829 3829 3830 3830 3831 3831 3832 3832 3833 3833 3834 3834 3835 3835 3836 3836 3837 3837 3838 3838 3839 3839 3840 3840 3841 3841 3842 3842 3843 3843 3844 3844 3845 3845 3846 3846 3847 3847 3848 3848 3849 3849 3850 3850 3851 3851 3852 3852 3853 3853 3854 3854 3855 3855 3856 3856 3857 3857 3858 3858 3859 3859 3860 3860 3861 3861 3862 3862 3863 3863 3864 3864 3865 3865 3866 3866 3867 3867 3868 3868 3869 3869 3870 3870 3871 3871 3872 3872 3873 3873 3874 3874 3875 3875 3876 3876 3877 3877 3878 3878 3879 3879 3880 3880 3881 3881 3882 3882 3883 3883 3884 3884 3885 3885 3886 3886 3887 3887 3888 3888 3889 3889 3890 3890 3891 3891 3892 3892 3893 3893 3894 3894 3895 3895 3896 3896 3897 3897 3898 3898 3899 3899 3900 3900 3901 3901 3902 3902 3903 3903 3904 3904 3905 3905 3906 3906 3907 3907 3908 3908 3909 3909 3910 3910 3911 3911 3912 3912 3913 3913 3914 3914 3915 3915 3916 3916 3917 3917 3918 3918 3919 3919 3920 3920 3921 3921 3922 3922 3923 3923</p>
        </triangles>
      </mesh>
    </geometry>
  </library_geometries>
  <library_materials>
    <material id="e9e6a92949e34442bef4c0cb5cd7d2ea" name="defaultmaterial">
      <instance_effect url="#2e9184bd92f94300b51bf1ad528375aa" />
    </material>
  </library_materials>
  <library_visual_scenes>
    <visual_scene id="scene">
      <node id="node0" name="node0">
        <instance_geometry url="#fafc515b32c24c76b1554dea3e823ce6">
          <bind_material>
            <technique_common>
              <instance_material symbol="material0" target="#e9e6a92949e34442bef4c0cb5cd7d2ea" />
            </technique_common>
          </bind_material>
        </instance_geometry>
      </node>
    </visual_scene>
  </library_visual_scenes>
  <scene>
    <instance_visual_scene url="#scene" />
  </scene>
</COLLADA>
