<?xml version="1.0" encoding="UTF-8"?>
<COLLADA xmlns="http://www.collada.org/2005/11/COLLADASchema" version="1.4.1">
<!--
# File generated by ImageToStl.com - Free Image and 3D model conversion tools
-->
  <asset>
    <contributor>
      <author>ImageToStl.com</author>
      <authoring_tool>ImageToStl.com</authoring_tool>
    </contributor>
    <created>2026-08-11T01:20:02</created>
    <modified>2026-08-11T01:20:02</modified>
    <up_axis>Z_UP</up_axis>
  </asset>
  <library_effects>
    <effect id="effect_0">
        <profile_COMMON>
          <technique sid="common">
            <phong>
              <diffuse>
                <color>0.9 0.9 0.9 1</color>
              </diffuse>
              <specular>
                <color>0.05 0.05 0.05 1</color>
              </specular>
              <shininess>
                <float>64</float>
              </shininess>
            </phong>
          </technique>
        </profile_COMMON>
    </effect>
  </library_effects>
  <library_materials>
    <material id="mat_0">
      <instance_effect url="#effect_0"/>
    </material>
  </library_materials>
  <library_geometries>
    <geometry id="geometry_8165dd21_0ecf_44cb_a0d2_2719fb52dce0">
      <mesh>
        <source id="pos_0">
          <float_array id="pos_0-array" count="2424">-204.16957092 98.71261597 19.70067787 -207.07395935 113.97289276 21.10240746 -199.78640747 115.54697418 21.07294273 -196.88208008 100.28676605 19.67122078 -199.71786499 115.28557587 24.06074715 -207.00541687 113.71149445 24.09021378 -204.10102844 98.45121002 22.68848228 -196.8135376 100.02536774 22.6590271 -315.92388916 146.22845459 23.44780159 -303.67156982 156.75170898 24.08739471 -297.4553833 149.30024719 23.29287529 -309.70776367 138.77708435 22.65328979 -297.38684082 149.03884888 26.2806797 -303.60302734 156.49031067 27.07519913 -315.85534668 145.96707153 26.435606 -309.63922119 138.51568604 25.64109421 -130.80496216 -35.05669403 2.94242144 -128.30302429 -26.08014297 3.67037249 -114.59046936 -29.74171448 3.03545618 -117.0923996 -38.71825027 2.30750537 -114.52192688 -30.00311279 6.02326059 -128.23448181 -26.34154129 6.6581769 -130.73641968 -35.31809235 5.93022537 -117.02385712 -38.97964859 5.29530954 -176.32876587 246.65820312 25.71655655 -179.84577942 254.24501038 26.46100044 -167.52513123 259.63644409 26.6500473 -164.40621948 252.12020874 25.9209156 -167.45658875 259.37503052 29.63785172 -179.77723694 253.98361206 29.44880295 -176.26022339 246.39680481 28.70436096 -164.337677 251.85881042 28.90871811 -168.64988708 -53.09411621 4.3687582 -170.76365662 -43.50344086 5.25632524 -160.23045349 -41.07156372 5.22745085 -157.88053894 -50.49934769 4.34871864 -160.16191101 -41.33296204 8.21525574 -170.69511414 -43.76483917 8.24412918 -168.5813446 -53.35551453 7.35656214 -157.81199646 -50.760746 7.33652258 -138.37919617 29.61962891 10.62376022 -137.59870911 42.5878334 11.74042702 -116.45035553 41.29327011 11.14201736 -117.23084259 28.32507324 10.02535057 -116.38181305 41.0318718 14.12982178 -137.53016663 42.32643509 14.72823143 -138.31065369 29.35823059 13.61156464 -117.16230011 28.06367493 13.01315498 -97.25183868 46.42561722 9.43454742 -96.1668396 54.42477036 10.10949326 -82.48169708 52.81602097 9.65480232 -83.56668854 44.81684494 8.97985649 -82.4131546 52.55461884 12.64260674 -96.09830475 54.16337204 13.09729767 -97.18330383 46.1642189 12.42235184 -83.49814606 44.55544281 11.967659 -100.3887558 221.78720093 20.9486351 -90.39072418 234.55363464 21.8361969 -78.02663422 224.78274536 20.69771767 -87.95059967 212.4128418 19.84314919 -77.95809174 224.5213623 23.68552208 -90.3221817 234.29223633 24.82400131 -100.32021332 221.52580261 23.93643951 -87.88205719 212.15145874 22.8309536 -43.42224503 241.94139099 19.51416969 -31.93316269 256.08157349 20.48771667 -27.2763176 252.38839722 20.05777168 -38.76539993 238.2481842 19.08422852 -27.20777512 252.12698364 23.0455761 -31.86462021 255.82019043 23.47552109 -43.35370255 241.67999268 22.50197411 -38.69685745 237.98678589 22.07203102 -102.44939423 17.72639465 6.15487576 -100.99359894 27.70772171 6.99473238 -82.13257599 25.18065262 6.34096479 -83.58835602 15.19932842 5.50110769 -82.06403351 24.9192543 9.32876968 -100.92505646 27.44631958 9.98253632 -102.38085175 17.46499252 9.14267921 -83.51982117 14.93792629 8.48891068 -157.45300293 27.31877518 12.74007034 -157.8885498 48.08002853 14.56643867 -152.32823181 48.11744308 14.44215584 -152.05467224 27.58979416 12.63994408 -152.25968933 47.85604477 17.42996025 -157.82002258 47.81863022 17.55424309 -157.38447571 27.05737686 15.72787666 -151.98614502 27.32839584 15.62774849 -141.3420105 -91.32485199 -2.02108002 -137.6398468 -77.03186035 -0.85553396 -128.23271179 -79.5200119 -1.28902137 -131.86073303 -93.4165802 -2.42158675 -128.16416931 -79.78141022 1.69878244 -137.57130432 -77.29325867 2.13226986 -141.27346802 -91.58625031 0.96672392 -131.79219055 -93.67797852 0.56621718 -283.61428833 178.15460205 25.77747917 -286.90878296 186.9307251 26.62086868 -276.47723389 191.01889038 26.73923302 -273.02072144 182.00918579 25.87169266 -276.40869141 190.75749207 29.72703743 -286.84024048 186.66931152 29.6086731 -283.54574585 177.89318848 28.76528358 -272.95217896 181.74778748 28.85949707 -37.98312759 239.13435364 19.13079643 -29.93475723 249.17480469 19.82458878 -21.66726303 242.79310608 19.07660484 -29.71564102 232.75268555 18.38281059 -21.59872055 242.53170776 22.06440926 -29.86621475 248.91339111 22.81239319 -37.91458511 238.87295532 22.11860085 -29.64709854 232.49127197 21.37061501 -136.9037323 -54.44648361 1.29717326 -135.87921143 -47.87014008 1.84902644 -118.61074829 -50.11470413 1.25650835 -119.39914703 -56.52816391 0.71348894 -118.54220581 -50.37611008 4.24431181 -135.81066895 -48.13154602 4.83682966 -136.83518982 -54.70788193 4.28497648 -119.33060455 -56.78956985 3.70129251 -136.8618927 53.09475327 12.78269577 -135.55656433 74.36628723 14.61376953 -124.98236847 73.71895599 14.31455994 -126.44965363 52.68092346 12.50762939 -124.91382599 73.45755768 17.30236244 -135.48802185 74.10488892 17.60157394 -136.79335022 52.83335495 15.77049828 -126.38111115 52.41952515 15.49543381 -24.21426773 236.9115448 18.43804359 -13.73028183 248.97741699 19.25316429 -1.1163516 238.34307861 18.03341103 -11.60041428 226.27728271 17.21829987 -1.04780912 238.0816803 21.02121544 -13.66173935 248.71603394 22.2409687 -24.14572525 236.65014648 21.42584801 -11.5318718 226.0158844 20.20610237 -129.86679077 223.47180176 22.54387283 -117.85057831 233.83215332 23.17463303 -108.33400726 223.13294983 22.02025986 -120.18817902 212.53901672 21.36534882 -108.26546478 222.87155151 25.00806236 -117.78203583 233.57073975 26.16243553 -129.79824829 223.21040344 25.53167725 -120.11963654 212.27761841 24.35315323 -227.49775696 -39.62700272 4.97334623 -229.82818604 -25.6972847 6.24550056 -218.73495483 -23.56962967 6.1771636 -216.24249268 -37.73291397 4.8808589 -218.66641235 -23.83102798 9.16496849 -229.75964355 -25.95868301 9.23330498 -227.42921448 -39.88840103 7.96115065 -216.1739502 -37.99431229 7.86866331 -104.12735748 245.8059082 23.02403641 -97.9544754 253.51679993 23.55704689 -85.03030396 243.4418335 22.37911415 -91.43938446 235.56808472 21.83727837 -84.96176147 243.18041992 25.36691856 -97.88593292 253.25540161 26.5448513 -104.058815 245.54450989 26.01184082 -91.37084198 235.3066864 24.82508278 -140.89584351 194.02786255 21.0375061 -146.28269958 204.81356812 22.10470772 -137.67985535 209.02142334 22.27549744 -132.29301453 198.23571777 21.20829582 -137.61131287 208.76002502 25.26330185 -146.2141571 204.5521698 25.09251213 -140.82731628 193.76646423 24.02530861 -132.22447205 197.97431946 24.19610023 -202.6177063 66.25743103 17.15881157 -207.44654846 88.82205963 19.24374008 -200.15901184 90.39613342 19.21427345 -195.49220276 68.06508636 17.1534996 -200.09046936 90.13473511 22.20207405 -207.37800598 88.56066132 22.23154068 -202.54916382 65.99603271 20.14661407 -195.42366028 67.80368805 20.14130211 -32.05936813 29.68361282 2.20307541 1.59841204 73.27198792 5.24444532 6.09319735 69.81227875 4.83864832 -27.56459808 26.22389221 1.79727745 6.16173983 69.5508728 7.82645178 1.66695452 73.0105896 8.23225021 -31.99082565 29.42221451 5.19087934 -27.49605751 25.9624939 4.78508139 42.10147858 122.56952667 9.10375214 64.20938873 150.5949707 11.04849815 67.74590302 147.51005554 10.69747543 45.87420273 119.64758301 8.76156807 67.8144455 147.24865723 13.68527985 64.27793121 150.33355713 14.03630257 42.17002106 122.30812836 12.09155655 45.94274521 119.38618469 11.74937248 -94.21229553 73.78308868 11.21392632 -88.58573151 80.771698 11.69627571 -59.43709183 57.37388992 8.98055077 -64.82749176 50.54811859 8.50703239 -59.36626434 57.10377884 12.0679493 -88.51490021 80.50157928 14.78367233 -94.14147186 73.51296997 14.30132294 -64.75666809 50.27800751 11.59442902 -81.77331543 312.80554199 27.06889153 -69.5894928 328.46084595 28.15905571 -62.04420853 322.61682129 27.47467613 -74.38995361 307.19512939 26.40866661 -61.97566605 322.35543823 30.46248055 -69.52095032 328.19946289 31.14686012 -81.70477295 312.54415894 30.05669594 -74.32141113 306.93371582 29.39646912 -26.3914299 306.43557739 25.55605316 -10.28104782 325.49008179 26.85352707 -2.64792967 319.0161438 26.11202621 -18.75832748 299.96166992 24.81455231 -2.57938719 318.75476074 29.09982872 -10.21250534 325.22866821 29.84133148 -26.32289505 306.17419434 28.54385757 -18.68979263 299.70028687 27.80235481 125.84799957 181.99595642 13.05679512 130.50480652 178.30276489 12.62685394 106.74397278 149.13699341 10.62026024 119.24780273 173.89437866 12.49940872 119.20281219 173.95924377 12.50611687 102.08721161 152.83024597 11.05020523 106.81251526 148.87559509 13.60806465 130.573349 178.04136658 15.61465836 125.91654205 181.73455811 16.04459953 119.27135468 173.69784546 15.49391937 119.31634521 173.63298035 15.48721313 102.15575409 152.56884766 14.03800964 -16.02044868 5.58372688 -0.80485743 57.19308853 91.3046875 5.01521635 66.59449768 83.28826141 4.09819841 -6.61908293 -2.43273449 -1.72187769 66.66304016 83.0268631 7.08600187 57.26163101 91.04328918 8.00302124 -15.95190811 5.32232761 2.18294668 -6.55054235 -2.69413376 1.26592612 -47.91267014 52.48564911 5.53017569 -18.08011818 91.01844788 8.21699333 -8.04444504 83.0942688 7.2934947 -37.80285645 44.9578743 4.63965797 -7.69031477 81.74370575 22.73048592 -17.72598839 89.66788483 23.65398407 -47.55853653 51.13508987 20.96716881 -37.44872665 43.60731125 20.07664871 -82.40349579 -22.17531204 0.90218687 -82.85057068 -12.47076893 1.76148105 -57.68761063 -10.996068 1.31325412 -57.0043869 -20.53772354 0.46279347 -57.61906815 -11.25746632 4.30105782 -82.7820282 -12.73217106 4.74928474 -82.33495331 -22.43671417 3.88999033 -56.93584442 -20.79912567 3.45059729 -35.1987648 305.54574585 25.61859131 -21.06534958 323.92694092 26.90251732 -17.13062668 320.77145386 26.5361824 -31.42599869 302.62371826 25.27639961 -17.0620842 320.5100708 29.52398682 -20.9968071 323.66555786 29.89032173 -35.13022995 305.28433228 28.60639572 -31.35746384 302.36230469 28.26420403 52.98060989 180.9263916 13.01475143 80.62699127 216.57049561 15.49899101 91.06084442 208.57579041 14.56018639 63.41448593 172.9316864 12.07594872 91.4149704 207.22521973 29.99717903 80.98111725 215.21994019 30.93598366 53.3347435 179.57583618 28.45174408 63.76861954 171.58111572 27.51293945 -248.70701599 188.69720459 26.58642387 -250.51631165 193.31886292 27.03227043 -225.61129761 202.21157837 27.23895454 -224.03820801 197.42712402 26.78428078 -225.54275513 201.95016479 30.22675896 -250.44776917 193.0574646 30.02007484 -248.63847351 188.43580627 29.57422829 -223.96966553 197.16571045 29.77208519 18.76630402 138.60375977 10.84337425 45.39410782 173.19979858 13.25928497 56.38803101 164.90081787 12.2810154 29.76028824 130.30479431 9.86510277 56.74215698 163.55026245 27.71800423 45.7482338 171.84922791 28.6962738 19.12042999 137.25320435 26.28036308 30.11441422 128.95423889 25.3020916 5.63637209 215.0018158 16.14863396 40.08987808 258.44900513 19.15939522 64.09600067 239.44519043 16.94606781 29.87849045 196.16090393 13.9441433 64.45014191 238.09461975 32.38304901 40.44401932 257.09841919 34.59637833 5.99049807 213.65124512 31.58561516 30.23261642 194.81033325 29.3811264 -28.81609726 172.52410889 13.88038254 0.33511019 208.51542664 16.36047935 25.06324387 188.97387695 14.08353996 -4.08792448 152.98243713 11.60343552 25.41737747 187.62330627 29.52052879 0.68924379 207.16485596 31.79746819 -28.46196747 171.17353821 29.31736946 -3.73379087 151.63186646 27.04042244 -80.49129486 -58.15915298 -2.15986991 -82.28901672 -42.48081589 -0.74695158 -76.18222809 -41.72111893 -0.82057858 -72.29440308 -47.32588959 -1.40012097 -71.28720856 -57.3346138 -2.29887629 -75.70202637 -47.95008087 -1.37655878 -76.11368561 -41.98251724 2.16722584 -82.22047424 -42.7422142 2.24085283 -80.42275238 -58.4205513 0.8279345 -71.21866608 -57.59601212 0.68892801 -72.2258606 -47.5872879 1.58768344 -75.63348389 -48.21147919 1.61124563 -56.87113571 -108.78939819 -7.71435118 -58.99853897 -98.17230988 -6.7366724 -48.539505 -96.13683319 -6.79852533 -43.22110367 -101.79061127 -7.41517305 -42.53211975 -105.80390167 -7.78209639 -47.26302338 -102.50707245 -7.38513231 -48.47096252 -96.39823151 -3.81072187 -58.92999649 -98.43370819 -3.7488687 -56.80259323 -109.05079651 -4.72654772 -42.46357727 -106.06529999 -4.79429245 -43.15256119 -102.05200958 -4.42736912 -47.1944809 -102.76847076 -4.39732838 -274.85955811 166.49105835 25.46813011 -278.56387329 164.28118896 25.35976791 -285.14498901 175.27890015 26.47291756 -274.19433594 182.14195251 26.82214355 -270.38070679 176.14073181 26.20961952 -277.78915405 171.72097778 25.99289322 -285.07644653 175.01750183 29.46072006 -278.49533081 164.01980591 28.34757233 -274.79101562 166.22967529 28.45593262 -277.72061157 171.45959473 28.98069763 -270.31216431 175.8793335 29.19742203 -274.12579346 181.8805542 29.80994797 -206.17947388 -68.93805695 3.54504585 -203.94099426 -58.07164001 4.44438314 -190.47825623 -60.86973953 3.89074087 -187.60926819 -67.52256012 3.24287891 -188.73535156 -72.44260406 2.83826447 -191.75270081 -66.58266449 3.42016125 -190.40971375 -61.13113785 6.87854528 -203.87245178 -58.33303833 7.43218756 -206.1109314 -69.19945526 6.53285027 -188.66680908 -72.70400238 5.82606888 -187.54072571 -67.78395844 6.23068333 -191.68415833 -66.84406281 6.40796566 -213.26438904 59.97729874 16.5800724 -212.06416321 65.29374695 17.01766968 -202.02278137 62.89786911 16.57770348 -218.07518005 57.34937668 16.4605217 -217.00961304 60.84659195 16.74204445 -204.05244446 54.24708939 15.8674202 -201.95423889 62.63647079 19.5655098 -211.99562073 65.03234863 20.005476 -213.19584656 59.71590042 19.56788063 -216.94107056 60.58519363 19.72985077 -218.00663757 57.08797836 19.44832802 -203.98390198 53.98569107 18.85522652 -175.81031799 34.62818527 14.32497978 -175.4942627 40.71577072 14.85032463 -162.61911011 40.27462387 14.51636887 -182.01077271 28.97009659 13.97220039 -181.76878357 34.66135788 14.464571 -163.25126648 28.09930038 13.46566772 -162.55056763 40.01322556 17.50416946 -175.42572021 40.45437241 17.83812523 -175.74177551 34.36678696 17.31278038 -181.70024109 34.39995956 17.4523716 -181.94223022 28.70869827 16.96000099 -163.182724 27.83790207 16.45346832 -168.06596375 139.41557312 19.88090324 -147.67150879 164.87757874 21.64068413 -94.20670319 123.03505707 16.75343704 -114.43917847 97.33943176 14.96949959 -94.13816071 122.77365875 19.74124146 -147.60296631 164.61618042 24.62848854 -167.99742126 139.1541748 22.86870766 -114.37063599 97.07802582 17.957304 -158.4430542 11.16370678 10.71301079 -158.8843689 26.39664078 12.05584335 -153.88423157 26.73820877 11.97102356 -148.59324646 23.13722229 11.53460121 -148.51686096 11.45054913 10.51039696 -153.75534058 23.0291481 11.64356422 -153.81568909 26.47681046 14.95882607 -158.81584167 26.13524246 15.04364586 -158.37452698 10.90230846 13.70081329 -148.44833374 11.18915081 13.49819946 -148.52470398 22.87582397 14.52240372 -153.68681335 22.76774216 14.63136673 -122.94734192 62.77534485 12.50572968 -120.7363205 75.6945343 13.58529091 -115.72245789 75.00978851 13.41036415 -110.8763504 69.03019714 12.77604675 -112.35946655 61.10165024 12.11641121 -116.68650055 69.85624695 12.98160172 -115.65392303 74.7483902 16.39816856 -120.66777802 75.43313599 16.57309532 -122.87880707 62.51394653 15.49353218 -112.2909317 60.84025192 15.10421562 -110.80780792 68.76879883 15.76384926 -116.61795807 69.59484863 15.96940613 -174.59558105 -84.75897217 1.16678977 -171.68966675 -70.3246994 2.3629632 -167.14808655 -71.33525085 2.17036605 -163.82044983 -76.63587952 1.63028359 -166.07261658 -86.47594452 0.82105446 -168.36203003 -75.62533569 1.82288003 -167.07954407 -71.59664917 5.15817118 -171.62112427 -70.58609772 5.35076809 -174.52703857 -85.02037048 4.1545949 -166.0040741 -86.73734283 3.80885935 -163.75190735 -76.89727783 4.61808825 -168.29348755 -75.88673401 4.81068468 -174.50102234 13.13522625 11.95859909 -172.93800354 26.98856735 13.13475227 -164.10469055 25.83095932 12.83083725 -166.53245544 17.25079727 12.13586235 -167.02418518 12.42304516 11.72476959 -165.10188293 17.20181656 12.0987587 -164.03614807 25.569561 15.81863976 -172.86946106 26.72716904 16.12255669 -174.43247986 12.87382793 14.9464016 -166.9556427 12.16164684 14.7125721 -166.46391296 16.98939896 15.12366486 -165.03334045 16.94041824 15.0865612 -79.38506317 278.10952759 24.85163689 -70.55416107 289.03512573 25.60491753 -61.63869858 281.7192688 24.76033974 -84.75601196 275.78579712 24.77154732 -81.55147552 279.72268677 25.04246521 -73.83620453 267.09036255 23.76029396 -61.5701561 281.45785522 27.74814415 -70.48561859 288.77371216 28.59272194 -79.31652069 277.84814453 27.8394413 -81.48293304 279.46127319 28.03026962 -84.68746948 275.52441406 27.75934982 -73.76766205 266.82897949 26.74809647 -108.44409943 -21.92925644 2.40697289 -105.78016663 -13.1862154 3.11077881 -95.2527771 -16.2827034 2.59836912 -93.51766968 -21.30075836 2.11954236 -94.80570984 -25.98725128 1.73907447 -96.39250946 -20.17633438 2.28386593 -95.18423462 -16.54410172 5.58617258 -105.71162415 -13.44761372 6.09858274 -108.37555695 -22.19065475 5.39477682 -94.73716736 -26.2486496 4.72687817 -93.4491272 -21.56215668 5.10734606 -96.32396698 -20.4377327 5.27166986 -30.51973724 -113.05374146 -8.70568466 -34.22031403 -97.65215302 -7.27332592 -25.66415405 -95.89344788 -7.31574059 -25.99971008 -106.48311615 -8.23451996 -24.73691177 -111.82697296 -8.73101425 -23.38837433 -105.71765137 -8.22745514 -25.59561539 -96.15485382 -4.32793665 -34.15177155 -97.91355133 -4.28552198 -30.45119476 -113.3151474 -5.71788025 -24.66836929 -112.08837128 -5.74321079 -25.9311676 -106.74452209 -5.24671555 -23.31983185 -105.97905731 -5.2396512 -157.82646179 -92.7767334 -0.85242867 -153.78082275 -74.44886017 0.65824652 -143.10516357 -76.75253296 0.21179688 -152.30715942 -89.66014862 -0.70637667 -153.28495789 -93.78733826 -1.04502857 -146.40919495 -91.11616516 -0.96906304 -143.03662109 -77.01393127 3.1996007 -153.71228027 -74.71025848 3.64605045 -157.75791931 -93.03813171 2.13537526 -153.21641541 -94.04873657 1.94277525 -152.23861694 -89.92154694 2.28142738 -146.34065247 -91.37756348 2.01874089 -201.01438904 127.96160126 20.80853653 -203.80354309 140.53919983 21.97291756 -179.96403503 145.93478394 21.89808464 -176.49958801 130.37039185 20.45689964 -192.81541443 126.7117691 20.51110268 -193.49073792 129.69866943 20.78791428 -179.89549255 145.67337036 24.88588715 -203.73500061 140.27780151 24.96072006 -200.94584656 127.70020294 23.79633904 -193.42219543 129.43725586 23.77571678 -192.74687195 126.45037079 23.49890709 -176.43104553 130.10897827 23.44470406 104.19961548 195.65606689 13.48153496 79.50452423 164.31382751 11.30595589 75.89386749 167.00230408 11.62399864 118.87622833 214.26113892 14.77258301 104.27043915 195.55395508 13.47097778 100.6791153 202.7444458 14.18244934 113.33526611 218.72561646 15.29028702 101.39019012 199.70596313 13.90030479 101.35447693 199.75744629 13.9056282 102.68358612 201.36483765 14.01576805 75.96240997 166.74090576 14.61180305 79.57306671 164.0524292 14.29376221 104.26815796 195.39465332 16.46933937 104.33898163 195.29255676 16.4587822 118.94477081 213.9997406 17.76038933 113.40380859 218.46420288 18.27809143 100.74765778 202.48303223 17.17025566 102.7521286 201.10343933 17.00357246 101.42301941 199.49604797 16.89343452 101.4587326 199.44454956 16.88810921 -55.71525955 -22.37996674 -0.02770734 -56.8981514 -11.11133099 0.98530698 -47.45789719 -10.12385845 0.85513711 -60.4771843 -34.64183426 -0.99124235 -61.5859108 -22.97677231 0.05475354 -44.93013763 -32.89466476 -1.19503903 -47.38935471 -10.38525677 3.84294128 -56.82960892 -11.3727293 3.97311115 -55.64671707 -22.64136505 2.96009684 -61.51736832 -23.23817062 3.04255772 -60.40864182 -34.90323257 1.99656177 -44.86159515 -33.15606308 1.79276514 -260.99890137 176.67138672 26.73578644 -265.51525879 187.71221924 27.80534172 -260.38046265 189.87306213 27.87659454 -262.74557495 170.63278198 26.24754524 -264.55480957 175.25436401 26.69338417 -253.79353333 184.40382385 27.24699402 -250.10081482 175.55691528 26.38827705 -257.58554077 182.82391357 27.19575882 -260.31192017 189.61166382 30.86440086 -265.44671631 187.45083618 30.79314613 -260.93035889 176.4099884 29.72359085 -264.48626709 174.99295044 29.68118858 -262.67703247 170.37139893 29.23534966 -250.03227234 175.29553223 29.37608147 -253.72499084 184.14242554 30.23479843 -257.51699829 182.56251526 30.18356133 -16.91017532 273.67105103 21.91952515 -10.19079208 282.10418701 22.50318146 -6.25616026 278.94857788 22.13684273 -22.35521317 270.95074463 21.80643845 -18.91458511 275.05056763 22.08619881 -17.98137283 264.64550781 21.15446281 -21.91594315 267.80099487 21.52079391 -20.35079575 269.57122803 21.63976479 -6.18761778 278.68719482 25.12464523 -10.1222496 281.84277344 25.49098587 -16.84163284 273.40966797 24.90732956 -18.84604263 274.78918457 25.07400131 -22.28667068 270.68933105 24.79424286 -20.28225327 269.30981445 24.6275692 -21.84740067 267.5395813 24.50859833 -17.91283035 264.38412476 24.14226723 -178.50265503 21.41730881 12.83735847 -180.41342163 27.69533157 13.43044662 -176.29734802 28.80810165 13.43337822 -180.71366882 8.4981184 11.75779533 -183.72529602 19.88644791 12.82323265 -178.42056274 15.25902843 12.2966938 -176.83380127 9.44808483 11.75190163 -173.03593445 16.55639267 12.2866745 -176.22880554 28.54670334 16.42118263 -180.34487915 27.43393326 16.41825104 -178.43411255 21.15591049 15.82516289 -183.65675354 19.62504959 15.81103706 -180.64512634 8.23672009 14.74559975 -176.76525879 9.18668652 14.73970413 -178.35202026 14.99763012 15.28449821 -172.96739197 16.29499435 15.27447701 -180.42980957 187.06361389 21.96880913 -180.6350708 202.45939636 23.32047653 -166.57920837 202.83270264 23.03068733 -170.54251099 178.34655762 20.97934723 -175.07040405 178.33073425 21.08183479 -175.26766968 187.17173767 21.85984802 -166.13778687 187.599823 21.68785858 -170.73985291 187.18763733 21.75737 -166.51066589 202.57130432 26.01849174 -180.56652832 202.19799805 26.30827904 -180.36126709 186.80221558 24.95661354 -175.1991272 186.91033936 24.84765244 -175.00186157 178.06933594 24.06963921 -170.47396851 178.08514404 23.96715164 -170.67131042 186.92623901 24.74517441 -166.06924438 187.33842468 24.67566299 -176.98327637 74.58489227 17.61750221 -181.37284851 93.99968719 19.41677666 -175.75205994 95.45993805 19.41559029 -163.37806702 67.05127716 16.64628792 -170.9017334 65.3141861 16.66690826 -173.33952332 75.37197113 17.60277367 -171.53813171 77.30503082 17.73056984 -165.99153137 78.36891937 17.69640732 -175.68351746 95.19853973 22.40339088 -181.30430603 93.73828888 22.40457726 -176.91473389 74.32349396 20.60530472 -173.27098083 75.11057281 20.59057617 -170.83319092 65.05278778 19.65471077 -163.30952454 66.78987885 19.63409042 -165.92298889 78.10752106 20.68420982 -171.46958923 77.04363251 20.71837234 -186.52882385 -10.23079395 8.99359703 -181.84106445 1.63456249 9.92414284 -177.0496521 -0.23945332 9.65027046 -169.3561554 -5.29071522 9.03185272 -173.51112366 -15.40749836 8.24206352 -175.43771362 3.97998333 9.98244667 -170.08616638 1.80179882 9.66911125 -172.62911987 -4.09563923 9.21149063 -176.98110962 -0.50085163 12.63807487 -181.77252197 1.37316418 12.91194534 -186.46028137 -10.49219227 11.98140144 -173.44258118 -15.66889668 11.22986794 -169.28761292 -5.55211353 12.01965523 -172.56057739 -4.35703754 12.19929314 -170.0176239 1.54040051 12.65691566 -175.36917114 3.71858501 12.97024918 -236.56497192 22.70937729 11.79015923 -235.04075623 27.55874252 12.17945862 -217.1711731 21.93076706 11.27713966 -215.46922302 13.43711376 10.49499702 -229.10760498 17.49522018 11.16290474 -228.42645264 20.03667831 11.36962891 -215.79536438 25.98731613 11.60048103 -211.8881073 24.88445663 11.41436005 -217.10263062 21.66936874 14.26494408 -234.97221375 27.29734421 15.16726112 -236.49642944 22.44797897 14.77796364 -228.35791016 19.77528 14.35743332 -229.0390625 17.23382187 14.15070915 -215.40068054 13.17571545 13.48280144 -211.81956482 24.62305832 14.40216255 -215.7268219 25.72591782 14.58828354 -102.84430695 -85.34041595 -3.80023384 -93.14476013 -62.07664108 -1.987427 -80.52510834 -67.18263245 -2.72364211 -84.39508057 -86.77050018 -4.34858131 -86.62778473 -92.1085968 -4.76438618 -83.76286316 -74.59510803 -3.29787493 -80.32790375 -76.02370453 -3.50165987 -84.95521545 -86.46631622 -4.30911922 -80.45656586 -67.44403076 0.26416206 -93.07621765 -62.33804703 1.00037718 -102.77576447 -85.60181427 -0.81242973 -86.55924225 -92.37000275 -1.77658176 -84.32653809 -87.0318985 -1.36077726 -84.88667297 -86.72771454 -1.32131505 -80.25936127 -76.28510284 -0.51385581 -83.69432068 -74.85650635 -0.31007075 -169.54161072 214.71229553 23.04436874 -179.37068176 236.93528748 25.21411324 -169.73542786 241.16474915 25.36310768 -164.0166626 223.35728455 23.67396545 -161.88334656 218.26856995 23.17982101 -163.41195679 237.58535767 24.90489006 -158.17341614 226.00679016 23.77171898 -167.44013977 235.8425293 24.84481812 -169.66688538 240.90335083 28.35091019 -179.30213928 236.67388916 28.20191765 -169.47306824 214.45089722 26.03217125 -161.81480408 218.00717163 26.16762543 -163.94812012 223.09588623 26.66176796 -158.10487366 225.74539185 26.75952339 -163.34341431 237.32395935 27.89269257 -167.37161255 235.58113098 27.83262253 -151.48472595 207.78007507 22.53619385 -154.10400391 213.56936646 23.10277557 -147.39035034 216.47407532 23.2028923 -156.83403015 197.87521362 21.79234314 -159.54109192 204.29438782 22.41604996 -142.7975769 193.74658203 21.10913277 -150.61778259 190.42378235 20.99782372 -154.38470459 198.87417603 21.82355309 -143.77174377 207.2308197 22.31119919 -147.7999115 205.48797607 22.25112724 -147.32180786 216.212677 26.19069672 -154.03547668 213.30796814 26.09057999 -151.41618347 207.51867676 25.52399635 -159.4725647 204.0329895 25.40385246 -156.76548767 197.61381531 24.78014565 -154.31616211 198.61277771 24.8113575 -150.54924011 190.16238403 23.98562813 -142.72903442 193.48518372 24.09693527 -147.73136902 205.22657776 25.23893166 -143.70320129 206.96942139 25.29900169 -144.81738281 -74.74451447 -0.36981213 -142.93598938 -66.88656616 0.27450967 -131.463974 -69.33148956 -0.20256424 -128.71017456 -73.30158234 -0.61307585 -129.60005188 -78.05867004 -1.00885367 -113.07526398 -72.1844101 -0.87400585 -114.12712097 -76.70796967 -1.24563706 -130.57411194 -64.57439423 0.19321418 -122.05109406 -66.29129791 -0.15251696 -122.95466614 -70.02203369 -0.45818532 -131.39543152 -69.59288788 2.78523993 -142.8674469 -67.14796448 3.26231384 -144.74884033 -75.00591278 2.61799192 -129.5315094 -78.32006836 1.9789505 -128.64163208 -73.56298065 2.3747282 -114.05857849 -76.96936798 1.74216723 -113.0067215 -72.44580841 2.11379838 -122.88612366 -70.28343201 2.52961874 -121.98255157 -66.55269623 2.83528709 -130.50556946 -64.83579254 3.18101835 3.46851015 301.14065552 24.37851906 9.40527725 308.68856812 24.90268517 13.33987808 305.53311157 24.53635597 7.44653749 282.82287598 22.68466377 3.1879468 286.44543457 23.09929085 10.45367813 295.60079956 23.73360252 23.74072647 294.06271362 23.29422951 14.36331558 282.41494751 22.49030113 9.86850357 285.87460327 22.89609337 16.16231155 296.43109131 23.67528534 18.03776932 298.76071167 23.83607674 9.89923477 301.43325806 24.2565937 13.40842056 305.271698 27.52416039 9.47381973 308.42715454 27.89048958 3.53705263 300.87924194 27.36632347 10.52222061 295.33938599 26.72140694 3.25648928 286.18405151 26.08709526 7.51507998 282.56149292 25.67246819 9.93704605 285.6131897 25.88389778 14.43185806 282.15356445 25.47810555 23.80926895 293.80133057 26.28203392 18.1063118 298.4992981 26.82388115 16.23085403 296.16970825 26.66308784 9.96777725 301.17184448 27.24439812 -104.73040009 -93.18039703 -4.65006256 -102.49768829 -87.84229279 -4.23425817 -84.52657318 -95.12653351 -5.28381014 -92.13019562 -102.78836823 -5.77970362 -101.71303558 -99.04032135 -5.23195982 -99.93897247 -95.05440521 -4.92393398 -103.85001373 -111.56311798 -6.27853966 -102.00180817 -107.18079376 -5.93753386 -94.89569092 -109.87505341 -6.3362689 -83.53887939 -109.63724518 -6.57599211 -86.99913788 -118.23901367 -7.24916983 -89.28853607 -107.38839722 -6.24734402 -84.45804596 -95.38793182 -2.2960062 -102.42915344 -88.1036911 -1.24645436 -104.66186523 -93.44179535 -1.66225886 -99.87043762 -95.31580353 -1.93613017 -101.64450073 -99.30171967 -2.24415565 -92.0616684 -103.04976654 -2.79189992 -94.82715607 -110.13645172 -3.34846497 -101.93327332 -107.44219208 -2.94973016 -103.78147125 -111.8245163 -3.29073572 -86.93061066 -118.50041199 -4.26136589 -83.47034454 -109.89864349 -3.58818793 -89.22000885 -107.64979553 -3.25954008 -88.41897583 84.12182617 10.74043846 -58.11420822 122.98036194 13.44491959 -50.56890869 117.13630676 12.7605381 -58.29340744 106.62882233 12.01845551 -80.71172333 78.04426575 10.03191185 -63.92707443 64.41724396 8.4546566 -74.3608551 72.41208649 9.39346886 -51.63225555 101.55602264 11.42183304 -49.80846786 54.13032913 7.23078203 -57.19176865 59.74084854 7.89101458 -34.69927597 88.72187042 9.91054153 -27.35922623 98.27362823 10.57782936 -19.81393242 92.42958832 9.89345169 -44.292202 111.10774231 12.08911705 -33.85837555 103.11287689 11.15030098 -38.46616745 97.17224884 10.736269 -55.95926285 110.31051636 12.28701591 -41.12426376 93.95755005 10.51599693 -49.13613892 105.00421906 11.66625023 -32.20315933 92.17007446 10.15495872 -50.50036621 116.87490082 15.74834251 -58.04566574 122.71896362 16.432724 -88.35043335 83.86042786 13.72824287 -80.64318085 77.78286743 13.01971626 -58.22486877 106.36742401 15.00625992 -51.56371689 101.29462433 14.40963745 -74.29231262 72.15068817 12.38127327 -63.85853195 64.15583801 11.44246101 -34.63073349 88.46047211 12.89834595 -57.12322617 59.47945023 10.87881851 -49.73992538 53.86893082 10.21858597 -19.74538994 92.16819 12.8812542 -27.29068375 98.01222992 13.56563377 -38.39762497 96.91085052 13.7240715 -33.78983307 102.85147858 14.13810539 -44.22365952 110.84634399 15.07692146 -55.89072418 110.04911804 15.27482033 -41.05572128 93.69615173 13.50379944 -49.06760025 104.74281311 14.65405464 -32.13461685 91.90867615 13.14276314 -33.41431808 -31.40500641 2.4E-07 -33.4143219 -31.40500259 2.98696136 -33.4143219 -11.55993938 2.98696136 -33.41431808 -11.55993652 3.6E-07 -27.14974022 -11.55993748 2.98696184 -27.14974022 -11.55993652 2.4E-07 -27.14973831 -31.40500259 2.98696184 -27.14973831 -31.40500259 0 -21.51844788 -31.07683945 -7.2E-07 -21.51844978 -31.07683945 15.13888741 -21.51844597 -12.19194984 15.1388855 -21.51844597 -12.19195175 -8.3E-07 -15.53092575 -12.19195175 15.13888741 -15.53092575 -12.1919508 -1.19E-06 -15.53092575 -31.07683945 15.13888741 -15.53092575 -31.07683945 -7.2E-07</float_array>
          <technique_common>
            <accessor source="#pos_0-array" count="2424" stride="3">
              <param name="X" type="float"/>
              <param name="Y" type="float"/>
              <param name="Z" type="float"/>
            </accessor>
          </technique_common>
        </source>
        <source id="norm_0">
          <float_array id="norm_0-array" count="3939">-0.02285 0.08713 -0.99593 -0.02285 0.08713 -0.99593 0.02285 -0.08713 0.99593 0.02285 -0.08713 0.99593 0.98224 0.1875 -0.00613 0.98224 0.1875 -0.00613 0.20993 -0.97357 -0.08999 0.20993 -0.97357 -0.08999 -0.20992 0.97357 0.08999 -0.20992 0.97357 0.08999 -0.98224 -0.18751 0.00613 -0.98224 -0.18751 0.00613 -0.02285 0.08713 -0.99593 -0.02285 0.08713 -0.99593 0.02285 -0.08713 0.99593 0.02285 -0.08713 0.99593 0.65184 -0.75403 -0.08092 0.65184 -0.75403 -0.08092 -0.76932 -0.63772 -0.03814 -0.76932 -0.63772 -0.03814 0.76932 0.63772 0.03814 0.76932 0.63772 0.03814 -0.65184 0.75403 0.08092 -0.65184 0.75403 0.08092 -0.02285 0.08713 -0.99593 -0.02285 0.08713 -0.99593 0.02285 -0.08713 0.99593 0.02285 -0.08713 0.99593 0.96324 -0.2648 -0.04526 0.96324 -0.2648 -0.04526 -0.26057 -0.96228 -0.07821 -0.26057 -0.96228 -0.07821 0.26057 0.96228 0.07821 -0.96324 0.2648 0.04526 -0.96324 0.2648 0.04526 -0.02285 0.08713 -0.99593 -0.02285 0.08713 -0.99593 0.02285 -0.08713 0.99593 0.02285 -0.08713 0.99593 0.92399 0.38223 0.01225 0.92399 0.38223 0.01224 0.41611 -0.90497 -0.08872 0.41611 -0.90497 -0.08872 -0.40045 0.91199 0.08898 -0.40045 0.91199 0.08898 -0.90774 -0.41924 -0.01585 -0.90774 -0.41924 -0.01585 -0.02285 0.08713 -0.99593 -0.02285 0.08713 -0.99593 0.02285 -0.08713 0.99593 0.02285 -0.08713 0.99593 0.97029 0.24195 -0.00109 0.97029 0.24195 -0.00109 0.23313 -0.96827 -0.09006 0.23313 -0.96827 -0.09006 -0.22381 0.97046 0.09004 -0.22381 0.97046 0.09004 -0.97649 -0.21554 0.00354 -0.97649 -0.21554 0.00354 -0.02285 0.08713 -0.99593 -0.02285 0.08713 -0.99593 0.02285 -0.08713 0.99593 0.02285 -0.08713 0.99593 0.99795 -0.05766 -0.02794 0.99795 -0.05766 -0.02794 -0.06329 -0.99432 -0.08554 -0.06329 -0.99432 -0.08554 0.06329 0.99432 0.08554 0.06329 0.99432 0.08554 -0.99795 0.05766 0.02794 -0.99795 0.05766 0.02794 -0.02285 0.08713 -0.99593 -0.02285 0.08713 -0.99593 0.02285 -0.08713 0.99593 0.02285 -0.08713 0.99593 0.99073 -0.13149 -0.03423 0.99073 -0.13149 -0.03423 -0.11909 -0.98934 -0.08383 -0.11909 -0.98934 -0.08382 0.11909 0.98934 0.08382 0.11909 0.98934 0.08383 -0.99073 0.13149 0.03423 -0.02285 0.08713 -0.99593 -0.02285 0.08713 -0.99593 0.02285 -0.08713 0.99593 0.02285 -0.08713 0.99593 0.7804 -0.6211 -0.07224 0.7804 -0.6211 -0.07224 -0.6041 -0.79496 -0.05569 -0.6041 -0.79496 -0.05569 0.62218 0.78101 0.05406 0.62218 0.78101 0.05405 -0.78769 0.6119 0.0716 -0.78769 0.6119 0.0716 -0.02285 0.08713 -0.99593 -0.02285 0.08713 -0.99593 0.02285 -0.08713 0.99593 0.02285 -0.08713 0.99593 0.7765 -0.62592 -0.07258 0.7765 -0.62592 -0.07257 -0.62353 -0.77994 -0.05393 -0.62353 -0.77994 -0.05393 0.62353 0.77994 0.05393 0.62352 0.77994 0.05394 -0.7765 0.62592 0.07257 -0.7765 0.62592 0.07257 -0.02285 0.08713 -0.99593 -0.02285 0.08713 -0.99593 0.02285 -0.08713 0.99593 0.02285 -0.08713 0.99593 0.98934 -0.14135 -0.03506 0.98934 -0.14135 -0.03506 -0.13517 -0.98732 -0.08328 -0.13517 -0.98732 -0.08328 0.13517 0.98732 0.08328 0.13517 0.98732 0.08328 -0.98934 0.14135 0.03506 -0.98934 0.14135 0.03506 -0.02285 0.08713 -0.99593 -0.02285 0.08713 -0.99593 0.02285 -0.08713 0.99593 0.02285 -0.08713 0.99593 0.99965 0.01522 -0.0216 0.99965 0.01522 -0.0216 0.04831 -0.99493 -0.08815 0.04831 -0.99493 -0.08815 -0.00475 0.99617 0.08726 -0.00475 0.99617 0.08726 -0.99952 -0.02281 0.02093 -0.99952 -0.02281 0.02093 -0.02285 0.08713 -0.99593 -0.02285 0.08713 -0.99593 0.02285 -0.08713 0.99593 0.02285 -0.08713 0.99593 0.9675 -0.249 -0.04398 -0.21797 -0.97266 -0.0801 -0.21797 -0.97266 -0.0801 0.25829 0.96289 0.07832 0.25829 0.96289 0.07832 -0.96798 0.24715 0.04383 -0.96798 0.24715 0.04383 -0.02285 0.08713 -0.99593 -0.02285 0.08713 -0.99593 0.02285 -0.08713 0.99593 0.02285 -0.08713 0.99593 0.93392 0.35735 0.00984 0.93392 0.35734 0.00984 0.34126 -0.93568 -0.08969 0.34126 -0.93568 -0.08969 -0.3643 0.92697 0.08946 -0.3643 0.92698 0.08946 -0.93646 -0.35066 -0.0092 -0.93646 -0.35066 -0.0092 -0.02285 0.08713 -0.99593 -0.02285 0.08713 -0.99593 0.02285 -0.08713 0.99593 0.02285 -0.08713 0.99593 0.78065 -0.62078 -0.07222 0.78065 -0.62078 -0.07222 -0.61322 -0.788 -0.05488 -0.61322 -0.788 -0.05487 0.61322 0.788 0.05488 0.61322 0.788 0.05487 -0.78065 0.62078 0.07222 -0.78065 0.62078 0.07222 -0.02285 0.08713 -0.99593 -0.02285 0.08713 -0.99593 0.02285 -0.08713 0.99593 0.02285 -0.08713 0.99593 0.99232 -0.11917 -0.03319 -0.12043 -0.98918 -0.08378 -0.12043 -0.98918 -0.08378 0.13126 0.98783 0.08342 0.13126 0.98783 0.08342 -0.9879 0.15089 0.03586 -0.9879 0.15089 0.03587 -0.02285 0.08713 -0.99593 -0.02285 0.08713 -0.99593 0.02285 -0.08713 0.99593 0.02285 -0.08713 0.99593 0.99733 -0.06709 -0.02875 0.99733 -0.06709 -0.02875 -0.04184 -0.99541 -0.08613 -0.04184 -0.99541 -0.08613 0.06329 0.99432 0.08554 0.06329 0.99432 0.08554 -0.99787 0.05882 0.02804 -0.99787 0.05882 0.02804 -0.02285 0.08713 -0.99593 -0.02285 0.08713 -0.99593 0.02285 -0.08713 0.99593 0.02285 -0.08713 0.99593 0.75524 -0.65122 -0.0743 0.75524 -0.65122 -0.0743 -0.64662 -0.76105 -0.05175 -0.64662 -0.76105 -0.05175 0.64662 0.76105 0.05175 0.64662 0.76105 0.05175 -0.75525 0.65121 0.0743 -0.75525 0.65121 0.0743 -0.02285 0.08713 -0.99593 -0.02285 0.08713 -0.99593 0.02285 -0.08713 0.99593 0.02285 -0.08713 0.99593 0.66668 -0.74103 -0.08013 0.66668 -0.74103 -0.08013 -0.7503 -0.65986 -0.04052 -0.7503 -0.65986 -0.04052 0.74875 0.6616 0.04071 0.74875 0.6616 0.04071 -0.65329 0.75278 0.08085 -0.65329 0.75278 0.08085 -0.02285 0.08713 -0.99593 -0.02285 0.08713 -0.99593 0.02285 -0.08713 0.99593 0.02285 -0.08713 0.99593 0.98472 0.17397 -0.00737 0.98472 0.17397 -0.00737 0.16457 -0.98228 -0.08971 0.16457 -0.98228 -0.08971 -0.18707 0.97823 0.08987 -0.18707 0.97823 0.08988 -0.98614 -0.16572 0.00812 -0.98614 -0.16572 0.00812 -0.02285 0.08713 -0.99593 -0.02285 0.08713 -0.99593 0.02285 -0.08713 0.99593 0.02285 -0.08713 0.99593 0.77594 -0.62661 -0.07262 0.77594 -0.62661 -0.07262 -0.63008 -0.7747 -0.05332 -0.63008 -0.7747 -0.05332 0.61698 0.78509 0.05453 0.61698 0.78509 0.05454 -0.78105 0.62028 0.07219 -0.78105 0.62028 0.07218 -0.02285 0.08713 -0.99593 -0.02285 0.08713 -0.99593 0.02285 -0.08713 0.99593 0.02285 -0.08713 0.99593 0.8952 0.44528 0.01842 0.8952 0.44528 0.01842 0.43908 -0.8941 -0.0883 0.43908 -0.8941 -0.08829 -0.43908 0.8941 0.0883 -0.43908 0.8941 0.0883 -0.8952 -0.44528 -0.01842 -0.8952 -0.44528 -0.01842 -0.02285 0.08713 -0.99593 -0.02285 0.08713 -0.99593 0.02285 -0.08713 0.99593 0.02285 -0.08713 0.99593 0.97876 0.20496 -0.00452 0.97876 0.20496 -0.00452 0.24484 -0.96537 -0.09008 0.24484 -0.96537 -0.09008 -0.20992 0.97357 0.08999 -0.20992 0.97357 0.08999 -0.97777 -0.20962 0.00409 -0.97777 -0.20962 0.00409 -0.02285 0.08713 -0.99593 -0.02285 0.08713 -0.99593 0.02285 -0.08713 0.99593 0.02285 -0.08713 0.99593 0.79188 -0.6065 -0.07123 0.79188 -0.6065 -0.07123 -0.61214 -0.78883 -0.05497 -0.61214 -0.78883 -0.05497 0.61214 0.78883 0.05497 0.61214 0.78883 0.05497 -0.79188 0.6065 0.07123 -0.79188 0.6065 0.07123 -0.02285 0.08713 -0.99593 -0.02285 0.08713 -0.99593 0.02285 -0.08713 0.99593 0.02285 -0.08713 0.99593 0.78699 -0.61279 -0.07167 0.78699 -0.61279 -0.07167 -0.6145 -0.78701 -0.05476 -0.6145 -0.78701 -0.05476 0.65935 0.75013 0.05051 0.65936 0.75013 0.0505 -0.78551 0.61467 0.0718 -0.78551 0.61467 0.0718 -0.02285 0.08713 -0.99593 -0.02285 0.08713 -0.99593 0.02285 -0.08713 0.99593 0.02285 -0.08713 0.99593 0.78518 -0.61509 -0.07183 0.78518 -0.61509 -0.07182 -0.6224 -0.78084 -0.05404 -0.6224 -0.78084 -0.05404 0.62811 0.77628 0.05351 0.62811 0.77628 0.05351 -0.77932 0.62244 0.07234 -0.77932 0.62244 0.07234 -0.02285 0.08713 -0.99593 -0.02285 0.08713 -0.99593 0.02285 -0.08713 0.99593 0.02285 -0.08713 0.99593 0.78105 -0.62028 -0.07218 0.78105 -0.62028 -0.07219 -0.60723 -0.79259 -0.05542 -0.60723 -0.79259 -0.05541 0.61452 0.787 0.05475 0.61452 0.787 0.05475 -0.78956 0.6095 0.07143 -0.78956 0.6095 0.07143 -0.02285 0.08713 -0.99593 -0.02285 0.08713 -0.99593 0.02285 -0.08713 0.99593 0.02285 -0.08713 0.99593 0.76403 -0.64097 -0.0736 0.76403 -0.64097 -0.0736 -0.64887 -0.75915 -0.05153 -0.64887 -0.75915 -0.05153 0.64887 0.75915 0.05154 0.64887 0.75915 0.05153 -0.76403 0.64097 0.0736 -0.76403 0.64097 0.07361 -0.02285 0.08713 -0.99593 -0.02286 0.08714 -0.99593 -0.02285 0.08713 -0.99593 -0.02285 0.08713 -0.99593 0.02285 -0.08713 0.99593 0.02284 -0.08713 0.99594 0.02285 -0.08713 0.99593 0.02285 -0.08713 0.99593 -0.62354 -0.77993 -0.05393 -0.62354 -0.77993 -0.05393 -0.77568 0.62693 0.07264 -0.77568 0.62693 0.07264 -0.82279 -0.56751 -0.03077 -0.82279 -0.56751 -0.03077 -0.77107 0.63255 0.07303 -0.77107 0.63255 0.07303 0.77568 -0.62693 -0.07264 0.77568 -0.62693 -0.07264 0.62353 0.77994 0.05393 0.62353 0.77994 0.05393 -0.02285 0.08713 -0.99593 -0.02285 0.08713 -0.99593 0.02285 -0.08713 0.99593 0.02285 -0.08713 0.99593 0.7608 -0.64477 -0.07386 0.7608 -0.64477 -0.07386 -0.65088 -0.75745 -0.05134 -0.65088 -0.75745 -0.05134 0.65087 0.75745 0.05134 0.65087 0.75745 0.05134 -0.7608 0.64477 0.07386 -0.7608 0.64477 0.07386 -0.02285 0.08713 -0.99593 -0.02285 0.08713 -0.99593 0.02285 -0.08713 0.99593 0.02285 -0.08713 0.99593 0.78877 -0.61051 -0.07151 0.78877 -0.61051 -0.07151 -0.59946 -0.79844 -0.0561 -0.59946 -0.79844 -0.0561 0.62186 0.78126 0.05409 0.62186 0.78126 0.05409 -0.7911 0.60751 0.0713 -0.7911 0.60751 0.0713 -0.02285 0.08713 -0.99593 -0.02285 0.08713 -0.99593 0.02285 -0.08713 0.99593 0.02285 -0.08713 0.99593 0.9972 0.07287 -0.0165 0.9972 0.07287 -0.0165 0.06257 -0.99412 -0.08841 0.06257 -0.99412 -0.08841 -0.05671 0.99448 0.08831 -0.05671 0.99448 0.08831 -0.99869 -0.04767 0.01874 -0.99869 -0.04767 0.01874 -0.02285 0.08713 -0.99593 -0.02285 0.08713 -0.99593 0.02285 -0.08713 0.99593 0.02285 -0.08713 0.99593 0.78594 -0.61412 -0.07176 0.78594 -0.61412 -0.07176 -0.61451 -0.78701 -0.05476 -0.61451 -0.78701 -0.05476 0.62776 0.77657 0.05354 0.62776 0.77657 0.05354 -0.79314 0.60488 0.07112 -0.79314 0.60488 0.07111 -0.02285 0.08713 -0.99593 -0.02285 0.08713 -0.99593 0.02285 -0.08713 0.99593 0.02285 -0.08713 0.99593 0.79057 -0.60821 -0.07135 0.79057 -0.60821 -0.07135 -0.61041 -0.79017 -0.05513 -0.61041 -0.79017 -0.05513 0.61041 0.79017 0.05513 0.61041 0.79017 0.05513 -0.79057 0.60821 0.07135 -0.79057 0.60821 0.07135 -0.02285 0.08713 -0.99593 -0.02285 0.08713 -0.99593 0.02285 -0.08713 0.99593 0.02285 -0.08713 0.99593 0.95011 0.31187 0.00549 0.95011 0.31187 0.00549 0.3329 -0.93868 -0.08977 0.3329 -0.93868 -0.08976 -0.33557 0.93773 0.08974 -0.33558 0.93773 0.08974 -0.93148 -0.36365 -0.01045 -0.93148 -0.36365 -0.01045 -0.02285 0.08713 -0.99593 -0.02285 0.08713 -0.99593 0.02285 -0.08713 0.99593 0.02285 -0.08713 0.99593 0.79284 -0.60526 -0.07114 0.79284 -0.60526 -0.07114 -0.6047 -0.79451 -0.05564 -0.6047 -0.79451 -0.05564 0.6047 0.79451 0.05564 0.6047 0.79451 0.05564 -0.79284 0.60526 0.07114 -0.79284 0.60526 0.07114 -0.02285 0.08713 -0.99593 -0.02285 0.08713 -0.99593 0.02285 -0.08713 0.99593 0.02285 -0.08713 0.99593 0.78487 -0.61548 -0.07185 0.78487 -0.61548 -0.07185 -0.61583 -0.78598 -0.05464 -0.61583 -0.78598 -0.05464 0.62283 0.78049 0.054 0.62283 0.78049 0.054 -0.78393 0.61667 0.07194 -0.78393 0.61667 0.07194 -0.02285 0.08713 -0.99593 -0.02285 0.08713 -0.99593 0.02285 -0.08713 0.99593 0.02285 -0.08713 0.99593 0.77748 -0.62472 -0.07249 0.77748 -0.62472 -0.07249 -0.62218 -0.78101 -0.05406 -0.62218 -0.78101 -0.05406 0.62217 0.78101 0.05406 0.62217 0.78101 0.05406 -0.77748 0.62472 0.07249 -0.77748 0.62472 0.07249 -0.02285 0.08713 -0.99593 -0.02285 0.08713 -0.99593 -0.02285 0.08713 -0.99593 -0.02285 0.08713 -0.99593 0.02285 -0.08713 0.99593 0.02285 -0.08713 0.99593 0.02285 -0.08713 0.99593 0.02285 -0.08713 0.99593 0.9968 0.07828 -0.01602 0.9968 0.07828 -0.01602 -0.17885 0.97977 0.08982 -0.17885 0.97977 0.08982 0.99475 0.10136 -0.01395 0.08754 -0.99219 -0.08881 0.08754 -0.99219 -0.08881 -0.1219 0.98852 0.08928 -0.1219 0.98852 0.08928 -0.99328 -0.11504 0.01272 -0.99328 -0.11504 0.01272 -0.02285 0.08713 -0.99593 -0.02285 0.08713 -0.99593 -0.02285 0.08713 -0.99593 -0.02285 0.08713 -0.99593 0.02285 -0.08713 0.99593 0.02285 -0.08713 0.99593 0.02285 -0.08713 0.99593 0.02285 -0.08713 0.99593 0.9804 0.19694 -0.00526 0.9804 0.19694 -0.00526 -0.17319 0.98079 0.08978 0.98543 0.16988 -0.00774 0.98543 0.16988 -0.00774 0.2026 -0.97512 -0.08996 0.2026 -0.97512 -0.08996 -0.18974 0.97771 0.08989 -0.18974 0.97771 0.08989 -0.9804 -0.19693 0.00526 -0.9804 -0.19693 0.00526 -0.02285 0.08713 -0.99593 -0.02285 0.08713 -0.99593 -0.02285 0.08713 -0.99593 -0.02285 0.08713 -0.99593 0.02285 -0.08713 0.99593 0.02285 -0.08713 0.99593 0.02285 -0.08713 0.99593 0.02285 -0.08713 0.99593 0.84495 0.53415 0.02735 0.84495 0.53415 0.02735 0.51228 -0.85445 -0.08651 0.51228 -0.85445 -0.0865 0.87319 0.48686 0.02256 0.87319 0.48686 0.02256 0.51227 -0.85446 -0.0865 0.51227 -0.85446 -0.0865 -0.53105 0.84297 0.08593 -0.53105 0.84297 0.08593 -0.85894 -0.51146 -0.02504 -0.85894 -0.51146 -0.02504 -0.02285 0.08713 -0.99593 -0.02285 0.08713 -0.99593 -0.02285 0.08713 -0.99593 -0.02285 0.08713 -0.99593 0.02285 -0.08713 0.99593 0.02285 -0.08713 0.99593 0.02285 -0.08713 0.99593 0.02285 -0.08713 0.99593 0.9759 -0.21432 -0.04114 0.9759 -0.21432 -0.04114 0.22376 0.97137 0.07985 0.22376 0.97137 0.07985 0.97469 -0.21966 -0.04158 0.97469 -0.21966 -0.04158 -0.19947 -0.97656 -0.08086 -0.19947 -0.97656 -0.08086 0.20601 0.97523 0.0806 0.20601 0.97523 0.0806 -0.9793 0.19844 0.03983 -0.9793 0.19844 0.03983 -0.02285 0.08713 -0.99593 -0.02285 0.08713 -0.99593 -0.02285 0.08713 -0.99593 -0.02285 0.08713 -0.99593 0.02285 -0.08713 0.99593 0.02285 -0.08713 0.99593 0.02285 -0.08713 0.99593 0.02285 -0.08713 0.99593 0.97346 -0.22495 -0.04201 0.97346 -0.22495 -0.04201 -0.21854 -0.97254 -0.08007 -0.21854 -0.97254 -0.08007 -0.95657 0.28767 0.04711 -0.95657 0.28767 0.04711 0.22865 0.97025 0.07964 0.22865 0.97025 0.07964 0.23464 0.96884 0.07938 0.23464 0.96884 0.07938 -0.97534 0.21679 0.04134 -0.97534 0.21679 0.04134 -0.02285 0.08713 -0.99593 -0.02285 0.08713 -0.99593 -0.02285 0.08713 -0.99593 -0.02285 0.08713 -0.99593 0.02285 -0.08713 0.99593 0.02285 -0.08713 0.99593 0.02285 -0.08713 0.99593 0.02285 -0.08713 0.99593 0.9984 -0.04949 -0.02723 0.9984 -0.04949 -0.02723 -0.04851 -0.99512 -0.08595 -0.99884 0.04018 0.02643 -0.99884 0.04018 0.02643 0.00758 0.99618 0.08698 0.00758 0.99618 0.08698 0.03635 0.99561 0.08627 0.03635 0.99561 0.08627 -0.9984 0.04948 0.02723 -0.9984 0.04948 0.02723 -0.02285 0.08713 -0.99593 -0.02285 0.08713 -0.99593 0.02285 -0.08713 0.99593 0.02285 -0.08713 0.99593 0.78607 -0.61396 -0.07175 0.78607 -0.61396 -0.07175 -0.61945 -0.78316 -0.05431 -0.61945 -0.78316 -0.05431 0.61848 0.78392 0.0544 0.61848 0.78392 0.0544 -0.78089 0.62048 0.0722 -0.78089 0.62048 0.0722 -0.02285 0.08713 -0.99593 -0.02285 0.08713 -0.99593 -0.02285 0.08713 -0.99593 -0.02285 0.08713 -0.99593 0.02285 -0.08713 0.99593 0.02285 -0.08713 0.99593 0.02285 -0.08713 0.99593 0.02285 -0.08713 0.99593 0.99914 0.03646 -0.01973 0.99914 0.03646 -0.01973 -0.019 0.99598 0.08757 -0.019 0.99598 0.08757 0.99972 0.00848 -0.02219 0.99972 0.00848 -0.02219 0.02698 -0.99578 -0.08774 0.02698 -0.99578 -0.08774 -0.06639 0.99386 0.08847 -0.06639 0.99386 0.08847 -0.99932 -0.03073 0.02023 -0.99932 -0.03073 0.02023 -0.02285 0.08713 -0.99593 -0.02285 0.08713 -0.99593 -0.02285 0.08713 -0.99593 -0.02285 0.08713 -0.99593 0.02285 -0.08713 0.99593 0.02285 -0.08713 0.99593 0.02285 -0.08713 0.99593 0.02285 -0.08713 0.99593 0.9828 -0.18065 -0.03835 0.9828 -0.18066 -0.03835 0.14315 0.98621 0.083 0.14315 0.98621 0.083 0.9828 -0.18065 -0.03835 0.9828 -0.18065 -0.03835 -0.15856 -0.9839 -0.08244 -0.15856 -0.9839 -0.08244 0.13769 0.98698 0.08319 0.13769 0.98698 0.08319 -0.9855 0.16556 0.03709 -0.9855 0.16556 0.03709 -0.02285 0.08713 -0.99593 -0.02285 0.08713 -0.99593 -0.02285 0.08713 -0.99593 -0.02285 0.08713 -0.99593 0.02285 -0.08713 0.99593 0.02285 -0.08713 0.99593 0.02285 -0.08713 0.99593 0.02285 -0.08713 0.99593 0.96218 -0.26857 -0.04557 0.96218 -0.26857 -0.04557 0.21973 0.97227 0.08002 0.21973 0.97227 0.08002 0.97469 -0.21966 -0.04158 0.97469 -0.21966 -0.04158 -0.19999 -0.97646 -0.08084 -0.19999 -0.97646 -0.08084 0.21973 0.97227 0.08002 0.21973 0.97227 0.08002 -0.98019 0.19406 0.03946 -0.98019 0.19406 0.03946 -0.02285 0.08713 -0.99593 -0.02285 0.08713 -0.99593 -0.02285 0.08713 -0.99593 -0.02285 0.08713 -0.99593 0.02285 -0.08713 0.99593 0.02285 -0.08713 0.99593 0.02285 -0.08713 0.99593 0.02285 -0.08713 0.99593 0.99317 -0.11201 -0.03258 0.99317 -0.11201 -0.03258 -0.03633 -0.99561 -0.08627 -0.03633 -0.99561 -0.08627 0.99463 -0.09863 -0.03145 0.99463 -0.09863 -0.03145 -0.0971 -0.99168 -0.08453 -0.0971 -0.99168 -0.08453 0.13231 0.9877 0.08338 0.13231 0.9877 0.08338 -0.99348 0.10934 0.03236 -0.99348 0.10934 0.03236 -0.02285 0.08713 -0.99593 -0.02285 0.08713 -0.99593 -0.02285 0.08713 -0.99593 -0.02285 0.08713 -0.99593 0.02285 -0.08713 0.99593 0.02285 -0.08713 0.99593 0.02285 -0.08713 0.99593 0.02285 -0.08713 0.99593 0.76844 -0.63572 -0.07325 0.76844 -0.63572 -0.07324 -0.62507 -0.77871 -0.05378 -0.62507 -0.77871 -0.05378 -0.77594 0.62661 0.07262 -0.77595 0.6266 0.07262 0.59946 0.79843 0.05611 0.59947 0.79843 0.0561 0.63645 0.76952 0.05273 0.63645 0.76952 0.05273 -0.77811 0.62394 0.07243 -0.77811 0.62393 0.07244 -0.02285 0.08713 -0.99593 -0.02285 0.08713 -0.99593 -0.02285 0.08713 -0.99593 -0.02285 0.08713 -0.99593 0.02285 -0.08713 0.99593 0.02285 -0.08713 0.99593 0.02285 -0.08713 0.99593 0.02285 -0.08713 0.99593 0.9597 -0.27718 -0.04627 0.9597 -0.27718 -0.04627 0.36689 0.92742 0.07272 0.36689 0.92742 0.07272 0.9642 -0.26135 -0.04498 0.9642 -0.26135 -0.04498 -0.2878 -0.9546 -0.07691 -0.2878 -0.9546 -0.07691 0.28479 0.95549 0.07706 0.28479 0.95549 0.07706 -0.95657 0.28767 0.04711 -0.95657 0.28767 0.04711 -0.02285 0.08713 -0.99593 -0.02285 0.08713 -0.99593 -0.02285 0.08713 -0.99593 -0.02285 0.08713 -0.99593 0.02285 -0.08713 0.99593 0.02285 -0.08713 0.99593 0.02285 -0.08713 0.99593 0.02285 -0.08713 0.99593 0.97415 0.2259 -0.00258 0.97415 0.2259 -0.00258 0.28038 -0.95566 -0.09004 0.28038 -0.95566 -0.09004 0.97315 0.23017 -0.00219 0.97315 0.23017 -0.00219 0.2063 -0.97434 -0.08998 0.2063 -0.97434 -0.08998 -0.20009 0.97564 0.08995 -0.2001 0.97564 0.08995 -0.97229 -0.23379 0.00185 -0.97229 -0.23379 0.00185 -0.02285 0.08713 -0.99593 -0.02285 0.08713 -0.99593 -0.02285 0.08713 -0.99593 -0.02285 0.08713 -0.99593 0.02285 -0.08713 0.99593 0.02285 -0.08713 0.99593 0.02285 -0.08713 0.99593 0.02285 -0.08713 0.99593 0.97445 -0.22072 -0.04167 0.97445 -0.22072 -0.04167 -0.24224 -0.96699 -0.07904 -0.24224 -0.96699 -0.07904 0.97297 -0.22705 -0.04218 0.97297 -0.22705 -0.04218 -0.21975 -0.97227 -0.08002 -0.21975 -0.97227 -0.08002 0.21346 0.97365 0.08029 -0.97638 0.21215 0.04096 -0.97638 0.21215 0.04096 -0.02285 0.08713 -0.99593 -0.02285 0.08713 -0.99593 -0.02285 0.08713 -0.99593 -0.02285 0.08713 -0.99593 0.02285 -0.08713 0.99593 0.02285 -0.08713 0.99593 0.02285 -0.08713 0.99593 0.02285 -0.08713 0.99593 0.97604 0.21757 -0.00336 0.97604 0.21757 -0.00336 0.21763 -0.97187 -0.09002 0.21763 -0.97187 -0.09002 -0.97531 -0.2208 0.00306 -0.97531 -0.2208 0.00306 0.22381 -0.97046 -0.09004 0.22381 -0.97046 -0.09004 -0.21958 0.97143 0.09003 -0.21958 0.97143 0.09003 -0.97621 -0.2168 0.00343 -0.97621 -0.2168 0.00343 -0.02285 0.08713 -0.99593 -0.02284 0.08713 -0.99594 -0.02285 0.08713 -0.99593 -0.02285 0.08713 -0.99593 -0.02285 0.08713 -0.99593 -0.02285 0.08713 -0.99593 -0.02285 0.08713 -0.99593 -0.02285 0.08713 -0.99593 0.02285 -0.08713 0.99593 0.02285 -0.08713 0.99593 0.02285 -0.08713 0.99593 0.02285 -0.08714 0.99593 0.02285 -0.08713 0.99593 0.02285 -0.08713 0.99593 0.02285 -0.08713 0.99593 0.02285 -0.08713 0.99593 -0.78904 0.61017 0.07148 -0.78904 0.61017 0.07149 -0.82284 -0.56744 -0.03077 -0.82276 -0.56756 -0.03078 -0.77106 0.63256 0.07303 -0.77106 0.63256 0.07303 -0.56928 -0.82004 -0.05868 -0.56929 -0.82004 -0.05869 -0.78433 0.61616 0.0719 -0.78433 0.61616 0.0719 0.62953 0.77514 0.05338 0.62953 0.77514 0.05337 0.7886 -0.61073 -0.07152 0.7886 -0.61073 -0.07152 -0.82276 -0.56756 -0.03078 -0.8228 -0.5675 -0.03078 -0.59946 -0.79844 -0.0561 -0.59946 -0.79844 -0.0561 0.78587 -0.61422 -0.07177 0.78587 -0.61422 -0.07177 -0.02285 0.08713 -0.99593 -0.02285 0.08713 -0.99593 -0.02285 0.08713 -0.99593 -0.02285 0.08713 -0.99593 0.02285 -0.08713 0.99593 0.02285 -0.08713 0.99593 0.02285 -0.08713 0.99593 0.02285 -0.08713 0.99593 0.99368 0.11148 -0.01304 0.99368 0.11148 -0.01304 0.11008 -0.98992 -0.08913 -0.99529 -0.09589 0.01444 -0.99529 -0.09589 0.01444 -0.0995 0.99105 0.08899 -0.10241 0.99075 0.08903 -0.10241 0.99075 0.08903 -0.99432 -0.1056 0.01357 -0.99432 -0.1056 0.01357 -0.02285 0.08713 -0.99593 -0.02285 0.08713 -0.99593 -0.02285 0.08713 -0.99593 -0.02285 0.08713 -0.99593 -0.02285 0.08713 -0.99593 -0.02285 0.08713 -0.99593 0.02285 -0.08713 0.99593 0.02285 -0.08713 0.99593 0.02285 -0.08713 0.99593 0.02285 -0.08713 0.99593 0.02285 -0.08713 0.99593 0.02285 -0.08713 0.99593 0.9299 0.36765 0.01083 0.9299 0.36765 0.01083 -0.38409 0.91898 0.08921 -0.38409 0.91898 0.08921 0.92319 0.38414 0.01243 0.92319 0.38414 0.01243 0.36229 -0.92776 -0.08947 0.36229 -0.92776 -0.08947 -0.93148 -0.36365 -0.01044 -0.93148 -0.36364 -0.01045 -0.36963 0.92487 0.0894 -0.36963 0.92487 0.08939 -0.38738 0.9176 0.08916 -0.38738 0.9176 0.08917 -0.92589 -0.3776 -0.0118 -0.92589 -0.3776 -0.01179 -0.02285 0.08713 -0.99593 -0.02285 0.08713 -0.99593 -0.02285 0.08713 -0.99593 -0.02285 0.08713 -0.99593 -0.02285 0.08713 -0.99593 -0.02285 0.08713 -0.99593 0.02285 -0.08713 0.99593 0.02285 -0.08713 0.99593 0.02285 -0.08713 0.99593 0.02285 -0.08713 0.99593 0.02285 -0.08713 0.99593 0.02285 -0.08713 0.99593 0.77375 -0.6293 -0.0728 0.77375 -0.62929 -0.0728 -0.62777 -0.77656 -0.05353 -0.62777 -0.77655 -0.05354 -0.74956 0.6577 0.07474 -0.74956 0.6577 0.07474 -0.56927 -0.82005 -0.05869 -0.7664 0.63816 0.07342 -0.7664 0.63816 0.07341 0.56927 0.82005 0.05868 0.56927 0.82005 0.05868 0.62778 0.77655 0.05354 0.62778 0.77655 0.05353 -0.78248 0.61849 0.07206 -0.78249 0.61848 0.07206 -0.02285 0.08713 -0.99593 -0.02285 0.08713 -0.99593 -0.02285 0.08713 -0.99593 -0.02285 0.08713 -0.99593 -0.02285 0.08713 -0.99593 -0.02285 0.08713 -0.99593 0.02285 -0.08713 0.99593 0.02285 -0.08713 0.99593 0.02285 -0.08713 0.99593 0.02285 -0.08713 0.99593 0.02285 -0.08713 0.99593 0.02285 -0.08713 0.99593 0.96635 0.25721 0.00033 0.96635 0.25721 0.00033 0.23313 -0.96827 -0.09006 0.23313 -0.96827 -0.09006 0.9647 0.26334 0.00091 0.9647 0.26334 0.00091 0.23672 -0.96739 -0.09007 0.23672 -0.96739 -0.09007 -0.96677 -0.25564 -0.00019 -0.96677 -0.25564 -0.00019 -0.28037 0.95566 0.09004 -0.28037 0.95566 0.09004 -0.25998 0.9614 0.09008 -0.25998 0.9614 0.09008 -0.95676 -0.29087 -0.0035 -0.95676 -0.29087 -0.0035 -0.02285 0.08713 -0.99593 -0.02285 0.08713 -0.99593 -0.02285 0.08713 -0.99593 -0.02285 0.08713 -0.99593 -0.02285 0.08713 -0.99593 -0.02285 0.08713 -0.99593 0.02285 -0.08713 0.99593 0.02285 -0.08713 0.99593 0.02285 -0.08713 0.99593 0.02285 -0.08713 0.99593 0.02285 -0.08713 0.99593 0.02285 -0.08713 0.99593 0.99932 0.03074 -0.02024 0.99932 0.03074 -0.02024 0.08752 -0.9922 -0.08881 0.08752 -0.9922 -0.08881 0.99949 0.02414 -0.02082 0.99949 0.02414 -0.02082 0.0015 -0.99619 -0.08719 0.00151 -0.99619 -0.08719 -0.99949 -0.02413 0.02082 -0.99949 -0.02413 0.02082 0.01901 -0.99598 -0.08757 0.01901 -0.99598 -0.08757 -0.02464 0.99584 0.08769 -0.02464 0.99584 0.08769 -0.99965 -0.01522 0.0216 -0.99965 -0.01522 0.0216 -0.02285 0.08713 -0.99593 -0.02285 0.08713 -0.99593 -0.02285 0.08713 -0.99593 -0.02285 0.08713 -0.99593 -0.02285 0.08713 -0.99593 -0.02285 0.08713 -0.99593 0.02285 -0.08713 0.99593 0.02285 -0.08713 0.99593 0.02285 -0.08713 0.99593 0.02285 -0.08713 0.99593 0.02285 -0.08713 0.99593 0.02285 -0.08713 0.99593 0.97405 0.22632 -0.00254 0.97405 0.22632 -0.00254 -0.18708 0.97822 0.08988 -0.18708 0.97822 0.08988 0.9743 0.22523 -0.00265 0.9743 0.22523 -0.00265 0.22382 -0.97046 -0.09004 0.22382 -0.97046 -0.09004 -0.97182 -0.2357 0.00167 -0.97182 -0.2357 0.00167 0.20993 -0.97357 -0.08999 0.20993 -0.97357 -0.08999 -0.25041 0.96394 0.09008 -0.25041 0.96394 0.09008 -0.97532 -0.2208 0.00306 -0.97532 -0.2208 0.00306 -0.02285 0.08713 -0.99593 -0.02285 0.08713 -0.99593 -0.02285 0.08713 -0.99593 -0.02285 0.08713 -0.99593 -0.02285 0.08713 -0.99593 -0.02285 0.08713 -0.99593 0.02285 -0.08713 0.99593 0.02285 -0.08713 0.99593 0.02285 -0.08713 0.99593 0.02285 -0.08713 0.99593 0.02285 -0.08713 0.99593 0.02285 -0.08713 0.99593 -0.93424 0.35279 0.0523 -0.93424 0.35279 0.0523 0.37962 0.92234 0.07198 0.37962 0.92234 0.07198 0.91842 -0.39172 -0.05534 0.91842 -0.39172 -0.05534 0.34563 0.93546 0.07391 0.92515 -0.37574 -0.0541 0.92515 -0.37574 -0.0541 -0.37216 -0.92534 -0.07242 -0.37216 -0.92534 -0.07242 0.36689 0.92742 0.07272 0.36689 0.92742 0.07272 -0.93015 0.36332 0.05312 -0.93015 0.36332 0.05312 -0.02285 0.08713 -0.99593 -0.02285 0.08713 -0.99593 -0.02285 0.08713 -0.99593 -0.02285 0.08713 -0.99593 -0.02285 0.08713 -0.99593 -0.02285 0.08713 -0.99593 0.02285 -0.08713 0.99593 0.02285 -0.08713 0.99593 0.02285 -0.08713 0.99593 0.02285 -0.08713 0.99593 0.02285 -0.08713 0.99593 0.02285 -0.08713 0.99593 -0.94705 0.31725 0.04948 -0.94705 0.31725 0.04948 0.27425 0.95853 0.07757 0.27425 0.95853 0.07757 0.95439 -0.29474 -0.04768 0.95439 -0.29474 -0.04768 -0.28781 -0.95459 -0.07691 -0.28781 -0.95459 -0.07691 -0.96585 0.25525 0.04449 -0.96585 0.25525 0.04449 -0.31464 -0.9462 -0.07556 -0.31464 -0.9462 -0.07556 0.30302 0.94993 0.07616 0.30302 0.94993 0.07616 -0.95399 0.29601 0.04778 -0.95399 0.29601 0.04778 -0.02285 0.08713 -0.99593 -0.02285 0.08713 -0.99593 -0.02285 0.08713 -0.99593 -0.02285 0.08713 -0.99593 -0.02285 0.08713 -0.99593 -0.02285 0.08713 -0.99593 0.02285 -0.08713 0.99593 0.02285 -0.08713 0.99593 0.02285 -0.08713 0.99593 0.02285 -0.08713 0.99593 0.02285 -0.08713 0.99593 0.02285 -0.08713 0.99593 0.91655 -0.39603 -0.05567 0.91655 -0.39603 -0.05567 0.38664 0.91945 0.07157 0.38664 0.91945 0.07157 0.91442 -0.40086 -0.05605 0.91442 -0.40086 -0.05605 0.47976 0.87495 0.06554 0.47976 0.87495 0.06554 0.92269 -0.38167 -0.05456 0.92269 -0.38167 -0.05456 -0.3878 -0.91897 -0.07151 -0.38779 -0.91897 -0.0715 0.3777 0.92312 0.0721 0.3777 0.92312 0.0721 -0.92312 0.38064 0.05448 -0.92312 0.38064 0.05448 -0.02285 0.08713 -0.99593 -0.02285 0.08713 -0.99593 -0.02285 0.08713 -0.99593 -0.02285 0.08713 -0.99593 -0.02285 0.08713 -0.99593 -0.02285 0.08713 -0.99593 0.02285 -0.08713 0.99593 0.02285 -0.08713 0.99593 0.02285 -0.08713 0.99593 0.02285 -0.08713 0.99593 0.02285 -0.08713 0.99593 0.02285 -0.08713 0.99593 0.91864 0.39486 0.01347 0.91864 0.39487 0.01348 -0.39663 0.91365 0.08903 -0.39663 0.91365 0.08903 0.91154 0.41094 0.01504 0.91154 0.41094 0.01504 0.41256 -0.90659 -0.08878 0.41256 -0.90659 -0.08878 0.9226 0.38556 0.01257 0.9226 0.38556 0.01257 0.42081 -0.90281 -0.08864 0.42081 -0.90281 -0.08864 -0.4015 0.91153 0.08896 -0.4015 0.91153 0.08896 -0.91496 -0.40329 -0.01429 -0.91496 -0.40329 -0.01429 -0.02285 0.08713 -0.99593 -0.02285 0.08713 -0.99593 -0.02285 0.08713 -0.99593 -0.02285 0.08713 -0.99593 -0.02285 0.08713 -0.99593 -0.02285 0.08713 -0.99593 -0.02285 0.08713 -0.99593 -0.02285 0.08713 -0.99593 0.02285 -0.08713 0.99593 0.02285 -0.08713 0.99593 0.02285 -0.08713 0.99593 0.02285 -0.08713 0.99593 0.02285 -0.08713 0.99593 0.02285 -0.08713 0.99593 0.02285 -0.08713 0.99593 0.02285 -0.08713 0.99593 0.93148 0.36365 0.01045 0.93148 0.36365 0.01045 0.39663 -0.91365 -0.08903 0.39663 -0.91365 -0.08903 0.92036 0.39084 0.01308 0.92036 0.39084 0.01308 0.39058 -0.91624 -0.08912 0.39058 -0.91624 -0.08912 -0.91379 -0.40592 -0.01455 -0.91379 -0.40592 -0.01455 0.37712 -0.92185 -0.0893 0.37712 -0.92185 -0.0893 -0.92178 -0.38749 -0.01275 -0.92179 -0.38749 -0.01276 -0.39663 0.91365 0.08903 -0.39663 0.91365 0.08903 -0.39663 0.91365 0.08903 -0.39663 0.91365 0.08903 -0.91154 -0.41094 -0.01504 -0.91154 -0.41094 -0.01505 -0.02285 0.08713 -0.99593 -0.02285 0.08713 -0.99593 -0.02285 0.08713 -0.99593 -0.02285 0.08713 -0.99593 -0.02285 0.08713 -0.99593 -0.02285 0.08713 -0.99593 0.02285 -0.08713 0.99593 0.02285 -0.08713 0.99593 0.02285 -0.08713 0.99593 0.02285 -0.08713 0.99593 0.02285 -0.08713 0.99593 0.02285 -0.08713 0.99593 0.02285 -0.08713 0.99593 0.02285 -0.08713 0.99593 -0.9828 0.18065 0.03835 -0.9828 0.18065 0.03835 0.19998 0.97646 0.08084 0.97181 -0.23188 -0.04258 0.97181 -0.23188 -0.04258 0.21635 0.97302 0.08016 0.21635 0.97302 0.08016 0.97391 -0.22302 -0.04185 0.97391 -0.22302 -0.04185 -0.23001 -0.96993 -0.07958 -0.23001 -0.96993 -0.07958 0.9828 -0.18065 -0.03835 0.9828 -0.18065 -0.03835 -0.21533 -0.97324 -0.08021 -0.21533 -0.97324 -0.08021 0.21096 0.97418 0.08039 0.21096 0.97418 0.08039 -0.97242 0.22935 0.04237 -0.97242 0.22935 0.04237 -0.02285 0.08713 -0.99593 -0.02285 0.08713 -0.99593 -0.02285 0.08713 -0.99593 -0.02285 0.08713 -0.99593 -0.02285 0.08713 -0.99593 -0.02285 0.08713 -0.99593 -0.02285 0.08713 -0.99593 -0.02285 0.08713 -0.99593 -0.02285 0.08713 -0.99593 -0.02285 0.08713 -0.99593 0.02285 -0.08713 0.99593 0.02285 -0.08713 0.99593 0.02285 -0.08713 0.99593 0.02285 -0.08713 0.99593 0.02285 -0.08713 0.99593 0.02285 -0.08713 0.99593 0.02285 -0.08713 0.99593 0.02285 -0.08713 0.99593 0.02285 -0.08713 0.99593 0.02285 -0.08713 0.99593 0.7664 -0.63816 -0.07342 0.7664 -0.63816 -0.07342 0.6262 0.77781 0.05369 0.6262 0.77781 0.05368 -0.77934 0.62242 0.07233 -0.77934 0.62241 0.07234 0.63791 0.76831 0.05259 0.63792 0.76831 0.05258 0.77933 -0.62243 -0.07233 0.77933 -0.62243 -0.07233 -0.61213 -0.78884 -0.05497 -0.61213 -0.78884 -0.05498 0.78368 -0.61698 -0.07196 0.78368 -0.61698 -0.07195 -0.64998 -0.75821 -0.05142 -0.64998 -0.75821 -0.05142 -0.7837 0.61696 0.07195 -0.7837 0.61696 0.07196 -0.62354 -0.77993 -0.05393 -0.62354 -0.77993 -0.05393 0.62777 0.77656 0.05354 0.62777 0.77656 0.05354 -0.78639 0.61355 0.07172 -0.78639 0.61355 0.07172 -0.02285 0.08713 -0.99593 -0.02285 0.08713 -0.99593 -0.02285 0.08713 -0.99593 -0.02285 0.08713 -0.99593 -0.02285 0.08713 -0.99593 -0.02285 0.08713 -0.99593 -0.02285 0.08713 -0.99593 -0.02285 0.08713 -0.99593 -0.02285 0.08713 -0.99593 -0.02285 0.08713 -0.99593 0.02285 -0.08713 0.99593 0.02285 -0.08713 0.99593 0.02285 -0.08713 0.99593 0.02285 -0.08713 0.99593 0.02285 -0.08713 0.99593 0.02285 -0.08713 0.99593 0.02285 -0.08713 0.99593 0.02285 -0.08713 0.99593 0.02285 -0.08713 0.99593 0.93227 -0.35791 -0.0527 0.93227 -0.35791 -0.0527 0.36689 0.92742 0.07272 0.36689 0.92742 0.07272 0.92786 -0.36906 -0.05357 0.92786 -0.36906 -0.05357 -0.37096 -0.92581 -0.07249 -0.37096 -0.92582 -0.07249 -0.92154 0.38439 0.05477 -0.92154 0.38439 0.05477 0.35716 0.93116 0.07327 0.35716 0.93116 0.07327 -0.93168 0.35943 0.05282 -0.93168 0.35943 0.05281 -0.36689 -0.92742 -0.07272 -0.36689 -0.92742 -0.07272 -0.91376 0.40236 0.05616 -0.91376 0.40236 0.05616 -0.36689 -0.92742 -0.07272 -0.36689 -0.92742 -0.07272 0.37828 0.92288 0.07206 0.37828 0.92288 0.07207 -0.92269 0.38167 0.05456 -0.92269 0.38167 0.05456 -0.02285 0.08713 -0.99593 -0.02285 0.08713 -0.99593 -0.02285 0.08713 -0.99593 -0.02285 0.08713 -0.99593 -0.02285 0.08713 -0.99593 -0.02285 0.08713 -0.99593 -0.02285 0.08713 -0.99593 -0.02285 0.08713 -0.99593 -0.02285 0.08713 -0.99593 -0.02285 0.08713 -0.99593 -0.02285 0.08713 -0.99593 -0.02284 0.08714 -0.99593 -0.02285 0.08713 -0.99593 -0.02284 0.08714 -0.99593 -0.02285 0.08713 -0.99593 -0.02285 0.08713 -0.99593 -0.02285 0.08713 -0.99593 -0.02285 0.08713 -0.99593 0.02285 -0.08713 0.99593 0.02285 -0.08713 0.99593 0.02285 -0.08713 0.99593 0.02285 -0.08713 0.99593 0.02285 -0.08713 0.99593 0.02285 -0.08713 0.99593 0.02285 -0.08713 0.99593 0.02285 -0.08713 0.99593 0.02285 -0.08713 0.99593 0.02285 -0.08713 0.99593 0.02285 -0.08713 0.99593 0.02285 -0.08713 0.99593 0.02285 -0.08713 0.99593 0.02285 -0.08713 0.99594 0.02285 -0.08713 0.99593 0.02285 -0.08713 0.99593 0.02285 -0.08713 0.99593 0.02285 -0.08713 0.99593 0.78518 -0.61508 -0.07183 0.78519 -0.61508 -0.07182 0.61607 0.78579 0.05462 0.61607 0.78579 0.05462 -0.78369 0.61697 0.07196 -0.78369 0.61697 0.07196 0.61042 0.79016 0.05513 0.61042 0.79016 0.05513 0.79056 -0.60822 -0.07135 0.79056 -0.60822 -0.07135 0.62621 0.77781 0.05368 0.62621 0.77781 0.05368 -0.78369 0.61697 0.07196 -0.78369 0.61697 0.07196 0.61452 0.787 0.05476 0.61452 0.787 0.05476 0.78768 -0.61191 -0.07161 0.78768 -0.61191 -0.0716 -0.60724 -0.79259 -0.05541 -0.60724 -0.79259 -0.05541 -0.79038 0.60845 0.07136 -0.79038 0.60845 0.07136 -0.63382 -0.77167 -0.05297 -0.63382 -0.77167 -0.05297 0.79198 -0.60638 -0.07122 0.79198 -0.60638 -0.07122 -0.61042 -0.79016 -0.05513 -0.61042 -0.79016 -0.05513 -0.78894 0.6103 0.07149 -0.78894 0.6103 0.07149 -0.60807 -0.79195 -0.05534 -0.60807 -0.79195 -0.05534 0.78726 -0.61245 -0.07164 0.78726 -0.61245 -0.07164 -0.62135 -0.78166 -0.05413 -0.62135 -0.78166 -0.05413 0.61452 0.787 0.05476 0.61452 0.787 0.05476 -0.78894 0.6103 0.07149 -0.78894 0.6103 0.07149 -1 -0 -0 -1 0 -0 -0 1 0 0 1 0 1 0 0 1 0 -0 0 -1 0 0 -1 0 -0 0 -1 -0 0 -1 -0 0 1 -0 -0 1 -1 0 -0 -1 0 -0 0 1 -0 -0 1 0 1 -0 0 -0 -0 -1 0 -0 -1 -0 0 1 0 -0 1</float_array>
          <technique_common>
            <accessor source="#norm_0-array" count="3939" stride="3">
              <param name="X" type="float"/>
              <param name="Y" type="float"/>
              <param name="Z" type="float"/>
            </accessor>
          </technique_common>
        </source>
        <vertices id="vert_0">
          <input semantic="POSITION" source="#pos_0"/>
        </vertices>
        <triangles count="2640" material="mat_0">
          <input semantic="VERTEX" source="#vert_0" offset="0"/>
          <input semantic="NORMAL" source="#norm_0" offset="1"/>
          <p>0 0 1 0 2 0 2 1 3 1 0 1 4 2 5 2 6 2 6 3 7 3 4 3 4 4 7 4 2 4 2 5 7 5 3 5 7 6 6 6 3 6 3 7 6 7 0 7 5 8 4 8 1 8 1 9 4 9 2 9 6 10 5 10 0 10 0 11 5 11 1 11 8 12 9 12 10 12 10 13 11 13 8 13 12 14 13 14 14 14 14 15 15 15 12 15 12 16 15 16 10 16 10 17 15 17 11 17 15 18 14 18 11 18 11 19 14 19 8 19 13 20 12 20 9 20 9 21 12 21 10 21 14 22 13 22 8 22 8 23 13 23 9 23 16 24 17 24 18 24 18 25 19 25 16 25 20 26 21 26 22 26 22 27 23 27 20 27 20 28 23 28 18 28 18 29 23 29 19 29 23 30 22 30 19 30 19 31 22 31 16 31 21 32 20 32 17 32 17 32 20 32 18 32 22 33 21 33 16 33 16 34 21 34 17 34 24 35 25 35 26 35 26 36 27 36 24 36 28 37 29 37 30 37 30 38 31 38 28 38 28 39 31 39 26 39 26 40 31 40 27 40 31 41 30 41 27 41 27 42 30 42 24 42 29 43 28 43 25 43 25 44 28 44 26 44 30 45 29 45 24 45 24 46 29 46 25 46 32 47 33 47 34 47 34 48 35 48 32 48 36 49 37 49 38 49 38 50 39 50 36 50 36 51 39 51 34 51 34 52 39 52 35 52 39 53 38 53 35 53 35 54 38 54 32 54 37 55 36 55 33 55 33 56 36 56 34 56 38 57 37 57 32 57 32 58 37 58 33 58 40 59 41 59 42 59 42 60 43 60 40 60 44 61 45 61 46 61 46 62 47 62 44 62 44 63 47 63 42 63 42 64 47 64 43 64 47 65 46 65 43 65 43 66 46 66 40 66 45 67 44 67 41 67 41 68 44 68 42 68 46 69 45 69 40 69 40 70 45 70 41 70 48 71 49 71 50 71 50 72 51 72 48 72 52 73 53 73 54 73 54 74 55 74 52 74 52 75 55 75 50 75 50 76 55 76 51 76 55 77 54 77 51 77 51 78 54 78 48 78 53 79 52 79 49 79 49 80 52 80 50 80 54 81 53 81 48 81 48 81 53 81 49 81 56 82 57 82 58 82 58 83 59 83 56 83 60 84 61 84 62 84 62 85 63 85 60 85 60 86 63 86 58 86 58 87 63 87 59 87 63 88 62 88 59 88 59 89 62 89 56 89 61 90 60 90 57 90 57 91 60 91 58 91 62 92 61 92 56 92 56 93 61 93 57 93 64 94 65 94 66 94 66 95 67 95 64 95 68 96 69 96 70 96 70 97 71 97 68 97 68 98 71 98 66 98 66 99 71 99 67 99 71 100 70 100 67 100 67 101 70 101 64 101 69 102 68 102 65 102 65 103 68 103 66 103 70 104 69 104 64 104 64 105 69 105 65 105 72 106 73 106 74 106 74 107 75 107 72 107 76 108 77 108 78 108 78 109 79 109 76 109 76 110 79 110 74 110 74 111 79 111 75 111 79 112 78 112 75 112 75 113 78 113 72 113 77 114 76 114 73 114 73 115 76 115 74 115 78 116 77 116 72 116 72 117 77 117 73 117 80 118 81 118 82 118 82 119 83 119 80 119 84 120 85 120 86 120 86 121 87 121 84 121 84 122 87 122 82 122 82 123 87 123 83 123 87 124 86 124 83 124 83 125 86 125 80 125 85 126 84 126 81 126 81 127 84 127 82 127 86 128 85 128 80 128 80 129 85 129 81 129 88 130 89 130 90 130 90 131 91 131 88 131 92 132 93 132 94 132 94 133 95 133 92 133 92 134 95 134 90 134 90 134 95 134 91 134 95 135 94 135 91 135 91 136 94 136 88 136 93 137 92 137 89 137 89 138 92 138 90 138 94 139 93 139 88 139 88 140 93 140 89 140 96 141 97 141 98 141 98 142 99 142 96 142 100 143 101 143 102 143 102 144 103 144 100 144 100 145 103 145 98 145 98 146 103 146 99 146 103 147 102 147 99 147 99 148 102 148 96 148 101 149 100 149 97 149 97 150 100 150 98 150 102 151 101 151 96 151 96 152 101 152 97 152 104 153 105 153 106 153 106 154 107 154 104 154 108 155 109 155 110 155 110 156 111 156 108 156 108 157 111 157 106 157 106 158 111 158 107 158 111 159 110 159 107 159 107 160 110 160 104 160 109 161 108 161 105 161 105 162 108 162 106 162 110 163 109 163 104 163 104 164 109 164 105 164 112 165 113 165 114 165 114 166 115 166 112 166 116 167 117 167 118 167 118 168 119 168 116 168 116 169 119 169 114 169 114 169 119 169 115 169 119 170 118 170 115 170 115 171 118 171 112 171 117 172 116 172 113 172 113 173 116 173 114 173 118 174 117 174 112 174 112 175 117 175 113 175 120 176 121 176 122 176 122 177 123 177 120 177 124 178 125 178 126 178 126 179 127 179 124 179 124 180 127 180 122 180 122 181 127 181 123 181 127 182 126 182 123 182 123 183 126 183 120 183 125 184 124 184 121 184 121 185 124 185 122 185 126 186 125 186 120 186 120 187 125 187 121 187 128 188 129 188 130 188 130 189 131 189 128 189 132 190 133 190 134 190 134 191 135 191 132 191 132 192 135 192 130 192 130 193 135 193 131 193 135 194 134 194 131 194 131 195 134 195 128 195 133 196 132 196 129 196 129 197 132 197 130 197 134 198 133 198 128 198 128 199 133 199 129 199 136 200 137 200 138 200 138 201 139 201 136 201 140 202 141 202 142 202 142 203 143 203 140 203 140 204 143 204 138 204 138 205 143 205 139 205 143 206 142 206 139 206 139 207 142 207 136 207 141 208 140 208 137 208 137 209 140 209 138 209 142 210 141 210 136 210 136 211 141 211 137 211 144 212 145 212 146 212 146 213 147 213 144 213 148 214 149 214 150 214 150 215 151 215 148 215 148 216 151 216 146 216 146 217 151 217 147 217 151 218 150 218 147 218 147 219 150 219 144 219 149 220 148 220 145 220 145 221 148 221 146 221 150 222 149 222 144 222 144 223 149 223 145 223 152 224 153 224 154 224 154 225 155 225 152 225 156 226 157 226 158 226 158 227 159 227 156 227 156 228 159 228 154 228 154 229 159 229 155 229 159 230 158 230 155 230 155 231 158 231 152 231 157 232 156 232 153 232 153 233 156 233 154 233 158 234 157 234 152 234 152 235 157 235 153 235 160 236 161 236 162 236 162 237 163 237 160 237 164 238 165 238 166 238 166 239 167 239 164 239 164 240 167 240 162 240 162 241 167 241 163 241 167 242 166 242 163 242 163 243 166 243 160 243 165 244 164 244 161 244 161 245 164 245 162 245 166 246 165 246 160 246 160 247 165 247 161 247 168 248 169 248 170 248 170 249 171 249 168 249 172 250 173 250 174 250 174 251 175 251 172 251 172 252 175 252 170 252 170 253 175 253 171 253 175 254 174 254 171 254 171 255 174 255 168 255 173 256 172 256 169 256 169 257 172 257 170 257 174 258 173 258 168 258 168 259 173 259 169 259 176 260 177 260 178 260 178 261 179 261 176 261 180 262 181 262 182 262 182 263 183 263 180 263 180 264 183 264 178 264 178 265 183 265 179 265 183 266 182 266 179 266 179 267 182 267 176 267 181 268 180 268 177 268 177 269 180 269 178 269 182 270 181 270 176 270 176 271 181 271 177 271 184 272 185 272 186 272 186 273 187 273 184 273 188 274 189 274 190 274 190 275 191 275 188 275 188 276 191 276 186 276 186 277 191 277 187 277 191 278 190 278 187 278 187 279 190 279 184 279 189 280 188 280 185 280 185 281 188 281 186 281 190 282 189 282 184 282 184 283 189 283 185 283 192 284 193 284 194 284 194 285 195 285 192 285 196 286 197 286 198 286 198 287 199 287 196 287 196 288 199 288 194 288 194 289 199 289 195 289 199 290 198 290 195 290 195 291 198 291 192 291 197 292 196 292 193 292 193 293 196 293 194 293 198 294 197 294 192 294 192 295 197 295 193 295 200 296 201 296 202 296 202 297 203 297 200 297 204 298 205 298 206 298 206 299 207 299 204 299 204 300 207 300 202 300 202 301 207 301 203 301 207 302 206 302 203 302 203 303 206 303 200 303 205 304 204 304 201 304 201 305 204 305 202 305 206 306 205 306 200 306 200 307 205 307 201 307 208 308 209 308 210 308 210 309 211 309 208 309 212 310 213 310 214 310 214 311 215 311 212 311 212 312 215 312 210 312 210 313 215 313 211 313 215 314 214 314 211 314 211 315 214 315 208 315 213 316 212 316 209 316 209 317 212 317 210 317 214 318 213 318 208 318 208 319 213 319 209 319 216 320 217 320 218 320 219 321 220 321 216 321 218 322 221 322 219 322 219 323 216 323 218 323 222 324 223 324 224 324 224 325 225 325 226 325 226 326 227 326 222 326 222 327 224 327 226 327 222 328 227 328 218 328 218 329 227 329 221 329 227 330 226 330 221 330 221 331 226 331 219 331 226 332 225 332 219 332 219 333 225 333 220 333 225 334 224 334 220 334 220 335 224 335 216 335 223 336 222 336 217 336 217 337 222 337 218 337 224 338 223 338 216 338 216 339 223 339 217 339 228 340 229 340 230 340 230 341 231 341 228 341 232 342 233 342 234 342 234 343 235 343 232 343 232 344 235 344 230 344 230 345 235 345 231 345 235 346 234 346 231 346 231 347 234 347 228 347 233 348 232 348 229 348 229 349 232 349 230 349 234 350 233 350 228 350 228 351 233 351 229 351 236 352 237 352 238 352 238 353 239 353 236 353 240 354 241 354 242 354 242 355 243 355 240 355 240 356 243 356 238 356 238 357 243 357 239 357 243 358 242 358 239 358 239 359 242 359 236 359 241 360 240 360 237 360 237 361 240 361 238 361 242 362 241 362 236 362 236 363 241 363 237 363 244 364 245 364 246 364 246 365 247 365 244 365 248 366 249 366 250 366 250 367 251 367 248 367 248 368 251 368 246 368 246 369 251 369 247 369 251 370 250 370 247 370 247 371 250 371 244 371 249 372 248 372 245 372 245 373 248 373 246 373 250 374 249 374 244 374 244 375 249 375 245 375 252 376 253 376 254 376 254 377 255 377 252 377 256 378 257 378 258 378 258 379 259 379 256 379 256 380 259 380 254 380 254 381 259 381 255 381 259 382 258 382 255 382 255 383 258 383 252 383 257 384 256 384 253 384 253 385 256 385 254 385 258 386 257 386 252 386 252 387 257 387 253 387 260 388 261 388 262 388 262 389 263 389 260 389 264 390 265 390 266 390 266 391 267 391 264 391 264 392 267 392 262 392 262 393 267 393 263 393 267 394 266 394 263 394 263 395 266 395 260 395 265 396 264 396 261 396 261 397 264 397 262 397 266 398 265 398 260 398 260 399 265 399 261 399 268 400 269 400 270 400 270 401 271 401 268 401 272 402 273 402 274 402 274 403 275 403 272 403 272 404 275 404 270 404 270 405 275 405 271 405 275 406 274 406 271 406 271 407 274 407 268 407 273 408 272 408 269 408 269 409 272 409 270 409 274 410 273 410 268 410 268 411 273 411 269 411 276 412 277 412 278 412 278 413 279 413 276 413 280 414 281 414 282 414 282 415 283 415 280 415 280 416 283 416 278 416 278 417 283 417 279 417 283 418 282 418 279 418 279 419 282 419 276 419 281 420 280 420 277 420 277 421 280 421 278 421 282 422 281 422 276 422 276 423 281 423 277 423 284 424 285 424 286 424 286 425 287 425 284 425 288 426 289 426 290 426 290 427 291 427 288 427 288 428 291 428 286 428 286 429 291 429 287 429 291 430 290 430 287 430 287 431 290 431 284 431 289 432 288 432 285 432 285 433 288 433 286 433 290 434 289 434 284 434 284 435 289 435 285 435 292 436 293 436 294 436 294 437 295 437 292 437 296 438 297 438 298 438 298 439 299 439 296 439 296 440 299 440 294 440 294 441 299 441 295 441 299 442 298 442 295 442 295 443 298 443 292 443 297 444 296 444 293 444 293 445 296 445 294 445 298 446 297 446 292 446 292 447 297 447 293 447 300 448 301 448 302 448 303 449 304 449 300 449 300 450 302 450 305 450 305 451 303 451 300 451 306 452 307 452 308 452 308 453 309 453 310 453 311 454 306 454 308 454 308 455 310 455 311 455 306 456 311 456 302 456 302 457 311 457 305 457 311 458 310 458 305 458 305 459 310 459 303 459 310 460 309 460 303 460 303 460 309 460 304 460 309 461 308 461 304 461 304 462 308 462 300 462 307 463 306 463 301 463 301 464 306 464 302 464 308 465 307 465 300 465 300 466 307 466 301 466 312 467 313 467 314 467 315 468 316 468 312 468 312 469 314 469 317 469 317 470 315 470 312 470 318 471 319 471 320 471 320 472 321 472 322 472 323 473 318 473 320 473 320 474 322 474 323 474 318 475 323 475 314 475 314 476 323 476 317 476 323 477 322 477 317 477 317 477 322 477 315 477 322 478 321 478 315 478 315 479 321 479 316 479 321 480 320 480 316 480 316 481 320 481 312 481 319 482 318 482 313 482 313 483 318 483 314 483 320 484 319 484 312 484 312 485 319 485 313 485 324 486 325 486 326 486 327 487 328 487 329 487 329 488 324 488 326 488 326 489 327 489 329 489 330 490 331 490 332 490 333 491 334 491 335 491 330 492 332 492 333 492 333 493 335 493 330 493 335 494 334 494 327 494 327 495 334 495 328 495 334 496 333 496 328 496 328 497 333 497 329 497 333 498 332 498 329 498 329 499 332 499 324 499 332 500 331 500 324 500 324 501 331 501 325 501 330 502 335 502 326 502 326 503 335 503 327 503 331 504 330 504 325 504 325 505 330 505 326 505 336 506 337 506 338 506 339 507 340 507 336 507 336 508 338 508 341 508 341 509 339 509 336 509 342 510 343 510 344 510 344 511 345 511 346 511 347 512 342 512 344 512 344 513 346 513 347 513 342 514 347 514 338 514 338 515 347 515 341 515 347 516 346 516 341 516 341 517 346 517 339 517 346 518 345 518 339 518 339 519 345 519 340 519 345 520 344 520 340 520 340 521 344 521 336 521 343 522 342 522 337 522 337 523 342 523 338 523 344 524 343 524 336 524 336 525 343 525 337 525 348 526 349 526 350 526 351 527 352 527 348 527 350 528 353 528 351 528 351 529 348 529 350 529 354 530 355 530 356 530 356 531 357 531 358 531 358 532 359 532 354 532 354 533 356 533 358 533 354 534 359 534 350 534 350 535 359 535 353 535 359 536 358 536 353 536 353 537 358 537 351 537 358 538 357 538 351 538 351 539 357 539 352 539 357 540 356 540 352 540 352 541 356 541 348 541 355 542 354 542 349 542 349 543 354 543 350 543 356 544 355 544 348 544 348 545 355 545 349 545 360 546 361 546 362 546 363 547 364 547 360 547 362 548 365 548 363 548 363 549 360 549 362 549 366 550 367 550 368 550 368 551 369 551 370 551 370 552 371 552 366 552 366 553 368 553 370 553 366 554 371 554 362 554 362 555 371 555 365 555 371 556 370 556 365 556 365 556 370 556 363 556 370 557 369 557 363 557 363 558 369 558 364 558 369 559 368 559 364 559 364 560 368 560 360 560 367 561 366 561 361 561 361 562 366 562 362 562 368 563 367 563 360 563 360 564 367 564 361 564 372 565 373 565 374 565 374 566 375 566 372 566 376 567 377 567 378 567 378 568 379 568 376 568 376 569 379 569 374 569 374 570 379 570 375 570 379 571 378 571 375 571 375 572 378 572 372 572 377 573 376 573 373 573 373 574 376 574 374 574 378 575 377 575 372 575 372 576 377 576 373 576 380 577 381 577 382 577 383 578 384 578 380 578 380 579 382 579 385 579 385 580 383 580 380 580 386 581 387 581 388 581 388 582 389 582 390 582 391 583 386 583 388 583 388 584 390 584 391 584 386 585 391 585 382 585 382 586 391 586 385 586 391 587 390 587 385 587 385 588 390 588 383 588 390 589 389 589 383 589 383 590 389 590 384 590 389 591 388 591 384 591 384 592 388 592 380 592 387 593 386 593 381 593 381 594 386 594 382 594 388 595 387 595 380 595 380 596 387 596 381 596 392 597 393 597 394 597 395 598 396 598 392 598 392 599 394 599 397 599 397 600 395 600 392 600 398 601 399 601 400 601 400 602 401 602 402 602 403 603 398 603 400 603 400 604 402 604 403 604 398 605 403 605 394 605 394 606 403 606 397 606 403 607 402 607 397 607 397 608 402 608 395 608 402 609 401 609 395 609 395 610 401 610 396 610 401 611 400 611 396 611 396 612 400 612 392 612 399 613 398 613 393 613 393 614 398 614 394 614 400 615 399 615 392 615 392 616 399 616 393 616 404 617 405 617 406 617 407 618 408 618 404 618 404 619 406 619 409 619 409 620 407 620 404 620 410 621 411 621 412 621 412 622 413 622 414 622 415 623 410 623 412 623 412 624 414 624 415 624 410 625 415 625 406 625 406 626 415 626 409 626 415 627 414 627 409 627 409 628 414 628 407 628 414 629 413 629 407 629 407 630 413 630 408 630 413 631 412 631 408 631 408 632 412 632 404 632 411 633 410 633 405 633 405 634 410 634 406 634 412 635 411 635 404 635 404 636 411 636 405 636 416 637 417 637 418 637 419 638 420 638 416 638 418 639 421 639 419 639 419 640 416 640 418 640 422 641 423 641 424 641 424 642 425 642 426 642 426 643 427 643 422 643 422 644 424 644 426 644 422 645 427 645 418 645 418 646 427 646 421 646 427 647 426 647 421 647 421 648 426 648 419 648 426 649 425 649 419 649 419 650 425 650 420 650 425 651 424 651 420 651 420 652 424 652 416 652 423 653 422 653 417 653 417 654 422 654 418 654 424 655 423 655 416 655 416 656 423 656 417 656 428 657 429 657 430 657 431 658 432 658 428 658 430 659 433 659 431 659 431 660 428 660 430 660 434 661 435 661 436 661 436 662 437 662 438 662 438 663 439 663 434 663 434 664 436 664 438 664 434 665 439 665 430 665 430 666 439 666 433 666 439 667 438 667 433 667 433 668 438 668 431 668 438 669 437 669 431 669 431 670 437 670 432 670 437 671 436 671 432 671 432 672 436 672 428 672 435 673 434 673 429 673 429 674 434 674 430 674 436 675 435 675 428 675 428 676 435 676 429 676 440 677 441 677 442 677 443 678 444 678 440 678 440 679 442 679 445 679 445 680 443 680 440 680 446 681 447 681 448 681 448 682 449 682 450 682 451 683 446 683 448 683 448 684 450 684 451 684 446 685 451 685 442 685 442 686 451 686 445 686 451 687 450 687 445 687 445 688 450 688 443 688 450 689 449 689 443 689 443 690 449 690 444 690 449 691 448 691 444 691 444 692 448 692 440 692 447 693 446 693 441 693 441 694 446 694 442 694 448 695 447 695 440 695 440 696 447 696 441 696 452 697 453 697 454 697 455 698 456 698 452 698 454 699 457 699 455 699 455 700 452 700 454 700 458 701 459 701 460 701 460 702 461 702 462 702 462 703 463 703 458 703 458 704 460 704 462 704 458 705 463 705 454 705 454 706 463 706 457 706 463 707 462 707 457 707 457 708 462 708 455 708 462 709 461 709 455 709 455 710 461 710 456 710 461 711 460 711 456 711 456 712 460 712 452 712 459 713 458 713 453 713 453 714 458 714 454 714 460 715 459 715 452 715 452 716 459 716 453 716 464 717 465 717 466 717 467 718 468 718 464 718 466 719 469 719 467 719 467 720 464 720 466 720 470 721 471 721 472 721 472 722 473 722 474 722 474 723 475 723 470 723 470 724 472 724 474 724 470 725 475 725 466 725 466 726 475 726 469 726 475 727 474 727 469 727 469 728 474 728 467 728 474 729 473 729 467 729 467 730 473 730 468 730 473 731 472 731 468 731 468 732 472 732 464 732 471 733 470 733 465 733 465 733 470 733 466 733 472 734 471 734 464 734 464 735 471 735 465 735 476 736 477 736 478 736 479 737 480 737 481 737 481 738 476 738 478 738 478 739 479 739 481 739 482 740 483 740 484 740 485 741 486 741 487 741 482 742 484 742 485 742 485 743 487 743 482 743 482 744 487 744 478 744 478 745 487 745 479 745 487 746 486 746 479 746 479 747 486 747 480 747 486 748 485 748 480 748 480 749 485 749 481 749 485 750 484 750 481 750 481 751 484 751 476 751 483 752 482 752 477 752 477 753 482 753 478 753 484 754 483 754 476 754 476 755 483 755 477 755 488 756 489 756 490 756 491 757 492 757 488 757 493 758 494 758 491 758 495 759 496 759 497 759 488 760 490 760 495 760 497 761 493 761 491 761 488 762 495 762 497 762 497 763 491 763 488 763 498 764 499 764 500 764 500 765 501 765 502 765 502 766 503 766 504 766 505 767 506 767 507 767 507 768 498 768 500 768 502 769 504 769 505 769 505 770 507 770 500 770 500 771 502 771 505 771 498 772 507 772 490 772 490 773 507 773 495 773 507 774 506 774 495 774 495 775 506 775 496 775 506 776 505 776 496 776 496 777 505 777 497 777 505 778 504 778 497 778 497 779 504 779 493 779 504 780 503 780 493 780 493 781 503 781 494 781 503 782 502 782 494 782 494 783 502 783 491 783 502 784 501 784 491 784 491 785 501 785 492 785 501 786 500 786 492 786 492 787 500 787 488 787 499 788 498 788 489 788 489 789 498 789 490 789 500 790 499 790 488 790 488 791 499 791 489 791 508 792 509 792 510 792 511 793 512 793 508 793 510 794 513 794 511 794 511 795 508 795 510 795 514 796 515 796 516 796 516 797 517 797 518 797 518 798 519 798 514 798 514 799 516 799 518 799 514 800 519 800 510 800 510 801 519 801 513 801 519 802 518 802 513 802 513 802 518 802 511 802 518 803 517 803 511 803 511 804 517 804 512 804 517 805 516 805 512 805 512 805 516 805 508 805 515 806 514 806 509 806 509 807 514 807 510 807 516 808 515 808 508 808 508 809 515 809 509 809 520 810 521 810 522 810 523 811 524 811 520 811 525 812 526 812 523 812 520 813 522 813 527 813 525 814 523 814 520 814 520 815 527 815 525 815 528 816 529 816 530 816 530 817 531 817 532 817 532 818 533 818 534 818 535 819 528 819 530 819 530 820 532 820 534 820 534 821 535 821 530 821 528 822 535 822 522 822 522 823 535 823 527 823 535 824 534 824 527 824 527 825 534 825 525 825 534 826 533 826 525 826 525 827 533 827 526 827 533 828 532 828 526 828 526 829 532 829 523 829 532 830 531 830 523 830 523 831 531 831 524 831 531 832 530 832 524 832 524 833 530 833 520 833 529 834 528 834 521 834 521 835 528 835 522 835 530 836 529 836 520 836 520 837 529 837 521 837 536 838 537 838 538 838 539 839 540 839 536 839 541 840 542 840 543 840 536 841 538 841 541 841 543 842 539 842 536 842 536 843 541 843 543 843 544 844 545 844 546 844 546 845 547 845 548 845 549 846 550 846 551 846 551 847 544 847 546 847 546 848 548 848 549 848 549 849 551 849 546 849 544 850 551 850 538 850 538 851 551 851 541 851 551 852 550 852 541 852 541 853 550 853 542 853 550 854 549 854 542 854 542 855 549 855 543 855 549 856 548 856 543 856 543 856 548 856 539 856 548 857 547 857 539 857 539 858 547 858 540 858 547 859 546 859 540 859 540 860 546 860 536 860 545 861 544 861 537 861 537 862 544 862 538 862 546 863 545 863 536 863 536 864 545 864 537 864 552 865 553 865 554 865 555 866 556 866 552 866 557 867 558 867 555 867 554 868 559 868 557 868 555 869 552 869 554 869 554 870 557 870 555 870 560 871 561 871 562 871 562 872 563 872 564 872 564 873 565 873 566 873 566 874 567 874 560 874 560 875 562 875 564 875 564 876 566 876 560 876 560 877 567 877 554 877 554 878 567 878 559 878 567 879 566 879 559 879 559 880 566 880 557 880 566 881 565 881 557 881 557 882 565 882 558 882 565 883 564 883 558 883 558 884 564 884 555 884 564 885 563 885 555 885 555 886 563 886 556 886 563 887 562 887 556 887 556 888 562 888 552 888 561 889 560 889 553 889 553 890 560 890 554 890 562 891 561 891 552 891 552 892 561 892 553 892 568 893 569 893 570 893 571 894 572 894 573 894 570 895 574 895 575 895 573 896 568 896 570 896 575 897 571 897 573 897 573 898 570 898 575 898 576 899 577 899 578 899 579 900 580 900 581 900 582 901 583 901 576 901 576 902 578 902 579 902 579 903 581 903 582 903 582 904 576 904 579 904 576 905 583 905 570 905 570 906 583 906 574 906 583 907 582 907 574 907 574 908 582 908 575 908 582 909 581 909 575 909 575 910 581 910 571 910 581 911 580 911 571 911 571 912 580 912 572 912 580 913 579 913 572 913 572 914 579 914 573 914 579 915 578 915 573 915 573 916 578 916 568 916 577 917 576 917 569 917 569 918 576 918 570 918 578 919 577 919 568 919 568 920 577 920 569 920 584 921 585 921 586 921 587 922 588 922 589 922 590 923 591 923 587 923 584 924 586 924 590 924 590 925 587 925 589 925 589 926 584 926 590 926 592 927 593 927 594 927 595 928 596 928 597 928 597 929 598 929 599 929 599 930 592 930 594 930 595 931 597 931 599 931 599 932 594 932 595 932 592 933 599 933 586 933 586 934 599 934 590 934 599 935 598 935 590 935 590 936 598 936 591 936 598 937 597 937 591 937 591 938 597 938 587 938 597 939 596 939 587 939 587 940 596 940 588 940 596 941 595 941 588 941 588 942 595 942 589 942 595 943 594 943 589 943 589 944 594 944 584 944 593 945 592 945 585 945 585 946 592 946 586 946 594 947 593 947 584 947 584 948 593 948 585 948 600 949 601 949 602 949 603 950 604 950 600 950 605 951 606 951 607 951 607 952 603 952 600 952 602 953 605 953 607 953 607 954 600 954 602 954 608 955 609 955 610 955 610 956 611 956 612 956 613 957 614 957 615 957 610 958 612 958 613 958 613 959 615 959 608 959 608 960 610 960 613 960 608 961 615 961 602 961 602 962 615 962 605 962 615 963 614 963 605 963 605 964 614 964 606 964 614 965 613 965 606 965 606 966 613 966 607 966 613 967 612 967 607 967 607 967 612 967 603 967 612 968 611 968 603 968 603 969 611 969 604 969 611 970 610 970 604 970 604 971 610 971 600 971 609 972 608 972 601 972 601 973 608 973 602 973 610 974 609 974 600 974 600 975 609 975 601 975 616 976 617 976 618 976 619 977 620 977 621 977 622 978 623 978 619 978 621 979 616 979 618 979 618 980 622 980 619 980 619 981 621 981 618 981 624 982 625 982 626 982 627 983 628 983 629 983 629 984 630 984 631 984 624 985 626 985 627 985 629 986 631 986 624 986 624 987 627 987 629 987 624 988 631 988 618 988 618 989 631 989 622 989 631 990 630 990 622 990 622 991 630 991 623 991 630 992 629 992 623 992 623 993 629 993 619 993 629 994 628 994 619 994 619 995 628 995 620 995 628 996 627 996 620 996 620 997 627 997 621 997 627 998 626 998 621 998 621 999 626 999 616 999 625 1000 624 1000 617 1000 617 1001 624 1001 618 1001 626 1002 625 1002 616 1002 616 1003 625 1003 617 1003 632 1004 633 1004 634 1004 635 1005 636 1005 632 1005 637 1006 638 1006 639 1006 632 1007 634 1007 637 1007 639 1008 635 1008 632 1008 632 1009 637 1009 639 1009 640 1010 641 1010 642 1010 642 1011 643 1011 644 1011 645 1012 646 1012 647 1012 647 1013 640 1013 642 1013 642 1014 644 1014 645 1014 645 1015 647 1015 642 1015 640 1016 647 1016 634 1016 634 1017 647 1017 637 1017 647 1018 646 1018 637 1018 637 1019 646 1019 638 1019 646 1020 645 1020 638 1020 638 1021 645 1021 639 1021 645 1022 644 1022 639 1022 639 1023 644 1023 635 1023 644 1024 643 1024 635 1024 635 1025 643 1025 636 1025 643 1026 642 1026 636 1026 636 1027 642 1027 632 1027 641 1028 640 1028 633 1028 633 1029 640 1029 634 1029 642 1030 641 1030 632 1030 632 1031 641 1031 633 1031 648 1032 649 1032 650 1032 651 1033 652 1033 648 1033 653 1034 654 1034 651 1034 648 1035 650 1035 655 1035 653 1036 651 1036 648 1036 648 1037 655 1037 653 1037 656 1038 657 1038 658 1038 658 1039 659 1039 660 1039 660 1040 661 1040 662 1040 663 1041 656 1041 658 1041 658 1042 660 1042 662 1042 662 1043 663 1043 658 1043 656 1044 663 1044 650 1044 650 1045 663 1045 655 1045 663 1046 662 1046 655 1046 655 1047 662 1047 653 1047 662 1048 661 1048 653 1048 653 1049 661 1049 654 1049 661 1050 660 1050 654 1050 654 1051 660 1051 651 1051 660 1052 659 1052 651 1052 651 1053 659 1053 652 1053 659 1054 658 1054 652 1054 652 1055 658 1055 648 1055 657 1056 656 1056 649 1056 649 1057 656 1057 650 1057 658 1058 657 1058 648 1058 648 1059 657 1059 649 1059 664 1060 665 1060 666 1060 667 1061 668 1061 664 1061 669 1062 670 1062 671 1062 666 1063 672 1063 673 1063 671 1064 667 1064 664 1064 673 1065 669 1065 671 1065 664 1066 666 1066 673 1066 673 1067 671 1067 664 1067 674 1068 675 1068 676 1068 676 1069 677 1069 678 1069 679 1070 680 1070 681 1070 682 1071 683 1071 674 1071 676 1072 678 1072 679 1072 679 1073 681 1073 682 1073 682 1074 674 1074 676 1074 676 1075 679 1075 682 1075 674 1076 683 1076 666 1076 666 1077 683 1077 672 1077 683 1078 682 1078 672 1078 672 1079 682 1079 673 1079 682 1080 681 1080 673 1080 673 1081 681 1081 669 1081 681 1082 680 1082 669 1082 669 1083 680 1083 670 1083 680 1084 679 1084 670 1084 670 1085 679 1085 671 1085 679 1086 678 1086 671 1086 671 1087 678 1087 667 1087 678 1088 677 1088 667 1088 667 1089 677 1089 668 1089 677 1090 676 1090 668 1090 668 1091 676 1091 664 1091 675 1092 674 1092 665 1092 665 1093 674 1093 666 1093 676 1094 675 1094 664 1094 664 1095 675 1095 665 1095 684 1096 685 1096 686 1096 687 1097 688 1097 684 1097 689 1098 690 1098 687 1098 691 1099 692 1099 693 1099 687 1097 684 1097 686 1097 693 1100 689 1100 687 1100 686 59 691 59 693 59 693 1101 687 1101 686 1101 694 1102 695 1102 696 1102 696 1103 697 1103 698 1103 698 1104 699 1104 700 1104 701 1105 702 1105 703 1105 694 1106 696 1106 698 1106 698 1107 700 1107 701 1107 701 1108 703 1108 694 1108 694 1109 698 1109 701 1109 694 1110 703 1110 686 1110 686 1111 703 1111 691 1111 703 1112 702 1112 691 1112 691 1112 702 1112 692 1112 702 1113 701 1113 692 1113 692 1114 701 1114 693 1114 701 1115 700 1115 693 1115 693 1116 700 1116 689 1116 700 1117 699 1117 689 1117 689 1118 699 1118 690 1118 699 1119 698 1119 690 1119 690 1120 698 1120 687 1120 698 1121 697 1121 687 1121 687 1122 697 1122 688 1122 697 1123 696 1123 688 1123 688 1124 696 1124 684 1124 695 1125 694 1125 685 1125 685 1126 694 1126 686 1126 696 1127 695 1127 684 1127 684 1128 695 1128 685 1128 704 1129 705 1129 706 1129 707 1130 708 1130 709 1130 710 1131 711 1131 712 1131 713 1132 714 1132 710 1132 704 1133 706 1133 715 1133 712 1134 707 1134 709 1134 713 1135 710 1135 712 1135 704 1136 715 1136 713 1136 713 1137 712 1137 709 1137 709 1138 704 1138 713 1138 716 1139 717 1139 718 1139 719 1140 720 1140 721 1140 722 1141 723 1141 724 1141 724 1142 725 1142 726 1142 727 1143 716 1143 718 1143 719 1144 721 1144 722 1144 722 1145 724 1145 726 1145 726 1146 727 1146 718 1146 719 1147 722 1147 726 1147 726 1148 718 1148 719 1148 716 1149 727 1149 706 1149 706 1150 727 1150 715 1150 727 1151 726 1151 715 1151 715 1152 726 1152 713 1152 726 1153 725 1153 713 1153 713 1154 725 1154 714 1154 725 1155 724 1155 714 1155 714 1156 724 1156 710 1156 724 1157 723 1157 710 1157 710 1158 723 1158 711 1158 723 1159 722 1159 711 1159 711 1160 722 1160 712 1160 722 1161 721 1161 712 1161 712 1162 721 1162 707 1162 721 1163 720 1163 707 1163 707 1164 720 1164 708 1164 720 1165 719 1165 708 1165 708 1166 719 1166 709 1166 719 1167 718 1167 709 1167 709 1168 718 1168 704 1168 717 1169 716 1169 705 1169 705 1170 716 1170 706 1170 718 1171 717 1171 704 1171 704 1172 717 1172 705 1172 728 1173 729 1173 730 1173 731 1174 732 1174 733 1174 734 1175 735 1175 736 1175 737 1176 738 1176 734 1176 733 1177 728 1177 730 1177 737 1178 734 1178 736 1178 731 1179 733 1179 730 1179 739 1180 737 1180 736 1180 731 1181 730 1181 739 1181 739 1182 736 1182 731 1182 740 1183 741 1183 742 1183 743 1184 744 1184 745 1184 746 1185 747 1185 748 1185 748 1186 749 1186 750 1186 740 1187 742 1187 743 1187 746 1188 748 1188 750 1188 740 144 743 144 745 144 746 1189 750 1189 751 1189 751 1190 740 1190 745 1190 745 1191 746 1191 751 1191 740 1192 751 1192 730 1192 730 1193 751 1193 739 1193 751 1194 750 1194 739 1194 739 1195 750 1195 737 1195 750 1196 749 1196 737 1196 737 1197 749 1197 738 1197 749 1198 748 1198 738 1198 738 1199 748 1199 734 1199 748 1200 747 1200 734 1200 734 1201 747 1201 735 1201 747 1202 746 1202 735 1202 735 1203 746 1203 736 1203 746 1204 745 1204 736 1204 736 1205 745 1205 731 1205 745 1206 744 1206 731 1206 731 1207 744 1207 732 1207 744 1208 743 1208 732 1208 732 1209 743 1209 733 1209 743 1210 742 1210 733 1210 733 1211 742 1211 728 1211 741 1212 740 1212 729 1212 729 1213 740 1213 730 1213 742 1214 741 1214 728 1214 728 1215 741 1215 729 1215 752 1216 753 1216 754 1216 755 1217 756 1217 752 1217 757 1218 758 1218 759 1218 760 1219 761 1219 762 1219 763 1220 764 1220 760 1220 765 1221 766 1221 767 1221 752 1222 754 1222 768 1222 769 1223 757 1223 759 1223 763 1224 760 1224 762 1224 770 1225 765 1225 767 1225 755 1226 752 1226 768 1226 769 1227 759 1227 755 1227 771 1228 763 1228 762 1228 770 1229 767 1229 771 1229 755 1230 768 1230 770 1230 771 1231 762 1231 769 1231 755 1232 770 1232 771 1232 771 1233 769 1233 755 1233 772 1234 773 1234 774 1234 774 1235 775 1235 776 1235 777 1236 778 1236 779 1236 780 1237 781 1237 782 1237 782 1238 783 1238 784 1238 785 1239 786 1239 787 1239 788 1240 772 1240 774 1240 777 1241 779 1241 789 1241 780 1242 782 1242 784 1242 785 1243 787 1243 790 1243 788 1244 774 1244 776 1244 776 1245 777 1245 789 1245 780 1246 784 1246 791 1246 791 1247 785 1247 790 1247 790 1248 788 1248 776 1248 789 1249 780 1249 791 1249 791 1250 790 1250 776 1250 776 1251 789 1251 791 1251 772 1252 788 1252 754 1252 754 1253 788 1253 768 1253 788 1254 790 1254 768 1254 768 1255 790 1255 770 1255 790 1256 787 1256 770 1256 770 1257 787 1257 765 1257 787 1258 786 1258 765 1258 765 1259 786 1259 766 1259 786 1260 785 1260 766 1260 766 1261 785 1261 767 1261 785 1262 791 1262 767 1262 767 1263 791 1263 771 1263 791 1264 784 1264 771 1264 771 1265 784 1265 763 1265 784 1266 783 1266 763 1266 763 1267 783 1267 764 1267 783 1268 782 1268 764 1268 764 1269 782 1269 760 1269 782 1270 781 1270 760 1270 760 1271 781 1271 761 1271 781 1272 780 1272 761 1272 761 1273 780 1273 762 1273 780 1274 789 1274 762 1274 762 1275 789 1275 769 1275 789 1276 779 1276 769 1276 769 1277 779 1277 757 1277 779 1278 778 1278 757 1278 757 1279 778 1279 758 1279 778 1280 777 1280 758 1280 758 1281 777 1281 759 1281 777 1282 776 1282 759 1282 759 1283 776 1283 755 1283 776 1284 775 1284 755 1284 755 1285 775 1285 756 1285 775 1286 774 1286 756 1286 756 1287 774 1287 752 1287 773 1288 772 1288 753 1288 753 1289 772 1289 754 1289 774 1290 773 1290 752 1290 752 1291 773 1291 753 1291 792 1292 793 1292 794 1292 792 1293 794 1293 795 1293 795 1294 794 1294 796 1294 795 1295 796 1295 797 1295 797 1296 796 1296 798 1296 797 1297 798 1297 799 1297 799 1298 798 1298 793 1298 799 1299 793 1299 792 1299 795 1300 797 1300 799 1300 795 1301 799 1301 792 1301 796 1302 794 1302 793 1302 796 1303 793 1303 798 1303 800 1304 801 1304 802 1304 800 1305 802 1305 803 1305 803 1306 802 1306 804 1306 803 1307 804 1307 805 1307 805 1308 804 1308 806 1308 805 1308 806 1308 807 1308 807 1298 806 1298 801 1298 807 1298 801 1298 800 1298 803 1309 805 1309 807 1309 803 1310 807 1310 800 1310 804 1311 802 1311 801 1311 804 1312 801 1312 806 1312 0 0 1 0 2 0 2 1 3 1 0 1 4 2 5 2 6 2 6 3 7 3 4 3 4 4 7 4 2 4 2 5 7 5 3 5 7 6 6 6 3 6 3 7 6 7 0 7 5 8 4 8 1 8 1 9 4 9 2 9 6 10 5 10 0 10 0 11 5 11 1 11 8 12 9 12 10 12 10 13 11 13 8 13 12 14 13 14 14 14 14 15 15 15 12 15 12 16 15 16 10 16 10 17 15 17 11 17 15 18 14 18 11 18 11 19 14 19 8 19 13 20 12 20 9 20 9 21 12 21 10 21 14 22 13 22 8 22 8 23 13 23 9 23 16 24 17 24 18 24 18 25 19 25 16 25 20 26 21 26 22 26 22 27 23 27 20 27 20 28 23 28 18 28 18 29 23 29 19 29 23 30 22 30 19 30 19 31 22 31 16 31 21 32 20 32 17 32 17 32 20 32 18 32 22 33 21 33 16 33 16 34 21 34 17 34 24 35 25 35 26 35 26 36 27 36 24 36 28 37 29 37 30 37 30 38 31 38 28 38 28 39 31 39 26 39 26 40 31 40 27 40 31 41 30 41 27 41 27 42 30 42 24 42 29 43 28 43 25 43 25 44 28 44 26 44 30 45 29 45 24 45 24 46 29 46 25 46 32 47 33 47 34 47 34 48 35 48 32 48 36 49 37 49 38 49 38 50 39 50 36 50 36 51 39 51 34 51 34 52 39 52 35 52 39 53 38 53 35 53 35 54 38 54 32 54 37 55 36 55 33 55 33 56 36 56 34 56 38 57 37 57 32 57 32 58 37 58 33 58 40 59 41 59 42 59 42 60 43 60 40 60 44 61 45 61 46 61 46 62 47 62 44 62 44 63 47 63 42 63 42 64 47 64 43 64 47 65 46 65 43 65 43 66 46 66 40 66 45 67 44 67 41 67 41 68 44 68 42 68 46 69 45 69 40 69 40 70 45 70 41 70 48 71 49 71 50 71 50 72 51 72 48 72 52 73 53 73 54 73 54 74 55 74 52 74 52 75 55 75 50 75 50 76 55 76 51 76 55 77 54 77 51 77 51 78 54 78 48 78 53 79 52 79 49 79 49 80 52 80 50 80 54 81 53 81 48 81 48 81 53 81 49 81 56 82 57 82 58 82 58 83 59 83 56 83 60 84 61 84 62 84 62 85 63 85 60 85 60 86 63 86 58 86 58 87 63 87 59 87 63 88 62 88 59 88 59 89 62 89 56 89 61 90 60 90 57 90 57 91 60 91 58 91 62 92 61 92 56 92 56 93 61 93 57 93 64 94 65 94 66 94 66 95 67 95 64 95 68 96 69 96 70 96 70 97 71 97 68 97 68 98 71 98 66 98 66 99 71 99 67 99 71 100 70 100 67 100 67 101 70 101 64 101 69 102 68 102 65 102 65 103 68 103 66 103 70 104 69 104 64 104 64 105 69 105 65 105 72 106 73 106 74 106 74 107 75 107 72 107 76 108 77 108 78 108 78 109 79 109 76 109 76 110 79 110 74 110 74 111 79 111 75 111 79 112 78 112 75 112 75 113 78 113 72 113 77 114 76 114 73 114 73 115 76 115 74 115 78 116 77 116 72 116 72 117 77 117 73 117 80 118 81 118 82 118 82 119 83 119 80 119 84 120 85 120 86 120 86 121 87 121 84 121 84 122 87 122 82 122 82 123 87 123 83 123 87 124 86 124 83 124 83 125 86 125 80 125 85 126 84 126 81 126 81 127 84 127 82 127 86 128 85 128 80 128 80 129 85 129 81 129 88 130 89 130 90 130 90 131 91 131 88 131 92 132 93 132 94 132 94 133 95 133 92 133 92 134 95 134 90 134 90 134 95 134 91 134 95 135 94 135 91 135 91 136 94 136 88 136 93 137 92 137 89 137 89 138 92 138 90 138 94 139 93 139 88 139 88 140 93 140 89 140 96 141 97 141 98 141 98 142 99 142 96 142 100 143 101 143 102 143 102 144 103 144 100 144 100 145 103 145 98 145 98 146 103 146 99 146 103 147 102 147 99 147 99 148 102 148 96 148 101 149 100 149 97 149 97 150 100 150 98 150 102 151 101 151 96 151 96 152 101 152 97 152 104 153 105 153 106 153 106 154 107 154 104 154 108 155 109 155 110 155 110 156 111 156 108 156 108 157 111 157 106 157 106 158 111 158 107 158 111 159 110 159 107 159 107 160 110 160 104 160 109 161 108 161 105 161 105 162 108 162 106 162 110 163 109 163 104 163 104 164 109 164 105 164 112 165 113 165 114 165 114 166 115 166 112 166 116 167 117 167 118 167 118 168 119 168 116 168 116 169 119 169 114 169 114 169 119 169 115 169 119 170 118 170 115 170 115 171 118 171 112 171 117 172 116 172 113 172 113 173 116 173 114 173 118 174 117 174 112 174 112 175 117 175 113 175 120 176 121 176 122 176 122 177 123 177 120 177 124 178 125 178 126 178 126 179 127 179 124 179 124 180 127 180 122 180 122 181 127 181 123 181 127 182 126 182 123 182 123 183 126 183 120 183 125 184 124 184 121 184 121 185 124 185 122 185 126 186 125 186 120 186 120 187 125 187 121 187 128 188 129 188 130 188 130 189 131 189 128 189 132 190 133 190 134 190 134 191 135 191 132 191 132 192 135 192 130 192 130 193 135 193 131 193 135 194 134 194 131 194 131 195 134 195 128 195 133 196 132 196 129 196 129 197 132 197 130 197 134 198 133 198 128 198 128 199 133 199 129 199 136 200 137 200 138 200 138 201 139 201 136 201 140 202 141 202 142 202 142 203 143 203 140 203 140 204 143 204 138 204 138 205 143 205 139 205 143 206 142 206 139 206 139 207 142 207 136 207 141 208 140 208 137 208 137 209 140 209 138 209 142 210 141 210 136 210 136 211 141 211 137 211 144 212 145 212 146 212 146 213 147 213 144 213 148 214 149 214 150 214 150 215 151 215 148 215 148 216 151 216 146 216 146 217 151 217 147 217 151 218 150 218 147 218 147 219 150 219 144 219 149 220 148 220 145 220 145 221 148 221 146 221 150 222 149 222 144 222 144 223 149 223 145 223 152 224 153 224 154 224 154 225 155 225 152 225 156 226 157 226 158 226 158 227 159 227 156 227 156 228 159 228 154 228 154 229 159 229 155 229 159 230 158 230 155 230 155 231 158 231 152 231 157 232 156 232 153 232 153 233 156 233 154 233 158 234 157 234 152 234 152 235 157 235 153 235 160 236 161 236 162 236 162 237 163 237 160 237 164 238 165 238 166 238 166 239 167 239 164 239 164 240 167 240 162 240 162 241 167 241 163 241 167 242 166 242 163 242 163 243 166 243 160 243 165 244 164 244 161 244 161 245 164 245 162 245 166 246 165 246 160 246 160 247 165 247 161 247 168 248 169 248 170 248 170 249 171 249 168 249 172 250 173 250 174 250 174 251 175 251 172 251 172 252 175 252 170 252 170 253 175 253 171 253 175 254 174 254 171 254 171 255 174 255 168 255 173 256 172 256 169 256 169 257 172 257 170 257 174 258 173 258 168 258 168 259 173 259 169 259 176 260 177 260 178 260 178 261 179 261 176 261 180 262 181 262 182 262 182 263 183 263 180 263 180 264 183 264 178 264 178 265 183 265 179 265 183 266 182 266 179 266 179 267 182 267 176 267 181 268 180 268 177 268 177 269 180 269 178 269 182 270 181 270 176 270 176 271 181 271 177 271 184 272 185 272 186 272 186 273 187 273 184 273 188 274 189 274 190 274 190 275 191 275 188 275 188 276 191 276 186 276 186 277 191 277 187 277 191 278 190 278 187 278 187 279 190 279 184 279 189 280 188 280 185 280 185 281 188 281 186 281 190 282 189 282 184 282 184 283 189 283 185 283 192 284 193 284 194 284 194 285 195 285 192 285 196 286 197 286 198 286 198 287 199 287 196 287 196 288 199 288 194 288 194 289 199 289 195 289 199 290 198 290 195 290 195 291 198 291 192 291 197 292 196 292 193 292 193 293 196 293 194 293 198 294 197 294 192 294 192 295 197 295 193 295 200 296 201 296 202 296 202 297 203 297 200 297 204 298 205 298 206 298 206 299 207 299 204 299 204 300 207 300 202 300 202 301 207 301 203 301 207 302 206 302 203 302 203 303 206 303 200 303 205 304 204 304 201 304 201 305 204 305 202 305 206 306 205 306 200 306 200 307 205 307 201 307 208 308 209 308 210 308 210 309 211 309 208 309 212 310 213 310 214 310 214 311 215 311 212 311 212 312 215 312 210 312 210 313 215 313 211 313 215 314 214 314 211 314 211 315 214 315 208 315 213 316 212 316 209 316 209 317 212 317 210 317 214 318 213 318 208 318 208 319 213 319 209 319 216 320 217 320 218 320 219 321 220 321 216 321 218 322 221 322 219 322 219 323 216 323 218 323 222 324 223 324 224 324 224 325 225 325 226 325 226 326 227 326 222 326 222 327 224 327 226 327 222 328 227 328 218 328 218 329 227 329 221 329 227 330 226 330 221 330 221 331 226 331 219 331 226 332 225 332 219 332 219 333 225 333 220 333 225 334 224 334 220 334 220 335 224 335 216 335 223 336 222 336 217 336 217 337 222 337 218 337 224 338 223 338 216 338 216 339 223 339 217 339 228 340 229 340 230 340 230 341 231 341 228 341 232 342 233 342 234 342 234 343 235 343 232 343 232 344 235 344 230 344 230 345 235 345 231 345 235 346 234 346 231 346 231 347 234 347 228 347 233 348 232 348 229 348 229 349 232 349 230 349 234 350 233 350 228 350 228 351 233 351 229 351 236 352 237 352 238 352 238 353 239 353 236 353 240 354 241 354 242 354 242 355 243 355 240 355 240 356 243 356 238 356 238 357 243 357 239 357 243 358 242 358 239 358 239 359 242 359 236 359 241 360 240 360 237 360 237 361 240 361 238 361 242 362 241 362 236 362 236 363 241 363 237 363 244 364 245 364 246 364 246 365 247 365 244 365 248 366 249 366 250 366 250 367 251 367 248 367 248 368 251 368 246 368 246 369 251 369 247 369 251 370 250 370 247 370 247 371 250 371 244 371 249 372 248 372 245 372 245 373 248 373 246 373 250 374 249 374 244 374 244 375 249 375 245 375 252 376 253 376 254 376 254 377 255 377 252 377 256 378 257 378 258 378 258 379 259 379 256 379 256 380 259 380 254 380 254 381 259 381 255 381 259 382 258 382 255 382 255 383 258 383 252 383 257 384 256 384 253 384 253 385 256 385 254 385 258 386 257 386 252 386 252 387 257 387 253 387 260 388 261 388 262 388 262 389 263 389 260 389 264 390 265 390 266 390 266 391 267 391 264 391 264 392 267 392 262 392 262 393 267 393 263 393 267 394 266 394 263 394 263 395 266 395 260 395 265 396 264 396 261 396 261 397 264 397 262 397 266 398 265 398 260 398 260 399 265 399 261 399 268 400 269 400 270 400 270 401 271 401 268 401 272 402 273 402 274 402 274 403 275 403 272 403 272 404 275 404 270 404 270 405 275 405 271 405 275 406 274 406 271 406 271 407 274 407 268 407 273 408 272 408 269 408 269 409 272 409 270 409 274 410 273 410 268 410 268 411 273 411 269 411 276 412 277 412 278 412 278 413 279 413 276 413 280 414 281 414 282 414 282 415 283 415 280 415 280 416 283 416 278 416 278 417 283 417 279 417 283 418 282 418 279 418 279 419 282 419 276 419 281 420 280 420 277 420 277 421 280 421 278 421 282 422 281 422 276 422 276 423 281 423 277 423 284 424 285 424 286 424 286 425 287 425 284 425 288 426 289 426 290 426 290 427 291 427 288 427 288 428 291 428 286 428 286 429 291 429 287 429 291 430 290 430 287 430 287 431 290 431 284 431 289 432 288 432 285 432 285 433 288 433 286 433 290 434 289 434 284 434 284 435 289 435 285 435 292 436 293 436 294 436 294 437 295 437 292 437 296 438 297 438 298 438 298 439 299 439 296 439 296 440 299 440 294 440 294 441 299 441 295 441 299 442 298 442 295 442 295 443 298 443 292 443 297 444 296 444 293 444 293 445 296 445 294 445 298 446 297 446 292 446 292 447 297 447 293 447 300 448 301 448 302 448 303 449 304 449 300 449 300 450 302 450 305 450 305 451 303 451 300 451 306 452 307 452 308 452 308 453 309 453 310 453 311 454 306 454 308 454 308 455 310 455 311 455 306 456 311 456 302 456 302 457 311 457 305 457 311 458 310 458 305 458 305 459 310 459 303 459 310 460 309 460 303 460 303 460 309 460 304 460 309 461 308 461 304 461 304 462 308 462 300 462 307 463 306 463 301 463 301 464 306 464 302 464 308 465 307 465 300 465 300 466 307 466 301 466 312 467 313 467 314 467 315 468 316 468 312 468 312 469 314 469 317 469 317 470 315 470 312 470 318 471 319 471 320 471 320 472 321 472 322 472 323 473 318 473 320 473 320 474 322 474 323 474 318 475 323 475 314 475 314 476 323 476 317 476 323 477 322 477 317 477 317 477 322 477 315 477 322 478 321 478 315 478 315 479 321 479 316 479 321 480 320 480 316 480 316 481 320 481 312 481 319 482 318 482 313 482 313 483 318 483 314 483 320 484 319 484 312 484 312 485 319 485 313 485 324 486 325 486 326 486 327 487 328 487 329 487 329 488 324 488 326 488 326 489 327 489 329 489 330 490 331 490 332 490 333 491 334 491 335 491 330 492 332 492 333 492 333 493 335 493 330 493 335 494 334 494 327 494 327 495 334 495 328 495 334 496 333 496 328 496 328 497 333 497 329 497 333 498 332 498 329 498 329 499 332 499 324 499 332 500 331 500 324 500 324 501 331 501 325 501 330 502 335 502 326 502 326 503 335 503 327 503 331 504 330 504 325 504 325 505 330 505 326 505 336 506 337 506 338 506 339 507 340 507 336 507 336 508 338 508 341 508 341 509 339 509 336 509 342 510 343 510 344 510 344 511 345 511 346 511 347 512 342 512 344 512 344 513 346 513 347 513 342 514 347 514 338 514 338 515 347 515 341 515 347 516 346 516 341 516 341 517 346 517 339 517 346 518 345 518 339 518 339 519 345 519 340 519 345 520 344 520 340 520 340 521 344 521 336 521 343 522 342 522 337 522 337 523 342 523 338 523 344 524 343 524 336 524 336 525 343 525 337 525 348 526 349 526 350 526 351 527 352 527 348 527 350 528 353 528 351 528 351 529 348 529 350 529 354 530 355 530 356 530 356 531 357 531 358 531 358 532 359 532 354 532 354 533 356 533 358 533 354 534 359 534 350 534 350 535 359 535 353 535 359 536 358 536 353 536 353 537 358 537 351 537 358 538 357 538 351 538 351 539 357 539 352 539 357 540 356 540 352 540 352 541 356 541 348 541 355 542 354 542 349 542 349 543 354 543 350 543 356 544 355 544 348 544 348 545 355 545 349 545 360 546 361 546 362 546 363 547 364 547 360 547 362 548 365 548 363 548 363 549 360 549 362 549 366 550 367 550 368 550 368 551 369 551 370 551 370 552 371 552 366 552 366 553 368 553 370 553 366 554 371 554 362 554 362 555 371 555 365 555 371 556 370 556 365 556 365 556 370 556 363 556 370 557 369 557 363 557 363 558 369 558 364 558 369 559 368 559 364 559 364 560 368 560 360 560 367 561 366 561 361 561 361 562 366 562 362 562 368 563 367 563 360 563 360 564 367 564 361 564 372 565 373 565 374 565 374 566 375 566 372 566 376 567 377 567 378 567 378 568 379 568 376 568 376 569 379 569 374 569 374 570 379 570 375 570 379 571 378 571 375 571 375 572 378 572 372 572 377 573 376 573 373 573 373 574 376 574 374 574 378 575 377 575 372 575 372 576 377 576 373 576 380 577 381 577 382 577 383 578 384 578 380 578 380 579 382 579 385 579 385 580 383 580 380 580 386 581 387 581 388 581 388 582 389 582 390 582 391 583 386 583 388 583 388 584 390 584 391 584 386 585 391 585 382 585 382 586 391 586 385 586 391 587 390 587 385 587 385 588 390 588 383 588 390 589 389 589 383 589 383 590 389 590 384 590 389 591 388 591 384 591 384 592 388 592 380 592 387 593 386 593 381 593 381 594 386 594 382 594 388 595 387 595 380 595 380 596 387 596 381 596 392 597 393 597 394 597 395 598 396 598 392 598 392 599 394 599 397 599 397 600 395 600 392 600 398 601 399 601 400 601 400 602 401 602 402 602 403 603 398 603 400 603 400 604 402 604 403 604 398 605 403 605 394 605 394 606 403 606 397 606 403 607 402 607 397 607 397 608 402 608 395 608 402 609 401 609 395 609 395 610 401 610 396 610 401 611 400 611 396 611 396 612 400 612 392 612 399 613 398 613 393 613 393 614 398 614 394 614 400 615 399 615 392 615 392 616 399 616 393 616 404 617 405 617 406 617 407 618 408 618 404 618 404 619 406 619 409 619 409 620 407 620 404 620 410 621 411 621 412 621 412 622 413 622 414 622 415 623 410 623 412 623 412 624 414 624 415 624 410 625 415 625 406 625 406 626 415 626 409 626 415 627 414 627 409 627 409 628 414 628 407 628 414 629 413 629 407 629 407 630 413 630 408 630 413 631 412 631 408 631 408 632 412 632 404 632 411 633 410 633 405 633 405 634 410 634 406 634 412 635 411 635 404 635 404 636 411 636 405 636 416 637 417 637 418 637 419 638 420 638 416 638 418 639 421 639 419 639 419 640 416 640 418 640 422 641 423 641 424 641 424 642 425 642 426 642 426 643 427 643 422 643 422 644 424 644 426 644 422 645 427 645 418 645 418 646 427 646 421 646 427 647 426 647 421 647 421 648 426 648 419 648 426 649 425 649 419 649 419 650 425 650 420 650 425 651 424 651 420 651 420 652 424 652 416 652 423 653 422 653 417 653 417 654 422 654 418 654 424 655 423 655 416 655 416 656 423 656 417 656 428 657 429 657 430 657 431 658 432 658 428 658 430 659 433 659 431 659 431 660 428 660 430 660 434 661 435 661 436 661 436 662 437 662 438 662 438 663 439 663 434 663 434 664 436 664 438 664 434 665 439 665 430 665 430 666 439 666 433 666 439 667 438 667 433 667 433 668 438 668 431 668 438 669 437 669 431 669 431 670 437 670 432 670 437 671 436 671 432 671 432 672 436 672 428 672 435 673 434 673 429 673 429 674 434 674 430 674 436 675 435 675 428 675 428 676 435 676 429 676 440 677 441 677 442 677 443 678 444 678 440 678 440 679 442 679 445 679 445 680 443 680 440 680 446 681 447 681 448 681 448 682 449 682 450 682 451 683 446 683 448 683 448 684 450 684 451 684 446 685 451 685 442 685 442 686 451 686 445 686 451 687 450 687 445 687 445 688 450 688 443 688 450 689 449 689 443 689 443 690 449 690 444 690 449 691 448 691 444 691 444 692 448 692 440 692 447 693 446 693 441 693 441 694 446 694 442 694 448 695 447 695 440 695 440 696 447 696 441 696 452 697 453 697 454 697 455 698 456 698 452 698 454 699 457 699 455 699 455 700 452 700 454 700 458 701 459 701 460 701 460 702 461 702 462 702 462 703 463 703 458 703 458 704 460 704 462 704 458 705 463 705 454 705 454 706 463 706 457 706 463 707 462 707 457 707 457 708 462 708 455 708 462 709 461 709 455 709 455 710 461 710 456 710 461 711 460 711 456 711 456 712 460 712 452 712 459 713 458 713 453 713 453 714 458 714 454 714 460 715 459 715 452 715 452 716 459 716 453 716 464 717 465 717 466 717 467 718 468 718 464 718 466 719 469 719 467 719 467 720 464 720 466 720 470 721 471 721 472 721 472 722 473 722 474 722 474 723 475 723 470 723 470 724 472 724 474 724 470 725 475 725 466 725 466 726 475 726 469 726 475 727 474 727 469 727 469 728 474 728 467 728 474 729 473 729 467 729 467 730 473 730 468 730 473 731 472 731 468 731 468 732 472 732 464 732 471 733 470 733 465 733 465 733 470 733 466 733 472 734 471 734 464 734 464 735 471 735 465 735 476 736 477 736 478 736 479 737 480 737 481 737 481 738 476 738 478 738 478 739 479 739 481 739 482 740 483 740 484 740 485 741 486 741 487 741 482 742 484 742 485 742 485 743 487 743 482 743 482 744 487 744 478 744 478 745 487 745 479 745 487 746 486 746 479 746 479 747 486 747 480 747 486 748 485 748 480 748 480 749 485 749 481 749 485 750 484 750 481 750 481 751 484 751 476 751 483 752 482 752 477 752 477 753 482 753 478 753 484 754 483 754 476 754 476 755 483 755 477 755 488 756 489 756 490 756 491 757 492 757 488 757 493 758 494 758 491 758 495 759 496 759 497 759 488 760 490 760 495 760 497 761 493 761 491 761 488 762 495 762 497 762 497 763 491 763 488 763 498 764 499 764 500 764 500 765 501 765 502 765 502 766 503 766 504 766 505 767 506 767 507 767 507 768 498 768 500 768 502 769 504 769 505 769 505 770 507 770 500 770 500 771 502 771 505 771 498 772 507 772 490 772 490 773 507 773 495 773 507 774 506 774 495 774 495 775 506 775 496 775 506 776 505 776 496 776 496 777 505 777 497 777 505 778 504 778 497 778 497 779 504 779 493 779 504 780 503 780 493 780 493 781 503 781 494 781 503 782 502 782 494 782 494 783 502 783 491 783 502 784 501 784 491 784 491 785 501 785 492 785 501 786 500 786 492 786 492 787 500 787 488 787 499 788 498 788 489 788 489 789 498 789 490 789 500 790 499 790 488 790 488 791 499 791 489 791 508 792 509 792 510 792 511 793 512 793 508 793 510 794 513 794 511 794 511 795 508 795 510 795 514 796 515 796 516 796 516 797 517 797 518 797 518 798 519 798 514 798 514 799 516 799 518 799 514 800 519 800 510 800 510 801 519 801 513 801 519 802 518 802 513 802 513 802 518 802 511 802 518 803 517 803 511 803 511 804 517 804 512 804 517 805 516 805 512 805 512 805 516 805 508 805 515 806 514 806 509 806 509 807 514 807 510 807 516 808 515 808 508 808 508 809 515 809 509 809 520 810 521 810 522 810 523 811 524 811 520 811 525 812 526 812 523 812 520 813 522 813 527 813 525 814 523 814 520 814 520 815 527 815 525 815 528 816 529 816 530 816 530 817 531 817 532 817 532 818 533 818 534 818 535 819 528 819 530 819 530 820 532 820 534 820 534 821 535 821 530 821 528 822 535 822 522 822 522 823 535 823 527 823 535 824 534 824 527 824 527 825 534 825 525 825 534 826 533 826 525 826 525 827 533 827 526 827 533 828 532 828 526 828 526 829 532 829 523 829 532 830 531 830 523 830 523 831 531 831 524 831 531 832 530 832 524 832 524 833 530 833 520 833 529 834 528 834 521 834 521 835 528 835 522 835 530 836 529 836 520 836 520 837 529 837 521 837 536 838 537 838 538 838 539 839 540 839 536 839 541 840 542 840 543 840 536 841 538 841 541 841 543 842 539 842 536 842 536 843 541 843 543 843 544 844 545 844 546 844 546 845 547 845 548 845 549 846 550 846 551 846 551 847 544 847 546 847 546 848 548 848 549 848 549 849 551 849 546 849 544 850 551 850 538 850 538 851 551 851 541 851 551 852 550 852 541 852 541 853 550 853 542 853 550 854 549 854 542 854 542 855 549 855 543 855 549 856 548 856 543 856 543 856 548 856 539 856 548 857 547 857 539 857 539 858 547 858 540 858 547 859 546 859 540 859 540 860 546 860 536 860 545 861 544 861 537 861 537 862 544 862 538 862 546 863 545 863 536 863 536 864 545 864 537 864 552 865 553 865 554 865 555 866 556 866 552 866 557 867 558 867 555 867 554 868 559 868 557 868 555 869 552 869 554 869 554 870 557 870 555 870 560 871 561 871 562 871 562 872 563 872 564 872 564 873 565 873 566 873 566 874 567 874 560 874 560 875 562 875 564 875 564 876 566 876 560 876 560 877 567 877 554 877 554 878 567 878 559 878 567 879 566 879 559 879 559 880 566 880 557 880 566 881 565 881 557 881 557 882 565 882 558 882 565 883 564 883 558 883 558 884 564 884 555 884 564 885 563 885 555 885 555 886 563 886 556 886 563 887 562 887 556 887 556 888 562 888 552 888 561 889 560 889 553 889 553 890 560 890 554 890 562 891 561 891 552 891 552 892 561 892 553 892 568 893 569 893 570 893 571 894 572 894 573 894 570 895 574 895 575 895 573 896 568 896 570 896 575 897 571 897 573 897 573 898 570 898 575 898 576 899 577 899 578 899 579 900 580 900 581 900 582 901 583 901 576 901 576 902 578 902 579 902 579 903 581 903 582 903 582 904 576 904 579 904 576 905 583 905 570 905 570 906 583 906 574 906 583 907 582 907 574 907 574 908 582 908 575 908 582 909 581 909 575 909 575 910 581 910 571 910 581 911 580 911 571 911 571 912 580 912 572 912 580 913 579 913 572 913 572 914 579 914 573 914 579 915 578 915 573 915 573 916 578 916 568 916 577 917 576 917 569 917 569 918 576 918 570 918 578 919 577 919 568 919 568 920 577 920 569 920 584 921 585 921 586 921 587 922 588 922 589 922 590 923 591 923 587 923 584 924 586 924 590 924 590 925 587 925 589 925 589 926 584 926 590 926 592 927 593 927 594 927 595 928 596 928 597 928 597 929 598 929 599 929 599 930 592 930 594 930 595 931 597 931 599 931 599 932 594 932 595 932 592 933 599 933 586 933 586 934 599 934 590 934 599 935 598 935 590 935 590 936 598 936 591 936 598 937 597 937 591 937 591 938 597 938 587 938 597 939 596 939 587 939 587 940 596 940 588 940 596 941 595 941 588 941 588 942 595 942 589 942 595 943 594 943 589 943 589 944 594 944 584 944 593 945 592 945 585 945 585 946 592 946 586 946 594 947 593 947 584 947 584 948 593 948 585 948 600 949 601 949 602 949 603 950 604 950 600 950 605 951 606 951 607 951 607 952 603 952 600 952 602 953 605 953 607 953 607 954 600 954 602 954 608 955 609 955 610 955 610 956 611 956 612 956 613 957 614 957 615 957 610 958 612 958 613 958 613 959 615 959 608 959 608 960 610 960 613 960 608 961 615 961 602 961 602 962 615 962 605 962 615 963 614 963 605 963 605 964 614 964 606 964 614 965 613 965 606 965 606 966 613 966 607 966 613 967 612 967 607 967 607 967 612 967 603 967 612 968 611 968 603 968 603 969 611 969 604 969 611 970 610 970 604 970 604 971 610 971 600 971 609 972 608 972 601 972 601 973 608 973 602 973 610 974 609 974 600 974 600 975 609 975 601 975 616 976 617 976 618 976 619 977 620 977 621 977 622 978 623 978 619 978 621 979 616 979 618 979 618 980 622 980 619 980 619 981 621 981 618 981 624 982 625 982 626 982 627 983 628 983 629 983 629 984 630 984 631 984 624 985 626 985 627 985 629 986 631 986 624 986 624 987 627 987 629 987 624 988 631 988 618 988 618 989 631 989 622 989 631 990 630 990 622 990 622 991 630 991 623 991 630 992 629 992 623 992 623 993 629 993 619 993 629 994 628 994 619 994 619 995 628 995 620 995 628 996 627 996 620 996 620 997 627 997 621 997 627 998 626 998 621 998 621 999 626 999 616 999 625 1000 624 1000 617 1000 617 1001 624 1001 618 1001 626 1002 625 1002 616 1002 616 1003 625 1003 617 1003 632 1004 633 1004 634 1004 635 1005 636 1005 632 1005 637 1006 638 1006 639 1006 632 1007 634 1007 637 1007 639 1008 635 1008 632 1008 632 1009 637 1009 639 1009 640 1010 641 1010 642 1010 642 1011 643 1011 644 1011 645 1012 646 1012 647 1012 647 1013 640 1013 642 1013 642 1014 644 1014 645 1014 645 1015 647 1015 642 1015 640 1016 647 1016 634 1016 634 1017 647 1017 637 1017 647 1018 646 1018 637 1018 637 1019 646 1019 638 1019 646 1020 645 1020 638 1020 638 1021 645 1021 639 1021 645 1022 644 1022 639 1022 639 1023 644 1023 635 1023 644 1024 643 1024 635 1024 635 1025 643 1025 636 1025 643 1026 642 1026 636 1026 636 1027 642 1027 632 1027 641 1028 640 1028 633 1028 633 1029 640 1029 634 1029 642 1030 641 1030 632 1030 632 1031 641 1031 633 1031 648 1032 649 1032 650 1032 651 1033 652 1033 648 1033 653 1034 654 1034 651 1034 648 1035 650 1035 655 1035 653 1036 651 1036 648 1036 648 1037 655 1037 653 1037 656 1038 657 1038 658 1038 658 1039 659 1039 660 1039 660 1040 661 1040 662 1040 663 1041 656 1041 658 1041 658 1042 660 1042 662 1042 662 1043 663 1043 658 1043 656 1044 663 1044 650 1044 650 1045 663 1045 655 1045 663 1046 662 1046 655 1046 655 1047 662 1047 653 1047 662 1048 661 1048 653 1048 653 1049 661 1049 654 1049 661 1050 660 1050 654 1050 654 1051 660 1051 651 1051 660 1052 659 1052 651 1052 651 1053 659 1053 652 1053 659 1054 658 1054 652 1054 652 1055 658 1055 648 1055 657 1056 656 1056 649 1056 649 1057 656 1057 650 1057 658 1058 657 1058 648 1058 648 1059 657 1059 649 1059 664 1060 665 1060 666 1060 667 1061 668 1061 664 1061 669 1062 670 1062 671 1062 666 1063 672 1063 673 1063 671 1064 667 1064 664 1064 673 1065 669 1065 671 1065 664 1066 666 1066 673 1066 673 1067 671 1067 664 1067 674 1068 675 1068 676 1068 676 1069 677 1069 678 1069 679 1070 680 1070 681 1070 682 1071 683 1071 674 1071 676 1072 678 1072 679 1072 679 1073 681 1073 682 1073 682 1074 674 1074 676 1074 676 1075 679 1075 682 1075 674 1076 683 1076 666 1076 666 1077 683 1077 672 1077 683 1078 682 1078 672 1078 672 1079 682 1079 673 1079 682 1080 681 1080 673 1080 673 1081 681 1081 669 1081 681 1082 680 1082 669 1082 669 1083 680 1083 670 1083 680 1084 679 1084 670 1084 670 1085 679 1085 671 1085 679 1086 678 1086 671 1086 671 1087 678 1087 667 1087 678 1088 677 1088 667 1088 667 1089 677 1089 668 1089 677 1090 676 1090 668 1090 668 1091 676 1091 664 1091 675 1092 674 1092 665 1092 665 1093 674 1093 666 1093 676 1094 675 1094 664 1094 664 1095 675 1095 665 1095 684 1096 685 1096 686 1096 687 1097 688 1097 684 1097 689 1098 690 1098 687 1098 691 1099 692 1099 693 1099 687 1097 684 1097 686 1097 693 1100 689 1100 687 1100 686 59 691 59 693 59 693 1101 687 1101 686 1101 694 1102 695 1102 696 1102 696 1103 697 1103 698 1103 698 1104 699 1104 700 1104 701 1105 702 1105 703 1105 694 1106 696 1106 698 1106 698 1107 700 1107 701 1107 701 1108 703 1108 694 1108 694 1109 698 1109 701 1109 694 1110 703 1110 686 1110 686 1111 703 1111 691 1111 703 1112 702 1112 691 1112 691 1112 702 1112 692 1112 702 1113 701 1113 692 1113 692 1114 701 1114 693 1114 701 1115 700 1115 693 1115 693 1116 700 1116 689 1116 700 1117 699 1117 689 1117 689 1118 699 1118 690 1118 699 1119 698 1119 690 1119 690 1120 698 1120 687 1120 698 1121 697 1121 687 1121 687 1122 697 1122 688 1122 697 1123 696 1123 688 1123 688 1124 696 1124 684 1124 695 1125 694 1125 685 1125 685 1126 694 1126 686 1126 696 1127 695 1127 684 1127 684 1128 695 1128 685 1128 704 1129 705 1129 706 1129 707 1130 708 1130 709 1130 710 1131 711 1131 712 1131 713 1132 714 1132 710 1132 704 1133 706 1133 715 1133 712 1134 707 1134 709 1134 713 1135 710 1135 712 1135 704 1136 715 1136 713 1136 713 1137 712 1137 709 1137 709 1138 704 1138 713 1138 716 1139 717 1139 718 1139 719 1140 720 1140 721 1140 722 1141 723 1141 724 1141 724 1142 725 1142 726 1142 727 1143 716 1143 718 1143 719 1144 721 1144 722 1144 722 1145 724 1145 726 1145 726 1146 727 1146 718 1146 719 1147 722 1147 726 1147 726 1148 718 1148 719 1148 716 1149 727 1149 706 1149 706 1150 727 1150 715 1150 727 1151 726 1151 715 1151 715 1152 726 1152 713 1152 726 1153 725 1153 713 1153 713 1154 725 1154 714 1154 725 1155 724 1155 714 1155 714 1156 724 1156 710 1156 724 1157 723 1157 710 1157 710 1158 723 1158 711 1158 723 1159 722 1159 711 1159 711 1160 722 1160 712 1160 722 1161 721 1161 712 1161 712 1162 721 1162 707 1162 721 1163 720 1163 707 1163 707 1164 720 1164 708 1164 720 1165 719 1165 708 1165 708 1166 719 1166 709 1166 719 1167 718 1167 709 1167 709 1168 718 1168 704 1168 717 1169 716 1169 705 1169 705 1170 716 1170 706 1170 718 1171 717 1171 704 1171 704 1172 717 1172 705 1172 728 1173 729 1173 730 1173 731 1174 732 1174 733 1174 734 1175 735 1175 736 1175 737 1176 738 1176 734 1176 733 1177 728 1177 730 1177 737 1178 734 1178 736 1178 731 1179 733 1179 730 1179 739 1180 737 1180 736 1180 731 1181 730 1181 739 1181 739 1182 736 1182 731 1182 740 1183 741 1183 742 1183 743 1184 744 1184 745 1184 746 1185 747 1185 748 1185 748 1186 749 1186 750 1186 740 1187 742 1187 743 1187 746 1188 748 1188 750 1188 740 144 743 144 745 144 746 1189 750 1189 751 1189 751 1190 740 1190 745 1190 745 1191 746 1191 751 1191 740 1192 751 1192 730 1192 730 1193 751 1193 739 1193 751 1194 750 1194 739 1194 739 1195 750 1195 737 1195 750 1196 749 1196 737 1196 737 1197 749 1197 738 1197 749 1198 748 1198 738 1198 738 1199 748 1199 734 1199 748 1200 747 1200 734 1200 734 1201 747 1201 735 1201 747 1202 746 1202 735 1202 735 1203 746 1203 736 1203 746 1204 745 1204 736 1204 736 1205 745 1205 731 1205 745 1206 744 1206 731 1206 731 1207 744 1207 732 1207 744 1208 743 1208 732 1208 732 1209 743 1209 733 1209 743 1210 742 1210 733 1210 733 1211 742 1211 728 1211 741 1212 740 1212 729 1212 729 1213 740 1213 730 1213 742 1214 741 1214 728 1214 728 1215 741 1215 729 1215 752 1216 753 1216 754 1216 755 1217 756 1217 752 1217 757 1218 758 1218 759 1218 760 1219 761 1219 762 1219 763 1220 764 1220 760 1220 765 1221 766 1221 767 1221 752 1222 754 1222 768 1222 769 1223 757 1223 759 1223 763 1224 760 1224 762 1224 770 1225 765 1225 767 1225 755 1226 752 1226 768 1226 769 1227 759 1227 755 1227 771 1228 763 1228 762 1228 770 1229 767 1229 771 1229 755 1230 768 1230 770 1230 771 1231 762 1231 769 1231 755 1232 770 1232 771 1232 771 1233 769 1233 755 1233 772 1234 773 1234 774 1234 774 1235 775 1235 776 1235 777 1236 778 1236 779 1236 780 1237 781 1237 782 1237 782 1238 783 1238 784 1238 785 1239 786 1239 787 1239 788 1240 772 1240 774 1240 777 1241 779 1241 789 1241 780 1242 782 1242 784 1242 785 1243 787 1243 790 1243 788 1244 774 1244 776 1244 776 1245 777 1245 789 1245 780 1246 784 1246 791 1246 791 1247 785 1247 790 1247 790 1248 788 1248 776 1248 789 1249 780 1249 791 1249 791 1250 790 1250 776 1250 776 1251 789 1251 791 1251 772 1252 788 1252 754 1252 754 1253 788 1253 768 1253 788 1254 790 1254 768 1254 768 1255 790 1255 770 1255 790 1256 787 1256 770 1256 770 1257 787 1257 765 1257 787 1258 786 1258 765 1258 765 1259 786 1259 766 1259 786 1260 785 1260 766 1260 766 1261 785 1261 767 1261 785 1262 791 1262 767 1262 767 1263 791 1263 771 1263 791 1264 784 1264 771 1264 771 1265 784 1265 763 1265 784 1266 783 1266 763 1266 763 1267 783 1267 764 1267 783 1268 782 1268 764 1268 764 1269 782 1269 760 1269 782 1270 781 1270 760 1270 760 1271 781 1271 761 1271 781 1272 780 1272 761 1272 761 1273 780 1273 762 1273 780 1274 789 1274 762 1274 762 1275 789 1275 769 1275 789 1276 779 1276 769 1276 769 1277 779 1277 757 1277 779 1278 778 1278 757 1278 757 1279 778 1279 758 1279 778 1280 777 1280 758 1280 758 1281 777 1281 759 1281 777 1282 776 1282 759 1282 759 1283 776 1283 755 1283 776 1284 775 1284 755 1284 755 1285 775 1285 756 1285 775 1286 774 1286 756 1286 756 1287 774 1287 752 1287 773 1288 772 1288 753 1288 753 1289 772 1289 754 1289 774 1290 773 1290 752 1290 752 1291 773 1291 753 1291</p>
        </triangles>
      </mesh>
    </geometry>
  </library_geometries>
  <library_visual_scenes>
    <visual_scene id="DefaultScene">
      <node id="node_11f91f2f_32df_4832_8032_b651a05b5a4e" type="NODE">
        <matrix>1 0 0 0 0 1 0 0 0 0 1 0 0 0 0 1</matrix>
        <node id="node_bb4165f6_9e2e_48a6_bfed_f965bf0523e5" type="NODE">
          <matrix>1 0 0 0 0 1 0 0 0 0 1 0 0 0 0 1</matrix>
          <node id="node_bb4165f6_9e2e_48a6_bfed_f965bf0523e5_mesh0" type="NODE">
            <matrix>1 0 0 0 0 1 0 0 0 0 1 0 0 0 0 1</matrix>
            <instance_geometry url="#geometry_8165dd21_0ecf_44cb_a0d2_2719fb52dce0">
              <bind_material>
                <technique_common>
                  <instance_material symbol="mat_0" target="#mat_0"/>
                </technique_common>
              </bind_material>
            </instance_geometry>
          </node>
        </node>
      </node>
    </visual_scene>
  </library_visual_scenes>
  <scene>
    <instance_visual_scene url="#DefaultScene"/>
  </scene>
</COLLADA>
